algo_key,algo_name,community_id,node
COBS,Crisp→Overlap (Boundary Similarity),1,ABF1
COBS,Crisp→Overlap (Boundary Similarity),1,ACT1
COBS,Crisp→Overlap (Boundary Similarity),1,ADA2
COBS,Crisp→Overlap (Boundary Similarity),1,AHC1
COBS,Crisp→Overlap (Boundary Similarity),1,AME1
COBS,Crisp→Overlap (Boundary Similarity),1,AOS1
COBS,Crisp→Overlap (Boundary Similarity),1,APC1
COBS,Crisp→Overlap (Boundary Similarity),1,APC11
COBS,Crisp→Overlap (Boundary Similarity),1,APC2
COBS,Crisp→Overlap (Boundary Similarity),1,APC4
COBS,Crisp→Overlap (Boundary Similarity),1,APC5
COBS,Crisp→Overlap (Boundary Similarity),1,APC9
COBS,Crisp→Overlap (Boundary Similarity),1,APL1
COBS,Crisp→Overlap (Boundary Similarity),1,APL2
COBS,Crisp→Overlap (Boundary Similarity),1,APL3
COBS,Crisp→Overlap (Boundary Similarity),1,APL4
COBS,Crisp→Overlap (Boundary Similarity),1,APL5
COBS,Crisp→Overlap (Boundary Similarity),1,APL6
COBS,Crisp→Overlap (Boundary Similarity),1,APM1
COBS,Crisp→Overlap (Boundary Similarity),1,APM2
COBS,Crisp→Overlap (Boundary Similarity),1,APM3
COBS,Crisp→Overlap (Boundary Similarity),1,APM4
COBS,Crisp→Overlap (Boundary Similarity),1,APS1
COBS,Crisp→Overlap (Boundary Similarity),1,APS2
COBS,Crisp→Overlap (Boundary Similarity),1,APS3
COBS,Crisp→Overlap (Boundary Similarity),1,ARC15
COBS,Crisp→Overlap (Boundary Similarity),1,ARC18
COBS,Crisp→Overlap (Boundary Similarity),1,ARC19
COBS,Crisp→Overlap (Boundary Similarity),1,ARC35
COBS,Crisp→Overlap (Boundary Similarity),1,ARC40
COBS,Crisp→Overlap (Boundary Similarity),1,ARF1
COBS,Crisp→Overlap (Boundary Similarity),1,ARG80
COBS,Crisp→Overlap (Boundary Similarity),1,ARG81
COBS,Crisp→Overlap (Boundary Similarity),1,ARG82
COBS,Crisp→Overlap (Boundary Similarity),1,ARP1
COBS,Crisp→Overlap (Boundary Similarity),1,ARP10
COBS,Crisp→Overlap (Boundary Similarity),1,ARP2
COBS,Crisp→Overlap (Boundary Similarity),1,ARP3
COBS,Crisp→Overlap (Boundary Similarity),1,ARP4
COBS,Crisp→Overlap (Boundary Similarity),1,ARP5
COBS,Crisp→Overlap (Boundary Similarity),1,ARP6
COBS,Crisp→Overlap (Boundary Similarity),1,ARP7
COBS,Crisp→Overlap (Boundary Similarity),1,ARP8
COBS,Crisp→Overlap (Boundary Similarity),1,ARP9
COBS,Crisp→Overlap (Boundary Similarity),1,ASF1
COBS,Crisp→Overlap (Boundary Similarity),1,ASK1
COBS,Crisp→Overlap (Boundary Similarity),1,BBP1
COBS,Crisp→Overlap (Boundary Similarity),1,BDP1
COBS,Crisp→Overlap (Boundary Similarity),1,BET2
COBS,Crisp→Overlap (Boundary Similarity),1,BET4
COBS,Crisp→Overlap (Boundary Similarity),1,BFA1
COBS,Crisp→Overlap (Boundary Similarity),1,BIR1
COBS,Crisp→Overlap (Boundary Similarity),1,BRE1
COBS,Crisp→Overlap (Boundary Similarity),1,BRE2
COBS,Crisp→Overlap (Boundary Similarity),1,BRF1
COBS,Crisp→Overlap (Boundary Similarity),1,BRN1
COBS,Crisp→Overlap (Boundary Similarity),1,BUB1
COBS,Crisp→Overlap (Boundary Similarity),1,BUB2
COBS,Crisp→Overlap (Boundary Similarity),1,BUB3
COBS,Crisp→Overlap (Boundary Similarity),1,BUD14
COBS,Crisp→Overlap (Boundary Similarity),1,BUD6
COBS,Crisp→Overlap (Boundary Similarity),1,BUR2
COBS,Crisp→Overlap (Boundary Similarity),1,BUR6
COBS,Crisp→Overlap (Boundary Similarity),1,CAC2
COBS,Crisp→Overlap (Boundary Similarity),1,CBF1
COBS,Crisp→Overlap (Boundary Similarity),1,CBF2
COBS,Crisp→Overlap (Boundary Similarity),1,CCL1
COBS,Crisp→Overlap (Boundary Similarity),1,CCZ1
COBS,Crisp→Overlap (Boundary Similarity),1,CDC14
COBS,Crisp→Overlap (Boundary Similarity),1,CDC16
COBS,Crisp→Overlap (Boundary Similarity),1,CDC20
COBS,Crisp→Overlap (Boundary Similarity),1,CDC23
COBS,Crisp→Overlap (Boundary Similarity),1,CDC24
COBS,Crisp→Overlap (Boundary Similarity),1,CDC26
COBS,Crisp→Overlap (Boundary Similarity),1,CDC27
COBS,Crisp→Overlap (Boundary Similarity),1,CDC28
COBS,Crisp→Overlap (Boundary Similarity),1,CDC34
COBS,Crisp→Overlap (Boundary Similarity),1,CDC4
COBS,Crisp→Overlap (Boundary Similarity),1,CDC42
COBS,Crisp→Overlap (Boundary Similarity),1,CDC48
COBS,Crisp→Overlap (Boundary Similarity),1,CDC53
COBS,Crisp→Overlap (Boundary Similarity),1,CDC55
COBS,Crisp→Overlap (Boundary Similarity),1,CDC7
COBS,Crisp→Overlap (Boundary Similarity),1,CDC73
COBS,Crisp→Overlap (Boundary Similarity),1,CDH1
COBS,Crisp→Overlap (Boundary Similarity),1,CEG1
COBS,Crisp→Overlap (Boundary Similarity),1,CEP3
COBS,Crisp→Overlap (Boundary Similarity),1,CET1
COBS,Crisp→Overlap (Boundary Similarity),1,CHC1
COBS,Crisp→Overlap (Boundary Similarity),1,CHD1
COBS,Crisp→Overlap (Boundary Similarity),1,CHZ1
COBS,Crisp→Overlap (Boundary Similarity),1,CLB1
COBS,Crisp→Overlap (Boundary Similarity),1,CLB2
COBS,Crisp→Overlap (Boundary Similarity),1,CLB3
COBS,Crisp→Overlap (Boundary Similarity),1,CLB4
COBS,Crisp→Overlap (Boundary Similarity),1,CLB5
COBS,Crisp→Overlap (Boundary Similarity),1,CLB6
COBS,Crisp→Overlap (Boundary Similarity),1,CLC1
COBS,Crisp→Overlap (Boundary Similarity),1,CLN1
COBS,Crisp→Overlap (Boundary Similarity),1,CLN2
COBS,Crisp→Overlap (Boundary Similarity),1,CLN3
COBS,Crisp→Overlap (Boundary Similarity),1,CMD1
COBS,Crisp→Overlap (Boundary Similarity),1,CMP2
COBS,Crisp→Overlap (Boundary Similarity),1,CNA1
COBS,Crisp→Overlap (Boundary Similarity),1,CNB1
COBS,Crisp→Overlap (Boundary Similarity),1,CNM67
COBS,Crisp→Overlap (Boundary Similarity),1,COP1
COBS,Crisp→Overlap (Boundary Similarity),1,CSE2
COBS,Crisp→Overlap (Boundary Similarity),1,CSM1
COBS,Crisp→Overlap (Boundary Similarity),1,CSM3
COBS,Crisp→Overlap (Boundary Similarity),1,CTF13
COBS,Crisp→Overlap (Boundary Similarity),1,CTF18
COBS,Crisp→Overlap (Boundary Similarity),1,CTF19
COBS,Crisp→Overlap (Boundary Similarity),1,CTF3
COBS,Crisp→Overlap (Boundary Similarity),1,CTF8
COBS,Crisp→Overlap (Boundary Similarity),1,CTK1
COBS,Crisp→Overlap (Boundary Similarity),1,CTK2
COBS,Crisp→Overlap (Boundary Similarity),1,CTK3
COBS,Crisp→Overlap (Boundary Similarity),1,CTR9
COBS,Crisp→Overlap (Boundary Similarity),1,CUL3
COBS,Crisp→Overlap (Boundary Similarity),1,CYR1
COBS,Crisp→Overlap (Boundary Similarity),1,DBF2
COBS,Crisp→Overlap (Boundary Similarity),1,DBF4
COBS,Crisp→Overlap (Boundary Similarity),1,DCC1
COBS,Crisp→Overlap (Boundary Similarity),1,DDC1
COBS,Crisp→Overlap (Boundary Similarity),1,DEF1
COBS,Crisp→Overlap (Boundary Similarity),1,DER1
COBS,Crisp→Overlap (Boundary Similarity),1,DIG1
COBS,Crisp→Overlap (Boundary Similarity),1,DIG2
COBS,Crisp→Overlap (Boundary Similarity),1,DLS1
COBS,Crisp→Overlap (Boundary Similarity),1,DNL4
COBS,Crisp→Overlap (Boundary Similarity),1,DOC1
COBS,Crisp→Overlap (Boundary Similarity),1,DPB11
COBS,Crisp→Overlap (Boundary Similarity),1,DPB2
COBS,Crisp→Overlap (Boundary Similarity),1,DPB3
COBS,Crisp→Overlap (Boundary Similarity),1,DPB4
COBS,Crisp→Overlap (Boundary Similarity),1,DSL1
COBS,Crisp→Overlap (Boundary Similarity),1,DSN1
COBS,Crisp→Overlap (Boundary Similarity),1,DYN1
COBS,Crisp→Overlap (Boundary Similarity),1,DYN2
COBS,Crisp→Overlap (Boundary Similarity),1,DYN3
COBS,Crisp→Overlap (Boundary Similarity),1,EAF1
COBS,Crisp→Overlap (Boundary Similarity),1,EAF3
COBS,Crisp→Overlap (Boundary Similarity),1,EAF5
COBS,Crisp→Overlap (Boundary Similarity),1,EAF6
COBS,Crisp→Overlap (Boundary Similarity),1,EAF7
COBS,Crisp→Overlap (Boundary Similarity),1,ELC1
COBS,Crisp→Overlap (Boundary Similarity),1,ELG1
COBS,Crisp→Overlap (Boundary Similarity),1,ELP2
COBS,Crisp→Overlap (Boundary Similarity),1,ELP3
COBS,Crisp→Overlap (Boundary Similarity),1,ELP4
COBS,Crisp→Overlap (Boundary Similarity),1,ELP6
COBS,Crisp→Overlap (Boundary Similarity),1,END3
COBS,Crisp→Overlap (Boundary Similarity),1,EPL1
COBS,Crisp→Overlap (Boundary Similarity),1,ERV41
COBS,Crisp→Overlap (Boundary Similarity),1,ERV46
COBS,Crisp→Overlap (Boundary Similarity),1,ESA1
COBS,Crisp→Overlap (Boundary Similarity),1,ESP1
COBS,Crisp→Overlap (Boundary Similarity),1,EST1
COBS,Crisp→Overlap (Boundary Similarity),1,EST2
COBS,Crisp→Overlap (Boundary Similarity),1,EST3
COBS,Crisp→Overlap (Boundary Similarity),1,EXO70
COBS,Crisp→Overlap (Boundary Similarity),1,EXO84
COBS,Crisp→Overlap (Boundary Similarity),1,FAR1
COBS,Crisp→Overlap (Boundary Similarity),1,FUS3
COBS,Crisp→Overlap (Boundary Similarity),1,GAL11
COBS,Crisp→Overlap (Boundary Similarity),1,GAL3
COBS,Crisp→Overlap (Boundary Similarity),1,GAL4
COBS,Crisp→Overlap (Boundary Similarity),1,GAL80
COBS,Crisp→Overlap (Boundary Similarity),1,GCN5
COBS,Crisp→Overlap (Boundary Similarity),1,GLO3
COBS,Crisp→Overlap (Boundary Similarity),1,GPA1
COBS,Crisp→Overlap (Boundary Similarity),1,GRR1
COBS,Crisp→Overlap (Boundary Similarity),1,GYL1
COBS,Crisp→Overlap (Boundary Similarity),1,GYP5
COBS,Crisp→Overlap (Boundary Similarity),1,HAT1
COBS,Crisp→Overlap (Boundary Similarity),1,HAT2
COBS,Crisp→Overlap (Boundary Similarity),1,HDA1
COBS,Crisp→Overlap (Boundary Similarity),1,HDA2
COBS,Crisp→Overlap (Boundary Similarity),1,HDA3
COBS,Crisp→Overlap (Boundary Similarity),1,HFI1
COBS,Crisp→Overlap (Boundary Similarity),1,HHF1
COBS,Crisp→Overlap (Boundary Similarity),1,HHF2
COBS,Crisp→Overlap (Boundary Similarity),1,HHT1
COBS,Crisp→Overlap (Boundary Similarity),1,HHT2
COBS,Crisp→Overlap (Boundary Similarity),1,HIF1
COBS,Crisp→Overlap (Boundary Similarity),1,HIR1
COBS,Crisp→Overlap (Boundary Similarity),1,HIR2
COBS,Crisp→Overlap (Boundary Similarity),1,HIR3
COBS,Crisp→Overlap (Boundary Similarity),1,HOP1
COBS,Crisp→Overlap (Boundary Similarity),1,HOP2
COBS,Crisp→Overlap (Boundary Similarity),1,HPC2
COBS,Crisp→Overlap (Boundary Similarity),1,HRD1
COBS,Crisp→Overlap (Boundary Similarity),1,HRD3
COBS,Crisp→Overlap (Boundary Similarity),1,HRR25
COBS,Crisp→Overlap (Boundary Similarity),1,HRT1
COBS,Crisp→Overlap (Boundary Similarity),1,HSC82
COBS,Crisp→Overlap (Boundary Similarity),1,HTA1
COBS,Crisp→Overlap (Boundary Similarity),1,HTA2
COBS,Crisp→Overlap (Boundary Similarity),1,HTB1
COBS,Crisp→Overlap (Boundary Similarity),1,HTB2
COBS,Crisp→Overlap (Boundary Similarity),1,HTL1
COBS,Crisp→Overlap (Boundary Similarity),1,HTZ1
COBS,Crisp→Overlap (Boundary Similarity),1,IES1
COBS,Crisp→Overlap (Boundary Similarity),1,IES3
COBS,Crisp→Overlap (Boundary Similarity),1,IES4
COBS,Crisp→Overlap (Boundary Similarity),1,IKI1
COBS,Crisp→Overlap (Boundary Similarity),1,IKI3
COBS,Crisp→Overlap (Boundary Similarity),1,INO80
COBS,Crisp→Overlap (Boundary Similarity),1,IOC2
COBS,Crisp→Overlap (Boundary Similarity),1,IOC3
COBS,Crisp→Overlap (Boundary Similarity),1,IOC4
COBS,Crisp→Overlap (Boundary Similarity),1,IPI1
COBS,Crisp→Overlap (Boundary Similarity),1,IPI3
COBS,Crisp→Overlap (Boundary Similarity),1,IPL1
COBS,Crisp→Overlap (Boundary Similarity),1,IRR1
COBS,Crisp→Overlap (Boundary Similarity),1,ISD11
COBS,Crisp→Overlap (Boundary Similarity),1,ISW1
COBS,Crisp→Overlap (Boundary Similarity),1,ISW2
COBS,Crisp→Overlap (Boundary Similarity),1,ITC1
COBS,Crisp→Overlap (Boundary Similarity),1,JNM1
COBS,Crisp→Overlap (Boundary Similarity),1,KAR2
COBS,Crisp→Overlap (Boundary Similarity),1,KEL1
COBS,Crisp→Overlap (Boundary Similarity),1,KEL2
COBS,Crisp→Overlap (Boundary Similarity),1,KIN28
COBS,Crisp→Overlap (Boundary Similarity),1,KRE29
COBS,Crisp→Overlap (Boundary Similarity),1,LDB7
COBS,Crisp→Overlap (Boundary Similarity),1,LEO1
COBS,Crisp→Overlap (Boundary Similarity),1,LGE1
COBS,Crisp→Overlap (Boundary Similarity),1,LIF1
COBS,Crisp→Overlap (Boundary Similarity),1,LRS4
COBS,Crisp→Overlap (Boundary Similarity),1,LTE1
COBS,Crisp→Overlap (Boundary Similarity),1,MAD1
COBS,Crisp→Overlap (Boundary Similarity),1,MAD2
COBS,Crisp→Overlap (Boundary Similarity),1,MAD3
COBS,Crisp→Overlap (Boundary Similarity),1,MAM1
COBS,Crisp→Overlap (Boundary Similarity),1,MBP1
COBS,Crisp→Overlap (Boundary Similarity),1,MCD1
COBS,Crisp→Overlap (Boundary Similarity),1,MCM1
COBS,Crisp→Overlap (Boundary Similarity),1,MCM16
COBS,Crisp→Overlap (Boundary Similarity),1,MCM2
COBS,Crisp→Overlap (Boundary Similarity),1,MCM21
COBS,Crisp→Overlap (Boundary Similarity),1,MCM22
COBS,Crisp→Overlap (Boundary Similarity),1,MCM3
COBS,Crisp→Overlap (Boundary Similarity),1,MCM4
COBS,Crisp→Overlap (Boundary Similarity),1,MCM5
COBS,Crisp→Overlap (Boundary Similarity),1,MCM6
COBS,Crisp→Overlap (Boundary Similarity),1,MCM7
COBS,Crisp→Overlap (Boundary Similarity),1,MEC3
COBS,Crisp→Overlap (Boundary Similarity),1,MED1
COBS,Crisp→Overlap (Boundary Similarity),1,MED11
COBS,Crisp→Overlap (Boundary Similarity),1,MED2
COBS,Crisp→Overlap (Boundary Similarity),1,MED4
COBS,Crisp→Overlap (Boundary Similarity),1,MED6
COBS,Crisp→Overlap (Boundary Similarity),1,MED7
COBS,Crisp→Overlap (Boundary Similarity),1,MED8
COBS,Crisp→Overlap (Boundary Similarity),1,MEI5
COBS,Crisp→Overlap (Boundary Similarity),1,MET28
COBS,Crisp→Overlap (Boundary Similarity),1,MET31
COBS,Crisp→Overlap (Boundary Similarity),1,MET32
COBS,Crisp→Overlap (Boundary Similarity),1,MET4
COBS,Crisp→Overlap (Boundary Similarity),1,MLH1
COBS,Crisp→Overlap (Boundary Similarity),1,MLH2
COBS,Crisp→Overlap (Boundary Similarity),1,MLH3
COBS,Crisp→Overlap (Boundary Similarity),1,MMS2
COBS,Crisp→Overlap (Boundary Similarity),1,MMS21
COBS,Crisp→Overlap (Boundary Similarity),1,MMS4
COBS,Crisp→Overlap (Boundary Similarity),1,MND1
COBS,Crisp→Overlap (Boundary Similarity),1,MND2
COBS,Crisp→Overlap (Boundary Similarity),1,MOB1
COBS,Crisp→Overlap (Boundary Similarity),1,MON1
COBS,Crisp→Overlap (Boundary Similarity),1,MOT1
COBS,Crisp→Overlap (Boundary Similarity),1,MPS2
COBS,Crisp→Overlap (Boundary Similarity),1,MRC1
COBS,Crisp→Overlap (Boundary Similarity),1,MRE11
COBS,Crisp→Overlap (Boundary Similarity),1,MSH2
COBS,Crisp→Overlap (Boundary Similarity),1,MSH3
COBS,Crisp→Overlap (Boundary Similarity),1,MSH6
COBS,Crisp→Overlap (Boundary Similarity),1,MSI1
COBS,Crisp→Overlap (Boundary Similarity),1,MTW1
COBS,Crisp→Overlap (Boundary Similarity),1,MUS81
COBS,Crisp→Overlap (Boundary Similarity),1,NBP1
COBS,Crisp→Overlap (Boundary Similarity),1,NCB2
COBS,Crisp→Overlap (Boundary Similarity),1,NDC80
COBS,Crisp→Overlap (Boundary Similarity),1,NET1
COBS,Crisp→Overlap (Boundary Similarity),1,NFS1
COBS,Crisp→Overlap (Boundary Similarity),1,NGG1
COBS,Crisp→Overlap (Boundary Similarity),1,NHP10
COBS,Crisp→Overlap (Boundary Similarity),1,NIP100
COBS,Crisp→Overlap (Boundary Similarity),1,NNF1
COBS,Crisp→Overlap (Boundary Similarity),1,NPL4
COBS,Crisp→Overlap (Boundary Similarity),1,NPL6
COBS,Crisp→Overlap (Boundary Similarity),1,NSE1
COBS,Crisp→Overlap (Boundary Similarity),1,NSE3
COBS,Crisp→Overlap (Boundary Similarity),1,NSE4
COBS,Crisp→Overlap (Boundary Similarity),1,NSE5
COBS,Crisp→Overlap (Boundary Similarity),1,NSL1
COBS,Crisp→Overlap (Boundary Similarity),1,NTO1
COBS,Crisp→Overlap (Boundary Similarity),1,NUD1
COBS,Crisp→Overlap (Boundary Similarity),1,NUF2
COBS,Crisp→Overlap (Boundary Similarity),1,NUT1
COBS,Crisp→Overlap (Boundary Similarity),1,NUT2
COBS,Crisp→Overlap (Boundary Similarity),1,OKP1
COBS,Crisp→Overlap (Boundary Similarity),1,ORC1
COBS,Crisp→Overlap (Boundary Similarity),1,ORC2
COBS,Crisp→Overlap (Boundary Similarity),1,ORC3
COBS,Crisp→Overlap (Boundary Similarity),1,ORC4
COBS,Crisp→Overlap (Boundary Similarity),1,ORC5
COBS,Crisp→Overlap (Boundary Similarity),1,ORC6
COBS,Crisp→Overlap (Boundary Similarity),1,PAC11
COBS,Crisp→Overlap (Boundary Similarity),1,PAF1
COBS,Crisp→Overlap (Boundary Similarity),1,PAN1
COBS,Crisp→Overlap (Boundary Similarity),1,PCL1
COBS,Crisp→Overlap (Boundary Similarity),1,PCL10
COBS,Crisp→Overlap (Boundary Similarity),1,PCL2
COBS,Crisp→Overlap (Boundary Similarity),1,PCL8
COBS,Crisp→Overlap (Boundary Similarity),1,PDS1
COBS,Crisp→Overlap (Boundary Similarity),1,PEA2
COBS,Crisp→Overlap (Boundary Similarity),1,PEP3
COBS,Crisp→Overlap (Boundary Similarity),1,PEP5
COBS,Crisp→Overlap (Boundary Similarity),1,PGD1
COBS,Crisp→Overlap (Boundary Similarity),1,PHO80
COBS,Crisp→Overlap (Boundary Similarity),1,PHO85
COBS,Crisp→Overlap (Boundary Similarity),1,PMS1
COBS,Crisp→Overlap (Boundary Similarity),1,PNG1
COBS,Crisp→Overlap (Boundary Similarity),1,POB3
COBS,Crisp→Overlap (Boundary Similarity),1,POL1
COBS,Crisp→Overlap (Boundary Similarity),1,POL12
COBS,Crisp→Overlap (Boundary Similarity),1,POL2
COBS,Crisp→Overlap (Boundary Similarity),1,POL3
COBS,Crisp→Overlap (Boundary Similarity),1,POL31
COBS,Crisp→Overlap (Boundary Similarity),1,POL32
COBS,Crisp→Overlap (Boundary Similarity),1,PPH21
COBS,Crisp→Overlap (Boundary Similarity),1,PPH3
COBS,Crisp→Overlap (Boundary Similarity),1,PRI1
COBS,Crisp→Overlap (Boundary Similarity),1,PRI2
COBS,Crisp→Overlap (Boundary Similarity),1,PSF1
COBS,Crisp→Overlap (Boundary Similarity),1,PSF2
COBS,Crisp→Overlap (Boundary Similarity),1,PSF3
COBS,Crisp→Overlap (Boundary Similarity),1,PSY2
COBS,Crisp→Overlap (Boundary Similarity),1,PSY4
COBS,Crisp→Overlap (Boundary Similarity),1,RAD1
COBS,Crisp→Overlap (Boundary Similarity),1,RAD10
COBS,Crisp→Overlap (Boundary Similarity),1,RAD14
COBS,Crisp→Overlap (Boundary Similarity),1,RAD16
COBS,Crisp→Overlap (Boundary Similarity),1,RAD17
COBS,Crisp→Overlap (Boundary Similarity),1,RAD18
COBS,Crisp→Overlap (Boundary Similarity),1,RAD2
COBS,Crisp→Overlap (Boundary Similarity),1,RAD23
COBS,Crisp→Overlap (Boundary Similarity),1,RAD24
COBS,Crisp→Overlap (Boundary Similarity),1,RAD26
COBS,Crisp→Overlap (Boundary Similarity),1,RAD3
COBS,Crisp→Overlap (Boundary Similarity),1,RAD4
COBS,Crisp→Overlap (Boundary Similarity),1,RAD50
COBS,Crisp→Overlap (Boundary Similarity),1,RAD53
COBS,Crisp→Overlap (Boundary Similarity),1,RAD55
COBS,Crisp→Overlap (Boundary Similarity),1,RAD57
COBS,Crisp→Overlap (Boundary Similarity),1,RAD6
COBS,Crisp→Overlap (Boundary Similarity),1,RAD7
COBS,Crisp→Overlap (Boundary Similarity),1,REC102
COBS,Crisp→Overlap (Boundary Similarity),1,REC104
COBS,Crisp→Overlap (Boundary Similarity),1,REC8
COBS,Crisp→Overlap (Boundary Similarity),1,RED1
COBS,Crisp→Overlap (Boundary Similarity),1,RET1
COBS,Crisp→Overlap (Boundary Similarity),1,RET2
COBS,Crisp→Overlap (Boundary Similarity),1,RET3
COBS,Crisp→Overlap (Boundary Similarity),1,REV1
COBS,Crisp→Overlap (Boundary Similarity),1,REV3
COBS,Crisp→Overlap (Boundary Similarity),1,REV7
COBS,Crisp→Overlap (Boundary Similarity),1,RFA1
COBS,Crisp→Overlap (Boundary Similarity),1,RFA2
COBS,Crisp→Overlap (Boundary Similarity),1,RFA3
COBS,Crisp→Overlap (Boundary Similarity),1,RFC1
COBS,Crisp→Overlap (Boundary Similarity),1,RFC2
COBS,Crisp→Overlap (Boundary Similarity),1,RFC3
COBS,Crisp→Overlap (Boundary Similarity),1,RFC4
COBS,Crisp→Overlap (Boundary Similarity),1,RFC5
COBS,Crisp→Overlap (Boundary Similarity),1,RGR1
COBS,Crisp→Overlap (Boundary Similarity),1,RHO1
COBS,Crisp→Overlap (Boundary Similarity),1,RLF2
COBS,Crisp→Overlap (Boundary Similarity),1,RMI1
COBS,Crisp→Overlap (Boundary Similarity),1,RNH201
COBS,Crisp→Overlap (Boundary Similarity),1,RNH202
COBS,Crisp→Overlap (Boundary Similarity),1,RNH203
COBS,Crisp→Overlap (Boundary Similarity),1,ROX3
COBS,Crisp→Overlap (Boundary Similarity),1,RPA12
COBS,Crisp→Overlap (Boundary Similarity),1,RPA135
COBS,Crisp→Overlap (Boundary Similarity),1,RPA14
COBS,Crisp→Overlap (Boundary Similarity),1,RPA190
COBS,Crisp→Overlap (Boundary Similarity),1,RPA34
COBS,Crisp→Overlap (Boundary Similarity),1,RPA43
COBS,Crisp→Overlap (Boundary Similarity),1,RPA49
COBS,Crisp→Overlap (Boundary Similarity),1,RPB10
COBS,Crisp→Overlap (Boundary Similarity),1,RPB11
COBS,Crisp→Overlap (Boundary Similarity),1,RPB2
COBS,Crisp→Overlap (Boundary Similarity),1,RPB3
COBS,Crisp→Overlap (Boundary Similarity),1,RPB4
COBS,Crisp→Overlap (Boundary Similarity),1,RPB5
COBS,Crisp→Overlap (Boundary Similarity),1,RPB7
COBS,Crisp→Overlap (Boundary Similarity),1,RPB8
COBS,Crisp→Overlap (Boundary Similarity),1,RPB9
COBS,Crisp→Overlap (Boundary Similarity),1,RPC10
COBS,Crisp→Overlap (Boundary Similarity),1,RPC11
COBS,Crisp→Overlap (Boundary Similarity),1,RPC17
COBS,Crisp→Overlap (Boundary Similarity),1,RPC19
COBS,Crisp→Overlap (Boundary Similarity),1,RPC25
COBS,Crisp→Overlap (Boundary Similarity),1,RPC31
COBS,Crisp→Overlap (Boundary Similarity),1,RPC34
COBS,Crisp→Overlap (Boundary Similarity),1,RPC37
COBS,Crisp→Overlap (Boundary Similarity),1,RPC40
COBS,Crisp→Overlap (Boundary Similarity),1,RPC53
COBS,Crisp→Overlap (Boundary Similarity),1,RPC82
COBS,Crisp→Overlap (Boundary Similarity),1,RPD3
COBS,Crisp→Overlap (Boundary Similarity),1,RPO21
COBS,Crisp→Overlap (Boundary Similarity),1,RPO26
COBS,Crisp→Overlap (Boundary Similarity),1,RPO31
COBS,Crisp→Overlap (Boundary Similarity),1,RRD1
COBS,Crisp→Overlap (Boundary Similarity),1,RRD2
COBS,Crisp→Overlap (Boundary Similarity),1,RRN10
COBS,Crisp→Overlap (Boundary Similarity),1,RRN11
COBS,Crisp→Overlap (Boundary Similarity),1,RRN5
COBS,Crisp→Overlap (Boundary Similarity),1,RRN6
COBS,Crisp→Overlap (Boundary Similarity),1,RRN7
COBS,Crisp→Overlap (Boundary Similarity),1,RRN9
COBS,Crisp→Overlap (Boundary Similarity),1,RSC1
COBS,Crisp→Overlap (Boundary Similarity),1,RSC2
COBS,Crisp→Overlap (Boundary Similarity),1,RSC3
COBS,Crisp→Overlap (Boundary Similarity),1,RSC30
COBS,Crisp→Overlap (Boundary Similarity),1,RSC4
COBS,Crisp→Overlap (Boundary Similarity),1,RSC58
COBS,Crisp→Overlap (Boundary Similarity),1,RSC6
COBS,Crisp→Overlap (Boundary Similarity),1,RSC8
COBS,Crisp→Overlap (Boundary Similarity),1,RSC9
COBS,Crisp→Overlap (Boundary Similarity),1,RTF1
COBS,Crisp→Overlap (Boundary Similarity),1,RTS1
COBS,Crisp→Overlap (Boundary Similarity),1,RTT102
COBS,Crisp→Overlap (Boundary Similarity),1,RTT109
COBS,Crisp→Overlap (Boundary Similarity),1,RVB1
COBS,Crisp→Overlap (Boundary Similarity),1,RVB2
COBS,Crisp→Overlap (Boundary Similarity),1,RVS161
COBS,Crisp→Overlap (Boundary Similarity),1,RVS167
COBS,Crisp→Overlap (Boundary Similarity),1,SAE3
COBS,Crisp→Overlap (Boundary Similarity),1,SAP155
COBS,Crisp→Overlap (Boundary Similarity),1,SAP185
COBS,Crisp→Overlap (Boundary Similarity),1,SAP190
COBS,Crisp→Overlap (Boundary Similarity),1,SAS2
COBS,Crisp→Overlap (Boundary Similarity),1,SAS3
COBS,Crisp→Overlap (Boundary Similarity),1,SAS4
COBS,Crisp→Overlap (Boundary Similarity),1,SAS5
COBS,Crisp→Overlap (Boundary Similarity),1,SCC2
COBS,Crisp→Overlap (Boundary Similarity),1,SCC4
COBS,Crisp→Overlap (Boundary Similarity),1,SDC1
COBS,Crisp→Overlap (Boundary Similarity),1,SEC10
COBS,Crisp→Overlap (Boundary Similarity),1,SEC15
COBS,Crisp→Overlap (Boundary Similarity),1,SEC20
COBS,Crisp→Overlap (Boundary Similarity),1,SEC21
COBS,Crisp→Overlap (Boundary Similarity),1,SEC26
COBS,Crisp→Overlap (Boundary Similarity),1,SEC27
COBS,Crisp→Overlap (Boundary Similarity),1,SEC28
COBS,Crisp→Overlap (Boundary Similarity),1,SEC3
COBS,Crisp→Overlap (Boundary Similarity),1,SEC39
COBS,Crisp→Overlap (Boundary Similarity),1,SEC4
COBS,Crisp→Overlap (Boundary Similarity),1,SEC5
COBS,Crisp→Overlap (Boundary Similarity),1,SEC6
COBS,Crisp→Overlap (Boundary Similarity),1,SEC8
COBS,Crisp→Overlap (Boundary Similarity),1,SEC9
COBS,Crisp→Overlap (Boundary Similarity),1,SET1
COBS,Crisp→Overlap (Boundary Similarity),1,SFH1
COBS,Crisp→Overlap (Boundary Similarity),1,SGF11
COBS,Crisp→Overlap (Boundary Similarity),1,SGF29
COBS,Crisp→Overlap (Boundary Similarity),1,SGF73
COBS,Crisp→Overlap (Boundary Similarity),1,SGS1
COBS,Crisp→Overlap (Boundary Similarity),1,SGT1
COBS,Crisp→Overlap (Boundary Similarity),1,SGV1
COBS,Crisp→Overlap (Boundary Similarity),1,SHG1
COBS,Crisp→Overlap (Boundary Similarity),1,SIN4
COBS,Crisp→Overlap (Boundary Similarity),1,SIR2
COBS,Crisp→Overlap (Boundary Similarity),1,SIR3
COBS,Crisp→Overlap (Boundary Similarity),1,SIR4
COBS,Crisp→Overlap (Boundary Similarity),1,SIT4
COBS,Crisp→Overlap (Boundary Similarity),1,SKI8
COBS,Crisp→Overlap (Boundary Similarity),1,SKP1
COBS,Crisp→Overlap (Boundary Similarity),1,SLA1
COBS,Crisp→Overlap (Boundary Similarity),1,SLD2
COBS,Crisp→Overlap (Boundary Similarity),1,SLD5
COBS,Crisp→Overlap (Boundary Similarity),1,SLI15
COBS,Crisp→Overlap (Boundary Similarity),1,SLX1
COBS,Crisp→Overlap (Boundary Similarity),1,SLX4
COBS,Crisp→Overlap (Boundary Similarity),1,SLX5
COBS,Crisp→Overlap (Boundary Similarity),1,SLX8
COBS,Crisp→Overlap (Boundary Similarity),1,SMC1
COBS,Crisp→Overlap (Boundary Similarity),1,SMC2
COBS,Crisp→Overlap (Boundary Similarity),1,SMC3
COBS,Crisp→Overlap (Boundary Similarity),1,SMC4
COBS,Crisp→Overlap (Boundary Similarity),1,SMC5
COBS,Crisp→Overlap (Boundary Similarity),1,SMC6
COBS,Crisp→Overlap (Boundary Similarity),1,SNC1
COBS,Crisp→Overlap (Boundary Similarity),1,SNF11
COBS,Crisp→Overlap (Boundary Similarity),1,SNF12
COBS,Crisp→Overlap (Boundary Similarity),1,SNF2
COBS,Crisp→Overlap (Boundary Similarity),1,SNF5
COBS,Crisp→Overlap (Boundary Similarity),1,SNF6
COBS,Crisp→Overlap (Boundary Similarity),1,SNO1
COBS,Crisp→Overlap (Boundary Similarity),1,SNZ1
COBS,Crisp→Overlap (Boundary Similarity),1,SOH1
COBS,Crisp→Overlap (Boundary Similarity),1,SPA2
COBS,Crisp→Overlap (Boundary Similarity),1,SPC110
COBS,Crisp→Overlap (Boundary Similarity),1,SPC24
COBS,Crisp→Overlap (Boundary Similarity),1,SPC25
COBS,Crisp→Overlap (Boundary Similarity),1,SPC29
COBS,Crisp→Overlap (Boundary Similarity),1,SPC42
COBS,Crisp→Overlap (Boundary Similarity),1,SPC72
COBS,Crisp→Overlap (Boundary Similarity),1,SPC97
COBS,Crisp→Overlap (Boundary Similarity),1,SPC98
COBS,Crisp→Overlap (Boundary Similarity),1,SPO11
COBS,Crisp→Overlap (Boundary Similarity),1,SPP1
COBS,Crisp→Overlap (Boundary Similarity),1,SPT15
COBS,Crisp→Overlap (Boundary Similarity),1,SPT16
COBS,Crisp→Overlap (Boundary Similarity),1,SPT20
COBS,Crisp→Overlap (Boundary Similarity),1,SPT3
COBS,Crisp→Overlap (Boundary Similarity),1,SPT4
COBS,Crisp→Overlap (Boundary Similarity),1,SPT5
COBS,Crisp→Overlap (Boundary Similarity),1,SPT7
COBS,Crisp→Overlap (Boundary Similarity),1,SPT8
COBS,Crisp→Overlap (Boundary Similarity),1,SRB2
COBS,Crisp→Overlap (Boundary Similarity),1,SRB4
COBS,Crisp→Overlap (Boundary Similarity),1,SRB5
COBS,Crisp→Overlap (Boundary Similarity),1,SRB6
COBS,Crisp→Overlap (Boundary Similarity),1,SRB7
COBS,Crisp→Overlap (Boundary Similarity),1,SRB8
COBS,Crisp→Overlap (Boundary Similarity),1,SRO7
COBS,Crisp→Overlap (Boundary Similarity),1,SRV2
COBS,Crisp→Overlap (Boundary Similarity),1,SSA3
COBS,Crisp→Overlap (Boundary Similarity),1,SSL1
COBS,Crisp→Overlap (Boundary Similarity),1,SSL2
COBS,Crisp→Overlap (Boundary Similarity),1,SSN2
COBS,Crisp→Overlap (Boundary Similarity),1,SSN3
COBS,Crisp→Overlap (Boundary Similarity),1,SSN8
COBS,Crisp→Overlap (Boundary Similarity),1,SSO1
COBS,Crisp→Overlap (Boundary Similarity),1,SSZ1
COBS,Crisp→Overlap (Boundary Similarity),1,STE11
COBS,Crisp→Overlap (Boundary Similarity),1,STE12
COBS,Crisp→Overlap (Boundary Similarity),1,STE18
COBS,Crisp→Overlap (Boundary Similarity),1,STE20
COBS,Crisp→Overlap (Boundary Similarity),1,STE4
COBS,Crisp→Overlap (Boundary Similarity),1,STE5
COBS,Crisp→Overlap (Boundary Similarity),1,STE7
COBS,Crisp→Overlap (Boundary Similarity),1,STH1
COBS,Crisp→Overlap (Boundary Similarity),1,SUS1
COBS,Crisp→Overlap (Boundary Similarity),1,SWC3
COBS,Crisp→Overlap (Boundary Similarity),1,SWC4
COBS,Crisp→Overlap (Boundary Similarity),1,SWC5
COBS,Crisp→Overlap (Boundary Similarity),1,SWC7
COBS,Crisp→Overlap (Boundary Similarity),1,SWD1
COBS,Crisp→Overlap (Boundary Similarity),1,SWD2
COBS,Crisp→Overlap (Boundary Similarity),1,SWD3
COBS,Crisp→Overlap (Boundary Similarity),1,SWI1
COBS,Crisp→Overlap (Boundary Similarity),1,SWI3
COBS,Crisp→Overlap (Boundary Similarity),1,SWI4
COBS,Crisp→Overlap (Boundary Similarity),1,SWI6
COBS,Crisp→Overlap (Boundary Similarity),1,SWM1
COBS,Crisp→Overlap (Boundary Similarity),1,SWP82
COBS,Crisp→Overlap (Boundary Similarity),1,SWR1
COBS,Crisp→Overlap (Boundary Similarity),1,TAF1
COBS,Crisp→Overlap (Boundary Similarity),1,TAF10
COBS,Crisp→Overlap (Boundary Similarity),1,TAF11
COBS,Crisp→Overlap (Boundary Similarity),1,TAF12
COBS,Crisp→Overlap (Boundary Similarity),1,TAF13
COBS,Crisp→Overlap (Boundary Similarity),1,TAF14
COBS,Crisp→Overlap (Boundary Similarity),1,TAF2
COBS,Crisp→Overlap (Boundary Similarity),1,TAF3
COBS,Crisp→Overlap (Boundary Similarity),1,TAF4
COBS,Crisp→Overlap (Boundary Similarity),1,TAF5
COBS,Crisp→Overlap (Boundary Similarity),1,TAF6
COBS,Crisp→Overlap (Boundary Similarity),1,TAF7
COBS,Crisp→Overlap (Boundary Similarity),1,TAF8
COBS,Crisp→Overlap (Boundary Similarity),1,TAF9
COBS,Crisp→Overlap (Boundary Similarity),1,TAP42
COBS,Crisp→Overlap (Boundary Similarity),1,TFA1
COBS,Crisp→Overlap (Boundary Similarity),1,TFA2
COBS,Crisp→Overlap (Boundary Similarity),1,TFB1
COBS,Crisp→Overlap (Boundary Similarity),1,TFB2
COBS,Crisp→Overlap (Boundary Similarity),1,TFB3
COBS,Crisp→Overlap (Boundary Similarity),1,TFB4
COBS,Crisp→Overlap (Boundary Similarity),1,TFB5
COBS,Crisp→Overlap (Boundary Similarity),1,TFC1
COBS,Crisp→Overlap (Boundary Similarity),1,TFC3
COBS,Crisp→Overlap (Boundary Similarity),1,TFC4
COBS,Crisp→Overlap (Boundary Similarity),1,TFC6
COBS,Crisp→Overlap (Boundary Similarity),1,TFC7
COBS,Crisp→Overlap (Boundary Similarity),1,TFC8
COBS,Crisp→Overlap (Boundary Similarity),1,TFG1
COBS,Crisp→Overlap (Boundary Similarity),1,TFG2
COBS,Crisp→Overlap (Boundary Similarity),1,TIP20
COBS,Crisp→Overlap (Boundary Similarity),1,TOA1
COBS,Crisp→Overlap (Boundary Similarity),1,TOA2
COBS,Crisp→Overlap (Boundary Similarity),1,TOF1
COBS,Crisp→Overlap (Boundary Similarity),1,TOP3
COBS,Crisp→Overlap (Boundary Similarity),1,TPD3
COBS,Crisp→Overlap (Boundary Similarity),1,TRA1
COBS,Crisp→Overlap (Boundary Similarity),1,TUB1
COBS,Crisp→Overlap (Boundary Similarity),1,TUB2
COBS,Crisp→Overlap (Boundary Similarity),1,TUB4
COBS,Crisp→Overlap (Boundary Similarity),1,UAF30
COBS,Crisp→Overlap (Boundary Similarity),1,UBA2
COBS,Crisp→Overlap (Boundary Similarity),1,UBC13
COBS,Crisp→Overlap (Boundary Similarity),1,UBP8
COBS,Crisp→Overlap (Boundary Similarity),1,UFD1
COBS,Crisp→Overlap (Boundary Similarity),1,UFE1
COBS,Crisp→Overlap (Boundary Similarity),1,USA1
COBS,Crisp→Overlap (Boundary Similarity),1,USE1
COBS,Crisp→Overlap (Boundary Similarity),1,VAM3
COBS,Crisp→Overlap (Boundary Similarity),1,VAM6
COBS,Crisp→Overlap (Boundary Similarity),1,VAM7
COBS,Crisp→Overlap (Boundary Similarity),1,VPS16
COBS,Crisp→Overlap (Boundary Similarity),1,VPS3
COBS,Crisp→Overlap (Boundary Similarity),1,VPS33
COBS,Crisp→Overlap (Boundary Similarity),1,VPS41
COBS,Crisp→Overlap (Boundary Similarity),1,VPS71
COBS,Crisp→Overlap (Boundary Similarity),1,VPS72
COBS,Crisp→Overlap (Boundary Similarity),1,VPS75
COBS,Crisp→Overlap (Boundary Similarity),1,VPS8
COBS,Crisp→Overlap (Boundary Similarity),1,XRS2
COBS,Crisp→Overlap (Boundary Similarity),1,YAF9
COBS,Crisp→Overlap (Boundary Similarity),1,YCG1
COBS,Crisp→Overlap (Boundary Similarity),1,YCS4
COBS,Crisp→Overlap (Boundary Similarity),1,YDJ1
COBS,Crisp→Overlap (Boundary Similarity),1,YKU70
COBS,Crisp→Overlap (Boundary Similarity),1,YKU80
COBS,Crisp→Overlap (Boundary Similarity),1,YNG1
COBS,Crisp→Overlap (Boundary Similarity),1,YNG2
COBS,Crisp→Overlap (Boundary Similarity),1,YOS9
COBS,Crisp→Overlap (Boundary Similarity),1,ZIP1
COBS,Crisp→Overlap (Boundary Similarity),1,ZIP2
COBS,Crisp→Overlap (Boundary Similarity),1,ZUO1
COBS,Crisp→Overlap (Boundary Similarity),2,ASC1
COBS,Crisp→Overlap (Boundary Similarity),2,ATG32
COBS,Crisp→Overlap (Boundary Similarity),2,BTT1
COBS,Crisp→Overlap (Boundary Similarity),2,CAF130
COBS,Crisp→Overlap (Boundary Similarity),2,CAF40
COBS,Crisp→Overlap (Boundary Similarity),2,CAM1
COBS,Crisp→Overlap (Boundary Similarity),2,CCR4
COBS,Crisp→Overlap (Boundary Similarity),2,CDC36
COBS,Crisp→Overlap (Boundary Similarity),2,CDC39
COBS,Crisp→Overlap (Boundary Similarity),2,CKA1
COBS,Crisp→Overlap (Boundary Similarity),2,CKA2
COBS,Crisp→Overlap (Boundary Similarity),2,CKB1
COBS,Crisp→Overlap (Boundary Similarity),2,CKB2
COBS,Crisp→Overlap (Boundary Similarity),2,CLU1
COBS,Crisp→Overlap (Boundary Similarity),2,CSL4
COBS,Crisp→Overlap (Boundary Similarity),2,DBP6
COBS,Crisp→Overlap (Boundary Similarity),2,DIP2
COBS,Crisp→Overlap (Boundary Similarity),2,DIS3
COBS,Crisp→Overlap (Boundary Similarity),2,DSS1
COBS,Crisp→Overlap (Boundary Similarity),2,EFB1
COBS,Crisp→Overlap (Boundary Similarity),2,EGD1
COBS,Crisp→Overlap (Boundary Similarity),2,EGD2
COBS,Crisp→Overlap (Boundary Similarity),2,ELA1
COBS,Crisp→Overlap (Boundary Similarity),2,GCD11
COBS,Crisp→Overlap (Boundary Similarity),2,GCN1
COBS,Crisp→Overlap (Boundary Similarity),2,GCN20
COBS,Crisp→Overlap (Boundary Similarity),2,GUS1
COBS,Crisp→Overlap (Boundary Similarity),2,HCR1
COBS,Crisp→Overlap (Boundary Similarity),2,IFH1
COBS,Crisp→Overlap (Boundary Similarity),2,LRP1
COBS,Crisp→Overlap (Boundary Similarity),2,LTV1
COBS,Crisp→Overlap (Boundary Similarity),2,MAK21
COBS,Crisp→Overlap (Boundary Similarity),2,MNP1
COBS,Crisp→Overlap (Boundary Similarity),2,MOT2
COBS,Crisp→Overlap (Boundary Similarity),2,MRPL10
COBS,Crisp→Overlap (Boundary Similarity),2,MRPL9
COBS,Crisp→Overlap (Boundary Similarity),2,MRPS28
COBS,Crisp→Overlap (Boundary Similarity),2,MRPS5
COBS,Crisp→Overlap (Boundary Similarity),2,MTR3
COBS,Crisp→Overlap (Boundary Similarity),2,MTR4
COBS,Crisp→Overlap (Boundary Similarity),2,NAN1
COBS,Crisp→Overlap (Boundary Similarity),2,NIP1
COBS,Crisp→Overlap (Boundary Similarity),2,NOC2
COBS,Crisp→Overlap (Boundary Similarity),2,NOC3
COBS,Crisp→Overlap (Boundary Similarity),2,NOC4
COBS,Crisp→Overlap (Boundary Similarity),2,NOP1
COBS,Crisp→Overlap (Boundary Similarity),2,NOP14
COBS,Crisp→Overlap (Boundary Similarity),2,NOP56
COBS,Crisp→Overlap (Boundary Similarity),2,NOP58
COBS,Crisp→Overlap (Boundary Similarity),2,NOP8
COBS,Crisp→Overlap (Boundary Similarity),2,NOT3
COBS,Crisp→Overlap (Boundary Similarity),2,NOT5
COBS,Crisp→Overlap (Boundary Similarity),2,PAN2
COBS,Crisp→Overlap (Boundary Similarity),2,PAN3
COBS,Crisp→Overlap (Boundary Similarity),2,POL5
COBS,Crisp→Overlap (Boundary Similarity),2,POP2
COBS,Crisp→Overlap (Boundary Similarity),2,PRP43
COBS,Crisp→Overlap (Boundary Similarity),2,PRT1
COBS,Crisp→Overlap (Boundary Similarity),2,PWP2
COBS,Crisp→Overlap (Boundary Similarity),2,RIX1
COBS,Crisp→Overlap (Boundary Similarity),2,RPG1
COBS,Crisp→Overlap (Boundary Similarity),2,RPL10
COBS,Crisp→Overlap (Boundary Similarity),2,RPL11A
COBS,Crisp→Overlap (Boundary Similarity),2,RPL11B
COBS,Crisp→Overlap (Boundary Similarity),2,RPL12A
COBS,Crisp→Overlap (Boundary Similarity),2,RPL12B
COBS,Crisp→Overlap (Boundary Similarity),2,RPL13A
COBS,Crisp→Overlap (Boundary Similarity),2,RPL13B
COBS,Crisp→Overlap (Boundary Similarity),2,RPL14A
COBS,Crisp→Overlap (Boundary Similarity),2,RPL14B
COBS,Crisp→Overlap (Boundary Similarity),2,RPL15A
COBS,Crisp→Overlap (Boundary Similarity),2,RPL15B
COBS,Crisp→Overlap (Boundary Similarity),2,RPL16A
COBS,Crisp→Overlap (Boundary Similarity),2,RPL16B
COBS,Crisp→Overlap (Boundary Similarity),2,RPL17A
COBS,Crisp→Overlap (Boundary Similarity),2,RPL17B
COBS,Crisp→Overlap (Boundary Similarity),2,RPL18A
COBS,Crisp→Overlap (Boundary Similarity),2,RPL18B
COBS,Crisp→Overlap (Boundary Similarity),2,RPL19A
COBS,Crisp→Overlap (Boundary Similarity),2,RPL19B
COBS,Crisp→Overlap (Boundary Similarity),2,RPL1A
COBS,Crisp→Overlap (Boundary Similarity),2,RPL1B
COBS,Crisp→Overlap (Boundary Similarity),2,RPL20A
COBS,Crisp→Overlap (Boundary Similarity),2,RPL20B
COBS,Crisp→Overlap (Boundary Similarity),2,RPL21A
COBS,Crisp→Overlap (Boundary Similarity),2,RPL21B
COBS,Crisp→Overlap (Boundary Similarity),2,RPL22A
COBS,Crisp→Overlap (Boundary Similarity),2,RPL22B
COBS,Crisp→Overlap (Boundary Similarity),2,RPL23A
COBS,Crisp→Overlap (Boundary Similarity),2,RPL23B
COBS,Crisp→Overlap (Boundary Similarity),2,RPL24A
COBS,Crisp→Overlap (Boundary Similarity),2,RPL24B
COBS,Crisp→Overlap (Boundary Similarity),2,RPL25
COBS,Crisp→Overlap (Boundary Similarity),2,RPL26A
COBS,Crisp→Overlap (Boundary Similarity),2,RPL26B
COBS,Crisp→Overlap (Boundary Similarity),2,RPL27A
COBS,Crisp→Overlap (Boundary Similarity),2,RPL27B
COBS,Crisp→Overlap (Boundary Similarity),2,RPL28
COBS,Crisp→Overlap (Boundary Similarity),2,RPL29
COBS,Crisp→Overlap (Boundary Similarity),2,RPL2A
COBS,Crisp→Overlap (Boundary Similarity),2,RPL2B
COBS,Crisp→Overlap (Boundary Similarity),2,RPL3
COBS,Crisp→Overlap (Boundary Similarity),2,RPL30
COBS,Crisp→Overlap (Boundary Similarity),2,RPL31A
COBS,Crisp→Overlap (Boundary Similarity),2,RPL31B
COBS,Crisp→Overlap (Boundary Similarity),2,RPL32
COBS,Crisp→Overlap (Boundary Similarity),2,RPL33A
COBS,Crisp→Overlap (Boundary Similarity),2,RPL33B
COBS,Crisp→Overlap (Boundary Similarity),2,RPL34A
COBS,Crisp→Overlap (Boundary Similarity),2,RPL34B
COBS,Crisp→Overlap (Boundary Similarity),2,RPL35A
COBS,Crisp→Overlap (Boundary Similarity),2,RPL35B
COBS,Crisp→Overlap (Boundary Similarity),2,RPL36A
COBS,Crisp→Overlap (Boundary Similarity),2,RPL36B
COBS,Crisp→Overlap (Boundary Similarity),2,RPL37A
COBS,Crisp→Overlap (Boundary Similarity),2,RPL37B
COBS,Crisp→Overlap (Boundary Similarity),2,RPL38
COBS,Crisp→Overlap (Boundary Similarity),2,RPL39
COBS,Crisp→Overlap (Boundary Similarity),2,RPL40A
COBS,Crisp→Overlap (Boundary Similarity),2,RPL40B
COBS,Crisp→Overlap (Boundary Similarity),2,RPL41A
COBS,Crisp→Overlap (Boundary Similarity),2,RPL41B
COBS,Crisp→Overlap (Boundary Similarity),2,RPL42A
COBS,Crisp→Overlap (Boundary Similarity),2,RPL42B
COBS,Crisp→Overlap (Boundary Similarity),2,RPL43A
COBS,Crisp→Overlap (Boundary Similarity),2,RPL43B
COBS,Crisp→Overlap (Boundary Similarity),2,RPL4A
COBS,Crisp→Overlap (Boundary Similarity),2,RPL4B
COBS,Crisp→Overlap (Boundary Similarity),2,RPL5
COBS,Crisp→Overlap (Boundary Similarity),2,RPL6A
COBS,Crisp→Overlap (Boundary Similarity),2,RPL6B
COBS,Crisp→Overlap (Boundary Similarity),2,RPL7A
COBS,Crisp→Overlap (Boundary Similarity),2,RPL7B
COBS,Crisp→Overlap (Boundary Similarity),2,RPL8A
COBS,Crisp→Overlap (Boundary Similarity),2,RPL8B
COBS,Crisp→Overlap (Boundary Similarity),2,RPL9A
COBS,Crisp→Overlap (Boundary Similarity),2,RPL9B
COBS,Crisp→Overlap (Boundary Similarity),2,RPP0
COBS,Crisp→Overlap (Boundary Similarity),2,RPP1A
COBS,Crisp→Overlap (Boundary Similarity),2,RPP1B
COBS,Crisp→Overlap (Boundary Similarity),2,RPP2A
COBS,Crisp→Overlap (Boundary Similarity),2,RPP2B
COBS,Crisp→Overlap (Boundary Similarity),2,RPS0A
COBS,Crisp→Overlap (Boundary Similarity),2,RPS0B
COBS,Crisp→Overlap (Boundary Similarity),2,RPS10A
COBS,Crisp→Overlap (Boundary Similarity),2,RPS10B
COBS,Crisp→Overlap (Boundary Similarity),2,RPS11A
COBS,Crisp→Overlap (Boundary Similarity),2,RPS11B
COBS,Crisp→Overlap (Boundary Similarity),2,RPS12
COBS,Crisp→Overlap (Boundary Similarity),2,RPS13
COBS,Crisp→Overlap (Boundary Similarity),2,RPS14A
COBS,Crisp→Overlap (Boundary Similarity),2,RPS14B
COBS,Crisp→Overlap (Boundary Similarity),2,RPS15
COBS,Crisp→Overlap (Boundary Similarity),2,RPS16A
COBS,Crisp→Overlap (Boundary Similarity),2,RPS16B
COBS,Crisp→Overlap (Boundary Similarity),2,RPS17A
COBS,Crisp→Overlap (Boundary Similarity),2,RPS17B
COBS,Crisp→Overlap (Boundary Similarity),2,RPS18A
COBS,Crisp→Overlap (Boundary Similarity),2,RPS18B
COBS,Crisp→Overlap (Boundary Similarity),2,RPS19A
COBS,Crisp→Overlap (Boundary Similarity),2,RPS19B
COBS,Crisp→Overlap (Boundary Similarity),2,RPS1A
COBS,Crisp→Overlap (Boundary Similarity),2,RPS1B
COBS,Crisp→Overlap (Boundary Similarity),2,RPS2
COBS,Crisp→Overlap (Boundary Similarity),2,RPS20
COBS,Crisp→Overlap (Boundary Similarity),2,RPS21A
COBS,Crisp→Overlap (Boundary Similarity),2,RPS21B
COBS,Crisp→Overlap (Boundary Similarity),2,RPS22A
COBS,Crisp→Overlap (Boundary Similarity),2,RPS22B
COBS,Crisp→Overlap (Boundary Similarity),2,RPS23A
COBS,Crisp→Overlap (Boundary Similarity),2,RPS23B
COBS,Crisp→Overlap (Boundary Similarity),2,RPS24A
COBS,Crisp→Overlap (Boundary Similarity),2,RPS24B
COBS,Crisp→Overlap (Boundary Similarity),2,RPS25A
COBS,Crisp→Overlap (Boundary Similarity),2,RPS25B
COBS,Crisp→Overlap (Boundary Similarity),2,RPS26A
COBS,Crisp→Overlap (Boundary Similarity),2,RPS26B
COBS,Crisp→Overlap (Boundary Similarity),2,RPS27A
COBS,Crisp→Overlap (Boundary Similarity),2,RPS27B
COBS,Crisp→Overlap (Boundary Similarity),2,RPS28A
COBS,Crisp→Overlap (Boundary Similarity),2,RPS28B
COBS,Crisp→Overlap (Boundary Similarity),2,RPS29A
COBS,Crisp→Overlap (Boundary Similarity),2,RPS29B
COBS,Crisp→Overlap (Boundary Similarity),2,RPS3
COBS,Crisp→Overlap (Boundary Similarity),2,RPS30A
COBS,Crisp→Overlap (Boundary Similarity),2,RPS30B
COBS,Crisp→Overlap (Boundary Similarity),2,RPS31
COBS,Crisp→Overlap (Boundary Similarity),2,RPS4A
COBS,Crisp→Overlap (Boundary Similarity),2,RPS4B
COBS,Crisp→Overlap (Boundary Similarity),2,RPS5
COBS,Crisp→Overlap (Boundary Similarity),2,RPS6A
COBS,Crisp→Overlap (Boundary Similarity),2,RPS6B
COBS,Crisp→Overlap (Boundary Similarity),2,RPS7A
COBS,Crisp→Overlap (Boundary Similarity),2,RPS7B
COBS,Crisp→Overlap (Boundary Similarity),2,RPS8A
COBS,Crisp→Overlap (Boundary Similarity),2,RPS8B
COBS,Crisp→Overlap (Boundary Similarity),2,RPS9A
COBS,Crisp→Overlap (Boundary Similarity),2,RPS9B
COBS,Crisp→Overlap (Boundary Similarity),2,RRP4
COBS,Crisp→Overlap (Boundary Similarity),2,RRP40
COBS,Crisp→Overlap (Boundary Similarity),2,RRP42
COBS,Crisp→Overlap (Boundary Similarity),2,RRP43
COBS,Crisp→Overlap (Boundary Similarity),2,RRP45
COBS,Crisp→Overlap (Boundary Similarity),2,RRP46
COBS,Crisp→Overlap (Boundary Similarity),2,RRP6
COBS,Crisp→Overlap (Boundary Similarity),2,RRP7
COBS,Crisp→Overlap (Boundary Similarity),2,RSA3
COBS,Crisp→Overlap (Boundary Similarity),2,RSM10
COBS,Crisp→Overlap (Boundary Similarity),2,RSM7
COBS,Crisp→Overlap (Boundary Similarity),2,SBH1
COBS,Crisp→Overlap (Boundary Similarity),2,SBH2
COBS,Crisp→Overlap (Boundary Similarity),2,SEC61
COBS,Crisp→Overlap (Boundary Similarity),2,SEC65
COBS,Crisp→Overlap (Boundary Similarity),2,SKI2
COBS,Crisp→Overlap (Boundary Similarity),2,SKI3
COBS,Crisp→Overlap (Boundary Similarity),2,SKI6
COBS,Crisp→Overlap (Boundary Similarity),2,SNU13
COBS,Crisp→Overlap (Boundary Similarity),2,SRP101
COBS,Crisp→Overlap (Boundary Similarity),2,SRP102
COBS,Crisp→Overlap (Boundary Similarity),2,SRP14
COBS,Crisp→Overlap (Boundary Similarity),2,SRP21
COBS,Crisp→Overlap (Boundary Similarity),2,SRP54
COBS,Crisp→Overlap (Boundary Similarity),2,SRP68
COBS,Crisp→Overlap (Boundary Similarity),2,SRP72
COBS,Crisp→Overlap (Boundary Similarity),2,SSH1
COBS,Crisp→Overlap (Boundary Similarity),2,SSS1
COBS,Crisp→Overlap (Boundary Similarity),2,STT3
COBS,Crisp→Overlap (Boundary Similarity),2,SUI1
COBS,Crisp→Overlap (Boundary Similarity),2,SUI2
COBS,Crisp→Overlap (Boundary Similarity),2,SUI3
COBS,Crisp→Overlap (Boundary Similarity),2,SUV3
COBS,Crisp→Overlap (Boundary Similarity),2,TEF1
COBS,Crisp→Overlap (Boundary Similarity),2,TEF2
COBS,Crisp→Overlap (Boundary Similarity),2,TEF4
COBS,Crisp→Overlap (Boundary Similarity),2,TIF1
COBS,Crisp→Overlap (Boundary Similarity),2,TIF11
COBS,Crisp→Overlap (Boundary Similarity),2,TIF34
COBS,Crisp→Overlap (Boundary Similarity),2,TIF35
COBS,Crisp→Overlap (Boundary Similarity),2,TIF5
COBS,Crisp→Overlap (Boundary Similarity),2,URB1
COBS,Crisp→Overlap (Boundary Similarity),2,URB2
COBS,Crisp→Overlap (Boundary Similarity),2,UTP10
COBS,Crisp→Overlap (Boundary Similarity),2,UTP13
COBS,Crisp→Overlap (Boundary Similarity),2,UTP15
COBS,Crisp→Overlap (Boundary Similarity),2,UTP18
COBS,Crisp→Overlap (Boundary Similarity),2,UTP21
COBS,Crisp→Overlap (Boundary Similarity),2,UTP22
COBS,Crisp→Overlap (Boundary Similarity),2,UTP4
COBS,Crisp→Overlap (Boundary Similarity),2,UTP6
COBS,Crisp→Overlap (Boundary Similarity),2,UTP8
COBS,Crisp→Overlap (Boundary Similarity),2,UTP9
COBS,Crisp→Overlap (Boundary Similarity),3,ARC1
COBS,Crisp→Overlap (Boundary Similarity),3,ATP1
COBS,Crisp→Overlap (Boundary Similarity),3,ATP14
COBS,Crisp→Overlap (Boundary Similarity),3,ATP15
COBS,Crisp→Overlap (Boundary Similarity),3,ATP16
COBS,Crisp→Overlap (Boundary Similarity),3,ATP17
COBS,Crisp→Overlap (Boundary Similarity),3,ATP18
COBS,Crisp→Overlap (Boundary Similarity),3,ATP19
COBS,Crisp→Overlap (Boundary Similarity),3,ATP2
COBS,Crisp→Overlap (Boundary Similarity),3,ATP20
COBS,Crisp→Overlap (Boundary Similarity),3,ATP3
COBS,Crisp→Overlap (Boundary Similarity),3,ATP4
COBS,Crisp→Overlap (Boundary Similarity),3,ATP5
COBS,Crisp→Overlap (Boundary Similarity),3,ATP6
COBS,Crisp→Overlap (Boundary Similarity),3,ATP7
COBS,Crisp→Overlap (Boundary Similarity),3,ATP8
COBS,Crisp→Overlap (Boundary Similarity),3,BI3
COBS,Crisp→Overlap (Boundary Similarity),3,BI4
COBS,Crisp→Overlap (Boundary Similarity),3,COB
COBS,Crisp→Overlap (Boundary Similarity),3,COR1
COBS,Crisp→Overlap (Boundary Similarity),3,COX1
COBS,Crisp→Overlap (Boundary Similarity),3,COX12
COBS,Crisp→Overlap (Boundary Similarity),3,COX13
COBS,Crisp→Overlap (Boundary Similarity),3,COX14
COBS,Crisp→Overlap (Boundary Similarity),3,COX2
COBS,Crisp→Overlap (Boundary Similarity),3,COX3
COBS,Crisp→Overlap (Boundary Similarity),3,COX4
COBS,Crisp→Overlap (Boundary Similarity),3,COX5A
COBS,Crisp→Overlap (Boundary Similarity),3,COX6
COBS,Crisp→Overlap (Boundary Similarity),3,COX7
COBS,Crisp→Overlap (Boundary Similarity),3,COX8
COBS,Crisp→Overlap (Boundary Similarity),3,COX9
COBS,Crisp→Overlap (Boundary Similarity),3,CYT1
COBS,Crisp→Overlap (Boundary Similarity),3,DAD1
COBS,Crisp→Overlap (Boundary Similarity),3,DAD2
COBS,Crisp→Overlap (Boundary Similarity),3,DAD3
COBS,Crisp→Overlap (Boundary Similarity),3,DAD4
COBS,Crisp→Overlap (Boundary Similarity),3,DAM1
COBS,Crisp→Overlap (Boundary Similarity),3,DUO1
COBS,Crisp→Overlap (Boundary Similarity),3,GCV1
COBS,Crisp→Overlap (Boundary Similarity),3,GCV2
COBS,Crisp→Overlap (Boundary Similarity),3,GCV3
COBS,Crisp→Overlap (Boundary Similarity),3,HSK3
COBS,Crisp→Overlap (Boundary Similarity),3,IDH1
COBS,Crisp→Overlap (Boundary Similarity),3,IDH2
COBS,Crisp→Overlap (Boundary Similarity),3,ILV2
COBS,Crisp→Overlap (Boundary Similarity),3,ILV6
COBS,Crisp→Overlap (Boundary Similarity),3,INH1
COBS,Crisp→Overlap (Boundary Similarity),3,IPP1
COBS,Crisp→Overlap (Boundary Similarity),3,KGD1
COBS,Crisp→Overlap (Boundary Similarity),3,KGD2
COBS,Crisp→Overlap (Boundary Similarity),3,LAT1
COBS,Crisp→Overlap (Boundary Similarity),3,LPD1
COBS,Crisp→Overlap (Boundary Similarity),3,LSC1
COBS,Crisp→Overlap (Boundary Similarity),3,LSC2
COBS,Crisp→Overlap (Boundary Similarity),3,MAS1
COBS,Crisp→Overlap (Boundary Similarity),3,MAS2
COBS,Crisp→Overlap (Boundary Similarity),3,MDM10
COBS,Crisp→Overlap (Boundary Similarity),3,MDM12
COBS,Crisp→Overlap (Boundary Similarity),3,MES1
COBS,Crisp→Overlap (Boundary Similarity),3,MGE1
COBS,Crisp→Overlap (Boundary Similarity),3,MMM1
COBS,Crisp→Overlap (Boundary Similarity),3,MRPL11
COBS,Crisp→Overlap (Boundary Similarity),3,MRS1
COBS,Crisp→Overlap (Boundary Similarity),3,MSS51
COBS,Crisp→Overlap (Boundary Similarity),3,NAM2
COBS,Crisp→Overlap (Boundary Similarity),3,OLI1
COBS,Crisp→Overlap (Boundary Similarity),3,PAM16
COBS,Crisp→Overlap (Boundary Similarity),3,PAM17
COBS,Crisp→Overlap (Boundary Similarity),3,PAM18
COBS,Crisp→Overlap (Boundary Similarity),3,PDA1
COBS,Crisp→Overlap (Boundary Similarity),3,PDB1
COBS,Crisp→Overlap (Boundary Similarity),3,PDX1
COBS,Crisp→Overlap (Boundary Similarity),3,PET309
COBS,Crisp→Overlap (Boundary Similarity),3,QCR10
COBS,Crisp→Overlap (Boundary Similarity),3,QCR2
COBS,Crisp→Overlap (Boundary Similarity),3,QCR6
COBS,Crisp→Overlap (Boundary Similarity),3,QCR7
COBS,Crisp→Overlap (Boundary Similarity),3,QCR8
COBS,Crisp→Overlap (Boundary Similarity),3,QCR9
COBS,Crisp→Overlap (Boundary Similarity),3,RAV1
COBS,Crisp→Overlap (Boundary Similarity),3,RAV2
COBS,Crisp→Overlap (Boundary Similarity),3,RIP1
COBS,Crisp→Overlap (Boundary Similarity),3,SAM35
COBS,Crisp→Overlap (Boundary Similarity),3,SAM37
COBS,Crisp→Overlap (Boundary Similarity),3,SAM50
COBS,Crisp→Overlap (Boundary Similarity),3,SDH1
COBS,Crisp→Overlap (Boundary Similarity),3,SDH2
COBS,Crisp→Overlap (Boundary Similarity),3,SDH3
COBS,Crisp→Overlap (Boundary Similarity),3,SDH4
COBS,Crisp→Overlap (Boundary Similarity),3,SPC19
COBS,Crisp→Overlap (Boundary Similarity),3,SPC34
COBS,Crisp→Overlap (Boundary Similarity),3,SSC1
COBS,Crisp→Overlap (Boundary Similarity),3,STF1
COBS,Crisp→Overlap (Boundary Similarity),3,STF2
COBS,Crisp→Overlap (Boundary Similarity),3,STV1
COBS,Crisp→Overlap (Boundary Similarity),3,TIM10
COBS,Crisp→Overlap (Boundary Similarity),3,TIM11
COBS,Crisp→Overlap (Boundary Similarity),3,TIM12
COBS,Crisp→Overlap (Boundary Similarity),3,TIM13
COBS,Crisp→Overlap (Boundary Similarity),3,TIM17
COBS,Crisp→Overlap (Boundary Similarity),3,TIM18
COBS,Crisp→Overlap (Boundary Similarity),3,TIM21
COBS,Crisp→Overlap (Boundary Similarity),3,TIM22
COBS,Crisp→Overlap (Boundary Similarity),3,TIM23
COBS,Crisp→Overlap (Boundary Similarity),3,TIM44
COBS,Crisp→Overlap (Boundary Similarity),3,TIM50
COBS,Crisp→Overlap (Boundary Similarity),3,TIM54
COBS,Crisp→Overlap (Boundary Similarity),3,TIM8
COBS,Crisp→Overlap (Boundary Similarity),3,TIM9
COBS,Crisp→Overlap (Boundary Similarity),3,TOM20
COBS,Crisp→Overlap (Boundary Similarity),3,TOM22
COBS,Crisp→Overlap (Boundary Similarity),3,TOM40
COBS,Crisp→Overlap (Boundary Similarity),3,TOM5
COBS,Crisp→Overlap (Boundary Similarity),3,TOM6
COBS,Crisp→Overlap (Boundary Similarity),3,TOM7
COBS,Crisp→Overlap (Boundary Similarity),3,TOM70
COBS,Crisp→Overlap (Boundary Similarity),3,VAR1
COBS,Crisp→Overlap (Boundary Similarity),3,VMA1
COBS,Crisp→Overlap (Boundary Similarity),3,VMA10
COBS,Crisp→Overlap (Boundary Similarity),3,VMA11
COBS,Crisp→Overlap (Boundary Similarity),3,VMA13
COBS,Crisp→Overlap (Boundary Similarity),3,VMA2
COBS,Crisp→Overlap (Boundary Similarity),3,VMA22
COBS,Crisp→Overlap (Boundary Similarity),3,VMA3
COBS,Crisp→Overlap (Boundary Similarity),3,VMA4
COBS,Crisp→Overlap (Boundary Similarity),3,VMA5
COBS,Crisp→Overlap (Boundary Similarity),3,VMA6
COBS,Crisp→Overlap (Boundary Similarity),3,VMA7
COBS,Crisp→Overlap (Boundary Similarity),3,VMA8
COBS,Crisp→Overlap (Boundary Similarity),3,VPH1
COBS,Crisp→Overlap (Boundary Similarity),3,VPH2
COBS,Crisp→Overlap (Boundary Similarity),3,YMR31
COBS,Crisp→Overlap (Boundary Similarity),4,AAR2
COBS,Crisp→Overlap (Boundary Similarity),4,ARD1
COBS,Crisp→Overlap (Boundary Similarity),4,ASM4
COBS,Crisp→Overlap (Boundary Similarity),4,BRE5
COBS,Crisp→Overlap (Boundary Similarity),4,BRR2
COBS,Crisp→Overlap (Boundary Similarity),4,BUD13
COBS,Crisp→Overlap (Boundary Similarity),4,BUG1
COBS,Crisp→Overlap (Boundary Similarity),4,CBC2
COBS,Crisp→Overlap (Boundary Similarity),4,CDC33
COBS,Crisp→Overlap (Boundary Similarity),4,CEF1
COBS,Crisp→Overlap (Boundary Similarity),4,CLF1
COBS,Crisp→Overlap (Boundary Similarity),4,CUS1
COBS,Crisp→Overlap (Boundary Similarity),4,CUS2
COBS,Crisp→Overlap (Boundary Similarity),4,DCP1
COBS,Crisp→Overlap (Boundary Similarity),4,DCP2
COBS,Crisp→Overlap (Boundary Similarity),4,DCS1
COBS,Crisp→Overlap (Boundary Similarity),4,DCS2
COBS,Crisp→Overlap (Boundary Similarity),4,DIB1
COBS,Crisp→Overlap (Boundary Similarity),4,GLE1
COBS,Crisp→Overlap (Boundary Similarity),4,GRH1
COBS,Crisp→Overlap (Boundary Similarity),4,HPR1
COBS,Crisp→Overlap (Boundary Similarity),4,HSH155
COBS,Crisp→Overlap (Boundary Similarity),4,HSH49
COBS,Crisp→Overlap (Boundary Similarity),4,IST3
COBS,Crisp→Overlap (Boundary Similarity),4,ISY1
COBS,Crisp→Overlap (Boundary Similarity),4,LEA1
COBS,Crisp→Overlap (Boundary Similarity),4,LIN1
COBS,Crisp→Overlap (Boundary Similarity),4,LSM2
COBS,Crisp→Overlap (Boundary Similarity),4,LSM3
COBS,Crisp→Overlap (Boundary Similarity),4,LSM4
COBS,Crisp→Overlap (Boundary Similarity),4,LSM5
COBS,Crisp→Overlap (Boundary Similarity),4,LSM6
COBS,Crisp→Overlap (Boundary Similarity),4,LSM7
COBS,Crisp→Overlap (Boundary Similarity),4,LSM8
COBS,Crisp→Overlap (Boundary Similarity),4,LUC7
COBS,Crisp→Overlap (Boundary Similarity),4,MAK10
COBS,Crisp→Overlap (Boundary Similarity),4,MAK3
COBS,Crisp→Overlap (Boundary Similarity),4,MAK31
COBS,Crisp→Overlap (Boundary Similarity),4,MDM20
COBS,Crisp→Overlap (Boundary Similarity),4,MEX67
COBS,Crisp→Overlap (Boundary Similarity),4,MFT1
COBS,Crisp→Overlap (Boundary Similarity),4,MKT1
COBS,Crisp→Overlap (Boundary Similarity),4,MSL1
COBS,Crisp→Overlap (Boundary Similarity),4,MSL5
COBS,Crisp→Overlap (Boundary Similarity),4,MTR2
COBS,Crisp→Overlap (Boundary Similarity),4,MUD1
COBS,Crisp→Overlap (Boundary Similarity),4,MUD2
COBS,Crisp→Overlap (Boundary Similarity),4,NAF1
COBS,Crisp→Overlap (Boundary Similarity),4,NAM7
COBS,Crisp→Overlap (Boundary Similarity),4,NAM8
COBS,Crisp→Overlap (Boundary Similarity),4,NAT1
COBS,Crisp→Overlap (Boundary Similarity),4,NAT3
COBS,Crisp→Overlap (Boundary Similarity),4,NAT5
COBS,Crisp→Overlap (Boundary Similarity),4,NEM1
COBS,Crisp→Overlap (Boundary Similarity),4,NIC96
COBS,Crisp→Overlap (Boundary Similarity),4,NMD2
COBS,Crisp→Overlap (Boundary Similarity),4,NSP1
COBS,Crisp→Overlap (Boundary Similarity),4,NTC20
COBS,Crisp→Overlap (Boundary Similarity),4,NTR2
COBS,Crisp→Overlap (Boundary Similarity),4,NUP120
COBS,Crisp→Overlap (Boundary Similarity),4,NUP145
COBS,Crisp→Overlap (Boundary Similarity),4,NUP159
COBS,Crisp→Overlap (Boundary Similarity),4,NUP170
COBS,Crisp→Overlap (Boundary Similarity),4,NUP49
COBS,Crisp→Overlap (Boundary Similarity),4,NUP53
COBS,Crisp→Overlap (Boundary Similarity),4,NUP57
COBS,Crisp→Overlap (Boundary Similarity),4,NUP82
COBS,Crisp→Overlap (Boundary Similarity),4,NUP84
COBS,Crisp→Overlap (Boundary Similarity),4,NUP85
COBS,Crisp→Overlap (Boundary Similarity),4,PBP1
COBS,Crisp→Overlap (Boundary Similarity),4,PML1
COBS,Crisp→Overlap (Boundary Similarity),4,PRP11
COBS,Crisp→Overlap (Boundary Similarity),4,PRP18
COBS,Crisp→Overlap (Boundary Similarity),4,PRP19
COBS,Crisp→Overlap (Boundary Similarity),4,PRP21
COBS,Crisp→Overlap (Boundary Similarity),4,PRP24
COBS,Crisp→Overlap (Boundary Similarity),4,PRP28
COBS,Crisp→Overlap (Boundary Similarity),4,PRP3
COBS,Crisp→Overlap (Boundary Similarity),4,PRP31
COBS,Crisp→Overlap (Boundary Similarity),4,PRP38
COBS,Crisp→Overlap (Boundary Similarity),4,PRP39
COBS,Crisp→Overlap (Boundary Similarity),4,PRP4
COBS,Crisp→Overlap (Boundary Similarity),4,PRP40
COBS,Crisp→Overlap (Boundary Similarity),4,PRP42
COBS,Crisp→Overlap (Boundary Similarity),4,PRP6
COBS,Crisp→Overlap (Boundary Similarity),4,PRP8
COBS,Crisp→Overlap (Boundary Similarity),4,PRP9
COBS,Crisp→Overlap (Boundary Similarity),4,RDS3
COBS,Crisp→Overlap (Boundary Similarity),4,RSE1
COBS,Crisp→Overlap (Boundary Similarity),4,SAC3
COBS,Crisp→Overlap (Boundary Similarity),4,SAR1
COBS,Crisp→Overlap (Boundary Similarity),4,SEC13
COBS,Crisp→Overlap (Boundary Similarity),4,SEC16
COBS,Crisp→Overlap (Boundary Similarity),4,SEC23
COBS,Crisp→Overlap (Boundary Similarity),4,SEC24
COBS,Crisp→Overlap (Boundary Similarity),4,SEC31
COBS,Crisp→Overlap (Boundary Similarity),4,SEH1
COBS,Crisp→Overlap (Boundary Similarity),4,SFB3
COBS,Crisp→Overlap (Boundary Similarity),4,SHQ1
COBS,Crisp→Overlap (Boundary Similarity),4,SMB1
COBS,Crisp→Overlap (Boundary Similarity),4,SMD1
COBS,Crisp→Overlap (Boundary Similarity),4,SMD2
COBS,Crisp→Overlap (Boundary Similarity),4,SMD3
COBS,Crisp→Overlap (Boundary Similarity),4,SME1
COBS,Crisp→Overlap (Boundary Similarity),4,SMX2
COBS,Crisp→Overlap (Boundary Similarity),4,SMX3
COBS,Crisp→Overlap (Boundary Similarity),4,SNP1
COBS,Crisp→Overlap (Boundary Similarity),4,SNT309
COBS,Crisp→Overlap (Boundary Similarity),4,SNU114
COBS,Crisp→Overlap (Boundary Similarity),4,SNU23
COBS,Crisp→Overlap (Boundary Similarity),4,SNU56
COBS,Crisp→Overlap (Boundary Similarity),4,SNU66
COBS,Crisp→Overlap (Boundary Similarity),4,SNU71
COBS,Crisp→Overlap (Boundary Similarity),4,SPO7
COBS,Crisp→Overlap (Boundary Similarity),4,SPP381
COBS,Crisp→Overlap (Boundary Similarity),4,SPP382
COBS,Crisp→Overlap (Boundary Similarity),4,SRO9
COBS,Crisp→Overlap (Boundary Similarity),4,STO1
COBS,Crisp→Overlap (Boundary Similarity),4,SUB2
COBS,Crisp→Overlap (Boundary Similarity),4,SUP35
COBS,Crisp→Overlap (Boundary Similarity),4,SUP45
COBS,Crisp→Overlap (Boundary Similarity),4,SYF1
COBS,Crisp→Overlap (Boundary Similarity),4,SYF2
COBS,Crisp→Overlap (Boundary Similarity),4,TEX1
COBS,Crisp→Overlap (Boundary Similarity),4,THO2
COBS,Crisp→Overlap (Boundary Similarity),4,THP2
COBS,Crisp→Overlap (Boundary Similarity),4,TIF4631
COBS,Crisp→Overlap (Boundary Similarity),4,UBP3
COBS,Crisp→Overlap (Boundary Similarity),4,UPF3
COBS,Crisp→Overlap (Boundary Similarity),4,YHC1
COBS,Crisp→Overlap (Boundary Similarity),4,YRA1
COBS,Crisp→Overlap (Boundary Similarity),4,YSF3
COBS,Crisp→Overlap (Boundary Similarity),5,ASH1
COBS,Crisp→Overlap (Boundary Similarity),5,AVO1
COBS,Crisp→Overlap (Boundary Similarity),5,AVO2
COBS,Crisp→Overlap (Boundary Similarity),5,BIT61
COBS,Crisp→Overlap (Boundary Similarity),5,CPR1
COBS,Crisp→Overlap (Boundary Similarity),5,CSI1
COBS,Crisp→Overlap (Boundary Similarity),5,CSN9
COBS,Crisp→Overlap (Boundary Similarity),5,CTI6
COBS,Crisp→Overlap (Boundary Similarity),5,CYC8
COBS,Crisp→Overlap (Boundary Similarity),5,DEP1
COBS,Crisp→Overlap (Boundary Similarity),5,ECM29
COBS,Crisp→Overlap (Boundary Similarity),5,GAL83
COBS,Crisp→Overlap (Boundary Similarity),5,GCD1
COBS,Crisp→Overlap (Boundary Similarity),5,GCD2
COBS,Crisp→Overlap (Boundary Similarity),5,GCD6
COBS,Crisp→Overlap (Boundary Similarity),5,GCD7
COBS,Crisp→Overlap (Boundary Similarity),5,GCN3
COBS,Crisp→Overlap (Boundary Similarity),5,GTR1
COBS,Crisp→Overlap (Boundary Similarity),5,GTR2
COBS,Crisp→Overlap (Boundary Similarity),5,HOS2
COBS,Crisp→Overlap (Boundary Similarity),5,HOS4
COBS,Crisp→Overlap (Boundary Similarity),5,HST1
COBS,Crisp→Overlap (Boundary Similarity),5,IME1
COBS,Crisp→Overlap (Boundary Similarity),5,KOG1
COBS,Crisp→Overlap (Boundary Similarity),5,LCB1
COBS,Crisp→Overlap (Boundary Similarity),5,LCB2
COBS,Crisp→Overlap (Boundary Similarity),5,LST8
COBS,Crisp→Overlap (Boundary Similarity),5,MEH1
COBS,Crisp→Overlap (Boundary Similarity),5,MKS1
COBS,Crisp→Overlap (Boundary Similarity),5,NAS6
COBS,Crisp→Overlap (Boundary Similarity),5,PCI8
COBS,Crisp→Overlap (Boundary Similarity),5,PEX10
COBS,Crisp→Overlap (Boundary Similarity),5,PEX12
COBS,Crisp→Overlap (Boundary Similarity),5,PEX13
COBS,Crisp→Overlap (Boundary Similarity),5,PEX14
COBS,Crisp→Overlap (Boundary Similarity),5,PEX17
COBS,Crisp→Overlap (Boundary Similarity),5,PEX2
COBS,Crisp→Overlap (Boundary Similarity),5,PHO23
COBS,Crisp→Overlap (Boundary Similarity),5,PRE1
COBS,Crisp→Overlap (Boundary Similarity),5,PRE10
COBS,Crisp→Overlap (Boundary Similarity),5,PRE2
COBS,Crisp→Overlap (Boundary Similarity),5,PRE3
COBS,Crisp→Overlap (Boundary Similarity),5,PRE4
COBS,Crisp→Overlap (Boundary Similarity),5,PRE5
COBS,Crisp→Overlap (Boundary Similarity),5,PRE6
COBS,Crisp→Overlap (Boundary Similarity),5,PRE7
COBS,Crisp→Overlap (Boundary Similarity),5,PRE8
COBS,Crisp→Overlap (Boundary Similarity),5,PRE9
COBS,Crisp→Overlap (Boundary Similarity),5,PUP1
COBS,Crisp→Overlap (Boundary Similarity),5,PUP2
COBS,Crisp→Overlap (Boundary Similarity),5,PUP3
COBS,Crisp→Overlap (Boundary Similarity),5,RCO1
COBS,Crisp→Overlap (Boundary Similarity),5,REG1
COBS,Crisp→Overlap (Boundary Similarity),5,RFM1
COBS,Crisp→Overlap (Boundary Similarity),5,RGP1
COBS,Crisp→Overlap (Boundary Similarity),5,RIC1
COBS,Crisp→Overlap (Boundary Similarity),5,RPN1
COBS,Crisp→Overlap (Boundary Similarity),5,RPN10
COBS,Crisp→Overlap (Boundary Similarity),5,RPN11
COBS,Crisp→Overlap (Boundary Similarity),5,RPN12
COBS,Crisp→Overlap (Boundary Similarity),5,RPN13
COBS,Crisp→Overlap (Boundary Similarity),5,RPN2
COBS,Crisp→Overlap (Boundary Similarity),5,RPN3
COBS,Crisp→Overlap (Boundary Similarity),5,RPN5
COBS,Crisp→Overlap (Boundary Similarity),5,RPN6
COBS,Crisp→Overlap (Boundary Similarity),5,RPN7
COBS,Crisp→Overlap (Boundary Similarity),5,RPN8
COBS,Crisp→Overlap (Boundary Similarity),5,RPN9
COBS,Crisp→Overlap (Boundary Similarity),5,RPT1
COBS,Crisp→Overlap (Boundary Similarity),5,RPT2
COBS,Crisp→Overlap (Boundary Similarity),5,RPT3
COBS,Crisp→Overlap (Boundary Similarity),5,RPT4
COBS,Crisp→Overlap (Boundary Similarity),5,RPT5
COBS,Crisp→Overlap (Boundary Similarity),5,RPT6
COBS,Crisp→Overlap (Boundary Similarity),5,RRI1
COBS,Crisp→Overlap (Boundary Similarity),5,RRI2
COBS,Crisp→Overlap (Boundary Similarity),5,RTG1
COBS,Crisp→Overlap (Boundary Similarity),5,RTG2
COBS,Crisp→Overlap (Boundary Similarity),5,RTG3
COBS,Crisp→Overlap (Boundary Similarity),5,RXT2
COBS,Crisp→Overlap (Boundary Similarity),5,RXT3
COBS,Crisp→Overlap (Boundary Similarity),5,SAP30
COBS,Crisp→Overlap (Boundary Similarity),5,SCL1
COBS,Crisp→Overlap (Boundary Similarity),5,SDS3
COBS,Crisp→Overlap (Boundary Similarity),5,SEM1
COBS,Crisp→Overlap (Boundary Similarity),5,SET3
COBS,Crisp→Overlap (Boundary Similarity),5,SIF2
COBS,Crisp→Overlap (Boundary Similarity),5,SIN3
COBS,Crisp→Overlap (Boundary Similarity),5,SIP1
COBS,Crisp→Overlap (Boundary Similarity),5,SIP2
COBS,Crisp→Overlap (Boundary Similarity),5,SKO1
COBS,Crisp→Overlap (Boundary Similarity),5,SLM1
COBS,Crisp→Overlap (Boundary Similarity),5,SLM2
COBS,Crisp→Overlap (Boundary Similarity),5,SLM4
COBS,Crisp→Overlap (Boundary Similarity),5,SNF1
COBS,Crisp→Overlap (Boundary Similarity),5,SNF4
COBS,Crisp→Overlap (Boundary Similarity),5,SNT1
COBS,Crisp→Overlap (Boundary Similarity),5,SUM1
COBS,Crisp→Overlap (Boundary Similarity),5,TCO89
COBS,Crisp→Overlap (Boundary Similarity),5,THP1
COBS,Crisp→Overlap (Boundary Similarity),5,TOR1
COBS,Crisp→Overlap (Boundary Similarity),5,TOR2
COBS,Crisp→Overlap (Boundary Similarity),5,TSC11
COBS,Crisp→Overlap (Boundary Similarity),5,TUP1
COBS,Crisp→Overlap (Boundary Similarity),5,UBA3
COBS,Crisp→Overlap (Boundary Similarity),5,UBP6
COBS,Crisp→Overlap (Boundary Similarity),5,ULA1
COBS,Crisp→Overlap (Boundary Similarity),5,UME1
COBS,Crisp→Overlap (Boundary Similarity),5,UME6
COBS,Crisp→Overlap (Boundary Similarity),5,YJR084W
COBS,Crisp→Overlap (Boundary Similarity),6,CCS1
COBS,Crisp→Overlap (Boundary Similarity),6,IMG1
COBS,Crisp→Overlap (Boundary Similarity),6,IMG2
COBS,Crisp→Overlap (Boundary Similarity),6,MNP1
COBS,Crisp→Overlap (Boundary Similarity),6,MRP1
COBS,Crisp→Overlap (Boundary Similarity),6,MRP10
COBS,Crisp→Overlap (Boundary Similarity),6,MRP13
COBS,Crisp→Overlap (Boundary Similarity),6,MRP17
COBS,Crisp→Overlap (Boundary Similarity),6,MRP2
COBS,Crisp→Overlap (Boundary Similarity),6,MRP20
COBS,Crisp→Overlap (Boundary Similarity),6,MRP21
COBS,Crisp→Overlap (Boundary Similarity),6,MRP4
COBS,Crisp→Overlap (Boundary Similarity),6,MRP49
COBS,Crisp→Overlap (Boundary Similarity),6,MRP51
COBS,Crisp→Overlap (Boundary Similarity),6,MRP7
COBS,Crisp→Overlap (Boundary Similarity),6,MRPL1
COBS,Crisp→Overlap (Boundary Similarity),6,MRPL10
COBS,Crisp→Overlap (Boundary Similarity),6,MRPL13
COBS,Crisp→Overlap (Boundary Similarity),6,MRPL15
COBS,Crisp→Overlap (Boundary Similarity),6,MRPL16
COBS,Crisp→Overlap (Boundary Similarity),6,MRPL17
COBS,Crisp→Overlap (Boundary Similarity),6,MRPL19
COBS,Crisp→Overlap (Boundary Similarity),6,MRPL20
COBS,Crisp→Overlap (Boundary Similarity),6,MRPL22
COBS,Crisp→Overlap (Boundary Similarity),6,MRPL23
COBS,Crisp→Overlap (Boundary Similarity),6,MRPL24
COBS,Crisp→Overlap (Boundary Similarity),6,MRPL25
COBS,Crisp→Overlap (Boundary Similarity),6,MRPL27
COBS,Crisp→Overlap (Boundary Similarity),6,MRPL28
COBS,Crisp→Overlap (Boundary Similarity),6,MRPL3
COBS,Crisp→Overlap (Boundary Similarity),6,MRPL31
COBS,Crisp→Overlap (Boundary Similarity),6,MRPL32
COBS,Crisp→Overlap (Boundary Similarity),6,MRPL33
COBS,Crisp→Overlap (Boundary Similarity),6,MRPL35
COBS,Crisp→Overlap (Boundary Similarity),6,MRPL36
COBS,Crisp→Overlap (Boundary Similarity),6,MRPL37
COBS,Crisp→Overlap (Boundary Similarity),6,MRPL38
COBS,Crisp→Overlap (Boundary Similarity),6,MRPL39
COBS,Crisp→Overlap (Boundary Similarity),6,MRPL4
COBS,Crisp→Overlap (Boundary Similarity),6,MRPL40
COBS,Crisp→Overlap (Boundary Similarity),6,MRPL44
COBS,Crisp→Overlap (Boundary Similarity),6,MRPL49
COBS,Crisp→Overlap (Boundary Similarity),6,MRPL50
COBS,Crisp→Overlap (Boundary Similarity),6,MRPL51
COBS,Crisp→Overlap (Boundary Similarity),6,MRPL6
COBS,Crisp→Overlap (Boundary Similarity),6,MRPL7
COBS,Crisp→Overlap (Boundary Similarity),6,MRPL8
COBS,Crisp→Overlap (Boundary Similarity),6,MRPL9
COBS,Crisp→Overlap (Boundary Similarity),6,MRPS16
COBS,Crisp→Overlap (Boundary Similarity),6,MRPS17
COBS,Crisp→Overlap (Boundary Similarity),6,MRPS18
COBS,Crisp→Overlap (Boundary Similarity),6,MRPS28
COBS,Crisp→Overlap (Boundary Similarity),6,MRPS35
COBS,Crisp→Overlap (Boundary Similarity),6,MRPS5
COBS,Crisp→Overlap (Boundary Similarity),6,MRPS8
COBS,Crisp→Overlap (Boundary Similarity),6,MRPS9
COBS,Crisp→Overlap (Boundary Similarity),6,MRX14
COBS,Crisp→Overlap (Boundary Similarity),6,MSS1
COBS,Crisp→Overlap (Boundary Similarity),6,MTO1
COBS,Crisp→Overlap (Boundary Similarity),6,NAM9
COBS,Crisp→Overlap (Boundary Similarity),6,PET123
COBS,Crisp→Overlap (Boundary Similarity),6,PPE1
COBS,Crisp→Overlap (Boundary Similarity),6,RML2
COBS,Crisp→Overlap (Boundary Similarity),6,RSM10
COBS,Crisp→Overlap (Boundary Similarity),6,RSM18
COBS,Crisp→Overlap (Boundary Similarity),6,RSM19
COBS,Crisp→Overlap (Boundary Similarity),6,RSM22
COBS,Crisp→Overlap (Boundary Similarity),6,RSM23
COBS,Crisp→Overlap (Boundary Similarity),6,RSM24
COBS,Crisp→Overlap (Boundary Similarity),6,RSM25
COBS,Crisp→Overlap (Boundary Similarity),6,RSM26
COBS,Crisp→Overlap (Boundary Similarity),6,RSM27
COBS,Crisp→Overlap (Boundary Similarity),6,RSM7
COBS,Crisp→Overlap (Boundary Similarity),6,RTC6
COBS,Crisp→Overlap (Boundary Similarity),6,SOD1
COBS,Crisp→Overlap (Boundary Similarity),6,SWS2
COBS,Crisp→Overlap (Boundary Similarity),6,YML6
COBS,Crisp→Overlap (Boundary Similarity),7,AIR1
COBS,Crisp→Overlap (Boundary Similarity),7,AIR2
COBS,Crisp→Overlap (Boundary Similarity),7,BCY1
COBS,Crisp→Overlap (Boundary Similarity),7,BNI4
COBS,Crisp→Overlap (Boundary Similarity),7,CFT1
COBS,Crisp→Overlap (Boundary Similarity),7,CFT2
COBS,Crisp→Overlap (Boundary Similarity),7,CLP1
COBS,Crisp→Overlap (Boundary Similarity),7,FIP1
COBS,Crisp→Overlap (Boundary Similarity),7,GAC1
COBS,Crisp→Overlap (Boundary Similarity),7,GIP1
COBS,Crisp→Overlap (Boundary Similarity),7,GLC7
COBS,Crisp→Overlap (Boundary Similarity),7,HRP1
COBS,Crisp→Overlap (Boundary Similarity),7,MPE1
COBS,Crisp→Overlap (Boundary Similarity),7,PAP1
COBS,Crisp→Overlap (Boundary Similarity),7,PAP2
COBS,Crisp→Overlap (Boundary Similarity),7,PCF11
COBS,Crisp→Overlap (Boundary Similarity),7,PFS2
COBS,Crisp→Overlap (Boundary Similarity),7,PTA1
COBS,Crisp→Overlap (Boundary Similarity),7,PTI1
COBS,Crisp→Overlap (Boundary Similarity),7,RAI1
COBS,Crisp→Overlap (Boundary Similarity),7,RAT1
COBS,Crisp→Overlap (Boundary Similarity),7,REF2
COBS,Crisp→Overlap (Boundary Similarity),7,REG2
COBS,Crisp→Overlap (Boundary Similarity),7,RNA14
COBS,Crisp→Overlap (Boundary Similarity),7,RNA15
COBS,Crisp→Overlap (Boundary Similarity),7,RTT103
COBS,Crisp→Overlap (Boundary Similarity),7,SDS22
COBS,Crisp→Overlap (Boundary Similarity),7,SSU72
COBS,Crisp→Overlap (Boundary Similarity),7,SYC1
COBS,Crisp→Overlap (Boundary Similarity),7,TPK1
COBS,Crisp→Overlap (Boundary Similarity),7,TPK2
COBS,Crisp→Overlap (Boundary Similarity),7,TPK3
COBS,Crisp→Overlap (Boundary Similarity),7,YSH1
COBS,Crisp→Overlap (Boundary Similarity),7,YTH1
COBS,Crisp→Overlap (Boundary Similarity),8,ATG20
COBS,Crisp→Overlap (Boundary Similarity),8,BUL1
COBS,Crisp→Overlap (Boundary Similarity),8,BUL2
COBS,Crisp→Overlap (Boundary Similarity),8,DID4
COBS,Crisp→Overlap (Boundary Similarity),8,HSE1
COBS,Crisp→Overlap (Boundary Similarity),8,MVB12
COBS,Crisp→Overlap (Boundary Similarity),8,PEP8
COBS,Crisp→Overlap (Boundary Similarity),8,RSP5
COBS,Crisp→Overlap (Boundary Similarity),8,SNF7
COBS,Crisp→Overlap (Boundary Similarity),8,SNF8
COBS,Crisp→Overlap (Boundary Similarity),8,SNX4
COBS,Crisp→Overlap (Boundary Similarity),8,SNX41
COBS,Crisp→Overlap (Boundary Similarity),8,SRN2
COBS,Crisp→Overlap (Boundary Similarity),8,STP22
COBS,Crisp→Overlap (Boundary Similarity),8,VPS17
COBS,Crisp→Overlap (Boundary Similarity),8,VPS20
COBS,Crisp→Overlap (Boundary Similarity),8,VPS24
COBS,Crisp→Overlap (Boundary Similarity),8,VPS25
COBS,Crisp→Overlap (Boundary Similarity),8,VPS27
COBS,Crisp→Overlap (Boundary Similarity),8,VPS28
COBS,Crisp→Overlap (Boundary Similarity),8,VPS29
COBS,Crisp→Overlap (Boundary Similarity),8,VPS35
COBS,Crisp→Overlap (Boundary Similarity),8,VPS36
COBS,Crisp→Overlap (Boundary Similarity),8,VPS5
COBS,Crisp→Overlap (Boundary Similarity),9,CCT2
COBS,Crisp→Overlap (Boundary Similarity),9,CCT3
COBS,Crisp→Overlap (Boundary Similarity),9,CCT4
COBS,Crisp→Overlap (Boundary Similarity),9,CCT5
COBS,Crisp→Overlap (Boundary Similarity),9,CCT6
COBS,Crisp→Overlap (Boundary Similarity),9,CCT7
COBS,Crisp→Overlap (Boundary Similarity),9,CCT8
COBS,Crisp→Overlap (Boundary Similarity),9,FAR10
COBS,Crisp→Overlap (Boundary Similarity),9,FAR11
COBS,Crisp→Overlap (Boundary Similarity),9,FAR3
COBS,Crisp→Overlap (Boundary Similarity),9,FAR7
COBS,Crisp→Overlap (Boundary Similarity),9,FAR8
COBS,Crisp→Overlap (Boundary Similarity),9,GIM3
COBS,Crisp→Overlap (Boundary Similarity),9,GIM4
COBS,Crisp→Overlap (Boundary Similarity),9,GIM5
COBS,Crisp→Overlap (Boundary Similarity),9,PAC10
COBS,Crisp→Overlap (Boundary Similarity),9,PFD1
COBS,Crisp→Overlap (Boundary Similarity),9,TCP1
COBS,Crisp→Overlap (Boundary Similarity),9,VPS64
COBS,Crisp→Overlap (Boundary Similarity),9,YKE2
COBS,Crisp→Overlap (Boundary Similarity),10,POP1
COBS,Crisp→Overlap (Boundary Similarity),10,POP3
COBS,Crisp→Overlap (Boundary Similarity),10,POP4
COBS,Crisp→Overlap (Boundary Similarity),10,POP5
COBS,Crisp→Overlap (Boundary Similarity),10,POP6
COBS,Crisp→Overlap (Boundary Similarity),10,POP7
COBS,Crisp→Overlap (Boundary Similarity),10,POP8
COBS,Crisp→Overlap (Boundary Similarity),10,RMP1
COBS,Crisp→Overlap (Boundary Similarity),10,RPP1
COBS,Crisp→Overlap (Boundary Similarity),10,RPR2
COBS,Crisp→Overlap (Boundary Similarity),10,SEN15
COBS,Crisp→Overlap (Boundary Similarity),10,SEN2
COBS,Crisp→Overlap (Boundary Similarity),10,SEN34
COBS,Crisp→Overlap (Boundary Similarity),10,SEN54
COBS,Crisp→Overlap (Boundary Similarity),10,SNM1
COBS,Crisp→Overlap (Boundary Similarity),11,COG1
COBS,Crisp→Overlap (Boundary Similarity),11,COG2
COBS,Crisp→Overlap (Boundary Similarity),11,COG3
COBS,Crisp→Overlap (Boundary Similarity),11,COG4
COBS,Crisp→Overlap (Boundary Similarity),11,COG5
COBS,Crisp→Overlap (Boundary Similarity),11,COG6
COBS,Crisp→Overlap (Boundary Similarity),11,COG7
COBS,Crisp→Overlap (Boundary Similarity),11,COG8
COBS,Crisp→Overlap (Boundary Similarity),11,VPS51
COBS,Crisp→Overlap (Boundary Similarity),11,VPS52
COBS,Crisp→Overlap (Boundary Similarity),11,VPS53
COBS,Crisp→Overlap (Boundary Similarity),11,VPS54
COBS,Crisp→Overlap (Boundary Similarity),12,OST1
COBS,Crisp→Overlap (Boundary Similarity),12,OST2
COBS,Crisp→Overlap (Boundary Similarity),12,OST3
COBS,Crisp→Overlap (Boundary Similarity),12,OST4
COBS,Crisp→Overlap (Boundary Similarity),12,OST5
COBS,Crisp→Overlap (Boundary Similarity),12,OST6
COBS,Crisp→Overlap (Boundary Similarity),12,SBH2
COBS,Crisp→Overlap (Boundary Similarity),12,SEC61
COBS,Crisp→Overlap (Boundary Similarity),12,STT3
COBS,Crisp→Overlap (Boundary Similarity),12,SWP1
COBS,Crisp→Overlap (Boundary Similarity),12,WBP1
COBS,Crisp→Overlap (Boundary Similarity),13,BET3
COBS,Crisp→Overlap (Boundary Similarity),13,BET5
COBS,Crisp→Overlap (Boundary Similarity),13,TRS120
COBS,Crisp→Overlap (Boundary Similarity),13,TRS130
COBS,Crisp→Overlap (Boundary Similarity),13,TRS20
COBS,Crisp→Overlap (Boundary Similarity),13,TRS23
COBS,Crisp→Overlap (Boundary Similarity),13,TRS31
COBS,Crisp→Overlap (Boundary Similarity),13,TRS33
COBS,Crisp→Overlap (Boundary Similarity),13,TRS65
COBS,Crisp→Overlap (Boundary Similarity),13,TRS85
COBS,Crisp→Overlap (Boundary Similarity),14,ANP1
COBS,Crisp→Overlap (Boundary Similarity),14,HOC1
COBS,Crisp→Overlap (Boundary Similarity),14,MNN10
COBS,Crisp→Overlap (Boundary Similarity),14,MNN11
COBS,Crisp→Overlap (Boundary Similarity),14,MNN9
COBS,Crisp→Overlap (Boundary Similarity),14,PMT1
COBS,Crisp→Overlap (Boundary Similarity),14,PMT2
COBS,Crisp→Overlap (Boundary Similarity),14,PMT3
COBS,Crisp→Overlap (Boundary Similarity),14,PMT5
COBS,Crisp→Overlap (Boundary Similarity),14,VAN1
COBS,Crisp→Overlap (Boundary Similarity),15,ATG12
COBS,Crisp→Overlap (Boundary Similarity),15,ATG14
COBS,Crisp→Overlap (Boundary Similarity),15,ATG16
COBS,Crisp→Overlap (Boundary Similarity),15,ATG5
COBS,Crisp→Overlap (Boundary Similarity),15,FIG4
COBS,Crisp→Overlap (Boundary Similarity),15,VAC14
COBS,Crisp→Overlap (Boundary Similarity),15,VPS15
COBS,Crisp→Overlap (Boundary Similarity),15,VPS30
COBS,Crisp→Overlap (Boundary Similarity),15,VPS34
COBS,Crisp→Overlap (Boundary Similarity),15,VPS38
COBS,Crisp→Overlap (Boundary Similarity),16,GCD10
COBS,Crisp→Overlap (Boundary Similarity),16,GCD14
COBS,Crisp→Overlap (Boundary Similarity),16,TRM11
COBS,Crisp→Overlap (Boundary Similarity),16,TRM112
COBS,Crisp→Overlap (Boundary Similarity),16,TRM8
COBS,Crisp→Overlap (Boundary Similarity),16,TRM82
COBS,Crisp→Overlap (Boundary Similarity),17,FKS1
COBS,Crisp→Overlap (Boundary Similarity),17,GSC2
COBS,Crisp→Overlap (Boundary Similarity),17,TPS1
COBS,Crisp→Overlap (Boundary Similarity),17,TPS2
COBS,Crisp→Overlap (Boundary Similarity),17,TPS3
COBS,Crisp→Overlap (Boundary Similarity),17,TSL1
COBS,Crisp→Overlap (Boundary Similarity),18,AFG3
COBS,Crisp→Overlap (Boundary Similarity),18,MGR1
COBS,Crisp→Overlap (Boundary Similarity),18,PHB1
COBS,Crisp→Overlap (Boundary Similarity),18,PHB2
COBS,Crisp→Overlap (Boundary Similarity),18,YME1
COBS,Crisp→Overlap (Boundary Similarity),18,YTA12
COBS,Crisp→Overlap (Boundary Similarity),19,ARF1
COBS,Crisp→Overlap (Boundary Similarity),19,BCH1
COBS,Crisp→Overlap (Boundary Similarity),19,BCH2
COBS,Crisp→Overlap (Boundary Similarity),19,BUD7
COBS,Crisp→Overlap (Boundary Similarity),19,CHS5
COBS,Crisp→Overlap (Boundary Similarity),19,CHS6
COBS,Crisp→Overlap (Boundary Similarity),20,SBH1
COBS,Crisp→Overlap (Boundary Similarity),20,SEC62
COBS,Crisp→Overlap (Boundary Similarity),20,SEC63
COBS,Crisp→Overlap (Boundary Similarity),20,SEC66
COBS,Crisp→Overlap (Boundary Similarity),20,SEC72
COBS,Crisp→Overlap (Boundary Similarity),20,SSS1
COBS,Crisp→Overlap (Boundary Similarity),21,CBK1
COBS,Crisp→Overlap (Boundary Similarity),21,HYM1
COBS,Crisp→Overlap (Boundary Similarity),21,KIC1
COBS,Crisp→Overlap (Boundary Similarity),21,MOB2
COBS,Crisp→Overlap (Boundary Similarity),21,SOG2
COBS,Crisp→Overlap (Boundary Similarity),22,EMP24
COBS,Crisp→Overlap (Boundary Similarity),22,ERP1
COBS,Crisp→Overlap (Boundary Similarity),22,ERP2
COBS,Crisp→Overlap (Boundary Similarity),22,ERV25
COBS,Crisp→Overlap (Boundary Similarity),23,FET3
COBS,Crisp→Overlap (Boundary Similarity),23,FET5
COBS,Crisp→Overlap (Boundary Similarity),23,FTH1
COBS,Crisp→Overlap (Boundary Similarity),23,FTR1
COBS,Crisp→Overlap (Boundary Similarity),24,HAP2
COBS,Crisp→Overlap (Boundary Similarity),24,HAP3
COBS,Crisp→Overlap (Boundary Similarity),24,HAP4
COBS,Crisp→Overlap (Boundary Similarity),24,HAP5
COBS,Crisp→Overlap (Boundary Similarity),25,GET1
COBS,Crisp→Overlap (Boundary Similarity),25,GET2
COBS,Crisp→Overlap (Boundary Similarity),25,GET3
COBS,Crisp→Overlap (Boundary Similarity),26,RNR1
COBS,Crisp→Overlap (Boundary Similarity),26,RNR2
COBS,Crisp→Overlap (Boundary Similarity),26,RNR4
COBS,Crisp→Overlap (Boundary Similarity),27,FZO1
COBS,Crisp→Overlap (Boundary Similarity),27,MGM1
COBS,Crisp→Overlap (Boundary Similarity),27,UGO1
COBS,Crisp→Overlap (Boundary Similarity),28,ALG13
COBS,Crisp→Overlap (Boundary Similarity),28,ALG14
COBS,Crisp→Overlap (Boundary Similarity),29,FRS1
COBS,Crisp→Overlap (Boundary Similarity),29,FRS2
