algo_key,algo_name,node,n_memberships,memberships
COBS,Crisp→Overlap (Boundary Similarity),AAR2,1,[1]
COBS,Crisp→Overlap (Boundary Similarity),ABF1,1,[1]
COBS,Crisp→Overlap (Boundary Similarity),ACT1,1,[1]
COBS,Crisp→Overlap (Boundary Similarity),ADA2,1,[1]
COBS,Crisp→Overlap (Boundary Similarity),AFG3,1,[1]
COBS,Crisp→Overlap (Boundary Similarity),AHC1,1,[1]
COBS,Crisp→Overlap (Boundary Similarity),AIR1,1,[1]
COBS,Crisp→Overlap (Boundary Similarity),AIR2,1,[1]
COBS,Crisp→Overlap (Boundary Similarity),ALG13,1,[1]
COBS,Crisp→Overlap (Boundary Similarity),ALG14,1,[1]
COBS,Crisp→Overlap (Boundary Similarity),AME1,1,[1]
COBS,Crisp→Overlap (Boundary Similarity),ANP1,1,[1]
COBS,Crisp→Overlap (Boundary Similarity),AOS1,1,[1]
COBS,Crisp→Overlap (Boundary Similarity),APC1,1,[1]
COBS,Crisp→Overlap (Boundary Similarity),APC11,1,[1]
COBS,Crisp→Overlap (Boundary Similarity),APC2,1,[1]
COBS,Crisp→Overlap (Boundary Similarity),APC4,1,[1]
COBS,Crisp→Overlap (Boundary Similarity),APC5,1,[1]
COBS,Crisp→Overlap (Boundary Similarity),APC9,1,[1]
COBS,Crisp→Overlap (Boundary Similarity),APL1,1,[1]
COBS,Crisp→Overlap (Boundary Similarity),APL2,1,[1]
COBS,Crisp→Overlap (Boundary Similarity),APL3,1,[1]
COBS,Crisp→Overlap (Boundary Similarity),APL4,1,[1]
COBS,Crisp→Overlap (Boundary Similarity),APL5,1,[1]
COBS,Crisp→Overlap (Boundary Similarity),APL6,1,[1]
COBS,Crisp→Overlap (Boundary Similarity),APM1,1,[1]
COBS,Crisp→Overlap (Boundary Similarity),APM2,1,[1]
COBS,Crisp→Overlap (Boundary Similarity),APM3,1,[1]
COBS,Crisp→Overlap (Boundary Similarity),APM4,1,[1]
COBS,Crisp→Overlap (Boundary Similarity),APS1,1,[1]
COBS,Crisp→Overlap (Boundary Similarity),APS2,1,[1]
COBS,Crisp→Overlap (Boundary Similarity),APS3,1,[1]
COBS,Crisp→Overlap (Boundary Similarity),ARC1,1,[1]
COBS,Crisp→Overlap (Boundary Similarity),ARC15,1,[1]
COBS,Crisp→Overlap (Boundary Similarity),ARC18,1,[1]
COBS,Crisp→Overlap (Boundary Similarity),ARC19,1,[1]
COBS,Crisp→Overlap (Boundary Similarity),ARC35,1,[1]
COBS,Crisp→Overlap (Boundary Similarity),ARC40,1,[1]
COBS,Crisp→Overlap (Boundary Similarity),ARD1,1,[1]
COBS,Crisp→Overlap (Boundary Similarity),ARF1,1,[2]
COBS,Crisp→Overlap (Boundary Similarity),ARG80,1,[1]
COBS,Crisp→Overlap (Boundary Similarity),ARG81,1,[1]
COBS,Crisp→Overlap (Boundary Similarity),ARG82,1,[1]
COBS,Crisp→Overlap (Boundary Similarity),ARP1,1,[1]
COBS,Crisp→Overlap (Boundary Similarity),ARP10,1,[1]
COBS,Crisp→Overlap (Boundary Similarity),ARP2,1,[1]
COBS,Crisp→Overlap (Boundary Similarity),ARP3,1,[1]
COBS,Crisp→Overlap (Boundary Similarity),ARP4,1,[1]
COBS,Crisp→Overlap (Boundary Similarity),ARP5,1,[1]
COBS,Crisp→Overlap (Boundary Similarity),ARP6,1,[1]
COBS,Crisp→Overlap (Boundary Similarity),ARP7,1,[1]
COBS,Crisp→Overlap (Boundary Similarity),ARP8,1,[1]
COBS,Crisp→Overlap (Boundary Similarity),ARP9,1,[1]
COBS,Crisp→Overlap (Boundary Similarity),ASC1,1,[1]
COBS,Crisp→Overlap (Boundary Similarity),ASF1,1,[1]
COBS,Crisp→Overlap (Boundary Similarity),ASH1,1,[1]
COBS,Crisp→Overlap (Boundary Similarity),ASK1,1,[1]
COBS,Crisp→Overlap (Boundary Similarity),ASM4,1,[1]
COBS,Crisp→Overlap (Boundary Similarity),ATG12,1,[1]
COBS,Crisp→Overlap (Boundary Similarity),ATG14,1,[1]
COBS,Crisp→Overlap (Boundary Similarity),ATG16,1,[1]
COBS,Crisp→Overlap (Boundary Similarity),ATG20,1,[1]
COBS,Crisp→Overlap (Boundary Similarity),ATG5,1,[1]
COBS,Crisp→Overlap (Boundary Similarity),ATP1,1,[1]
COBS,Crisp→Overlap (Boundary Similarity),ATP14,1,[1]
COBS,Crisp→Overlap (Boundary Similarity),ATP15,1,[1]
COBS,Crisp→Overlap (Boundary Similarity),ATP16,1,[1]
COBS,Crisp→Overlap (Boundary Similarity),ATP17,1,[1]
COBS,Crisp→Overlap (Boundary Similarity),ATP18,1,[1]
COBS,Crisp→Overlap (Boundary Similarity),ATP19,1,[1]
COBS,Crisp→Overlap (Boundary Similarity),ATP2,1,[1]
COBS,Crisp→Overlap (Boundary Similarity),ATP20,1,[1]
COBS,Crisp→Overlap (Boundary Similarity),ATP3,1,[1]
COBS,Crisp→Overlap (Boundary Similarity),ATP4,1,[1]
COBS,Crisp→Overlap (Boundary Similarity),ATP5,1,[1]
COBS,Crisp→Overlap (Boundary Similarity),ATP6,1,[1]
COBS,Crisp→Overlap (Boundary Similarity),ATP7,1,[1]
COBS,Crisp→Overlap (Boundary Similarity),ATP8,1,[1]
COBS,Crisp→Overlap (Boundary Similarity),AVO1,1,[1]
COBS,Crisp→Overlap (Boundary Similarity),AVO2,1,[1]
COBS,Crisp→Overlap (Boundary Similarity),BBP1,1,[1]
COBS,Crisp→Overlap (Boundary Similarity),BCH1,1,[1]
COBS,Crisp→Overlap (Boundary Similarity),BCH2,1,[1]
COBS,Crisp→Overlap (Boundary Similarity),BCY1,1,[1]
COBS,Crisp→Overlap (Boundary Similarity),BDP1,1,[1]
COBS,Crisp→Overlap (Boundary Similarity),BET2,1,[1]
COBS,Crisp→Overlap (Boundary Similarity),BET3,1,[1]
COBS,Crisp→Overlap (Boundary Similarity),BET4,1,[1]
COBS,Crisp→Overlap (Boundary Similarity),BET5,1,[1]
COBS,Crisp→Overlap (Boundary Similarity),BFA1,1,[1]
COBS,Crisp→Overlap (Boundary Similarity),BI3,1,[1]
COBS,Crisp→Overlap (Boundary Similarity),BI4,1,[1]
COBS,Crisp→Overlap (Boundary Similarity),BIR1,1,[1]
COBS,Crisp→Overlap (Boundary Similarity),BIT61,1,[1]
COBS,Crisp→Overlap (Boundary Similarity),BNI4,1,[1]
COBS,Crisp→Overlap (Boundary Similarity),BRE1,1,[1]
COBS,Crisp→Overlap (Boundary Similarity),BRE2,1,[1]
COBS,Crisp→Overlap (Boundary Similarity),BRE5,1,[1]
COBS,Crisp→Overlap (Boundary Similarity),BRF1,1,[1]
COBS,Crisp→Overlap (Boundary Similarity),BRN1,1,[1]
COBS,Crisp→Overlap (Boundary Similarity),BRR2,1,[1]
COBS,Crisp→Overlap (Boundary Similarity),BTT1,1,[1]
COBS,Crisp→Overlap (Boundary Similarity),BUB1,1,[1]
COBS,Crisp→Overlap (Boundary Similarity),BUB2,1,[1]
COBS,Crisp→Overlap (Boundary Similarity),BUB3,1,[1]
COBS,Crisp→Overlap (Boundary Similarity),BUD13,1,[1]
COBS,Crisp→Overlap (Boundary Similarity),BUD14,1,[1]
COBS,Crisp→Overlap (Boundary Similarity),BUD6,1,[1]
COBS,Crisp→Overlap (Boundary Similarity),BUD7,1,[1]
COBS,Crisp→Overlap (Boundary Similarity),BUG1,1,[1]
COBS,Crisp→Overlap (Boundary Similarity),BUL1,1,[1]
COBS,Crisp→Overlap (Boundary Similarity),BUL2,1,[1]
COBS,Crisp→Overlap (Boundary Similarity),BUR2,1,[1]
COBS,Crisp→Overlap (Boundary Similarity),BUR6,1,[1]
COBS,Crisp→Overlap (Boundary Similarity),CAC2,1,[1]
COBS,Crisp→Overlap (Boundary Similarity),CAF130,1,[1]
COBS,Crisp→Overlap (Boundary Similarity),CAF40,1,[1]
COBS,Crisp→Overlap (Boundary Similarity),CAM1,1,[1]
COBS,Crisp→Overlap (Boundary Similarity),CBC2,1,[1]
COBS,Crisp→Overlap (Boundary Similarity),CBF1,1,[1]
COBS,Crisp→Overlap (Boundary Similarity),CBF2,1,[1]
COBS,Crisp→Overlap (Boundary Similarity),CBK1,1,[1]
COBS,Crisp→Overlap (Boundary Similarity),CCL1,1,[1]
COBS,Crisp→Overlap (Boundary Similarity),CCR4,1,[1]
COBS,Crisp→Overlap (Boundary Similarity),CCS1,1,[1]
COBS,Crisp→Overlap (Boundary Similarity),CCT2,1,[1]
COBS,Crisp→Overlap (Boundary Similarity),CCT3,1,[1]
COBS,Crisp→Overlap (Boundary Similarity),CCT4,1,[1]
COBS,Crisp→Overlap (Boundary Similarity),CCT5,1,[1]
COBS,Crisp→Overlap (Boundary Similarity),CCT6,1,[1]
COBS,Crisp→Overlap (Boundary Similarity),CCT7,1,[1]
COBS,Crisp→Overlap (Boundary Similarity),CCT8,1,[1]
COBS,Crisp→Overlap (Boundary Similarity),CCZ1,1,[1]
COBS,Crisp→Overlap (Boundary Similarity),CDC14,1,[1]
COBS,Crisp→Overlap (Boundary Similarity),CDC16,1,[1]
COBS,Crisp→Overlap (Boundary Similarity),CDC20,1,[1]
COBS,Crisp→Overlap (Boundary Similarity),CDC23,1,[1]
COBS,Crisp→Overlap (Boundary Similarity),CDC24,1,[1]
COBS,Crisp→Overlap (Boundary Similarity),CDC26,1,[1]
COBS,Crisp→Overlap (Boundary Similarity),CDC27,1,[1]
COBS,Crisp→Overlap (Boundary Similarity),CDC28,1,[1]
COBS,Crisp→Overlap (Boundary Similarity),CDC33,1,[1]
COBS,Crisp→Overlap (Boundary Similarity),CDC34,1,[1]
COBS,Crisp→Overlap (Boundary Similarity),CDC36,1,[1]
COBS,Crisp→Overlap (Boundary Similarity),CDC39,1,[1]
COBS,Crisp→Overlap (Boundary Similarity),CDC4,1,[1]
COBS,Crisp→Overlap (Boundary Similarity),CDC42,1,[1]
COBS,Crisp→Overlap (Boundary Similarity),CDC48,1,[1]
COBS,Crisp→Overlap (Boundary Similarity),CDC53,1,[1]
COBS,Crisp→Overlap (Boundary Similarity),CDC55,1,[1]
COBS,Crisp→Overlap (Boundary Similarity),CDC7,1,[1]
COBS,Crisp→Overlap (Boundary Similarity),CDC73,1,[1]
COBS,Crisp→Overlap (Boundary Similarity),CDH1,1,[1]
COBS,Crisp→Overlap (Boundary Similarity),CEF1,1,[1]
COBS,Crisp→Overlap (Boundary Similarity),CEG1,1,[1]
COBS,Crisp→Overlap (Boundary Similarity),CEP3,1,[1]
COBS,Crisp→Overlap (Boundary Similarity),CET1,1,[1]
COBS,Crisp→Overlap (Boundary Similarity),CFT1,1,[1]
COBS,Crisp→Overlap (Boundary Similarity),CFT2,1,[1]
COBS,Crisp→Overlap (Boundary Similarity),CHC1,1,[1]
COBS,Crisp→Overlap (Boundary Similarity),CHD1,1,[1]
COBS,Crisp→Overlap (Boundary Similarity),CHS5,1,[1]
COBS,Crisp→Overlap (Boundary Similarity),CHS6,1,[1]
COBS,Crisp→Overlap (Boundary Similarity),CHZ1,1,[1]
COBS,Crisp→Overlap (Boundary Similarity),CKA1,1,[1]
COBS,Crisp→Overlap (Boundary Similarity),CKA2,1,[1]
COBS,Crisp→Overlap (Boundary Similarity),CKB1,1,[1]
COBS,Crisp→Overlap (Boundary Similarity),CKB2,1,[1]
COBS,Crisp→Overlap (Boundary Similarity),CLB1,1,[1]
COBS,Crisp→Overlap (Boundary Similarity),CLB2,1,[1]
COBS,Crisp→Overlap (Boundary Similarity),CLB3,1,[1]
COBS,Crisp→Overlap (Boundary Similarity),CLB4,1,[1]
COBS,Crisp→Overlap (Boundary Similarity),CLB5,1,[1]
COBS,Crisp→Overlap (Boundary Similarity),CLB6,1,[1]
COBS,Crisp→Overlap (Boundary Similarity),CLC1,1,[1]
COBS,Crisp→Overlap (Boundary Similarity),CLF1,1,[1]
COBS,Crisp→Overlap (Boundary Similarity),CLN1,1,[1]
COBS,Crisp→Overlap (Boundary Similarity),CLN2,1,[1]
COBS,Crisp→Overlap (Boundary Similarity),CLN3,1,[1]
COBS,Crisp→Overlap (Boundary Similarity),CLP1,1,[1]
COBS,Crisp→Overlap (Boundary Similarity),CLU1,1,[1]
COBS,Crisp→Overlap (Boundary Similarity),CMD1,1,[1]
COBS,Crisp→Overlap (Boundary Similarity),CMP2,1,[1]
COBS,Crisp→Overlap (Boundary Similarity),CNA1,1,[1]
COBS,Crisp→Overlap (Boundary Similarity),CNB1,1,[1]
COBS,Crisp→Overlap (Boundary Similarity),CNM67,1,[1]
COBS,Crisp→Overlap (Boundary Similarity),COB,1,[1]
COBS,Crisp→Overlap (Boundary Similarity),COG1,1,[1]
COBS,Crisp→Overlap (Boundary Similarity),COG2,1,[1]
COBS,Crisp→Overlap (Boundary Similarity),COG3,1,[1]
COBS,Crisp→Overlap (Boundary Similarity),COG4,1,[1]
COBS,Crisp→Overlap (Boundary Similarity),COG5,1,[1]
COBS,Crisp→Overlap (Boundary Similarity),COG6,1,[1]
COBS,Crisp→Overlap (Boundary Similarity),COG7,1,[1]
COBS,Crisp→Overlap (Boundary Similarity),COG8,1,[1]
COBS,Crisp→Overlap (Boundary Similarity),COP1,1,[1]
COBS,Crisp→Overlap (Boundary Similarity),COR1,1,[1]
COBS,Crisp→Overlap (Boundary Similarity),COX1,1,[1]
COBS,Crisp→Overlap (Boundary Similarity),COX12,1,[1]
COBS,Crisp→Overlap (Boundary Similarity),COX13,1,[1]
COBS,Crisp→Overlap (Boundary Similarity),COX14,1,[1]
COBS,Crisp→Overlap (Boundary Similarity),COX2,1,[1]
COBS,Crisp→Overlap (Boundary Similarity),COX3,1,[1]
COBS,Crisp→Overlap (Boundary Similarity),COX4,1,[1]
COBS,Crisp→Overlap (Boundary Similarity),COX5A,1,[1]
COBS,Crisp→Overlap (Boundary Similarity),COX6,1,[1]
COBS,Crisp→Overlap (Boundary Similarity),COX7,1,[1]
COBS,Crisp→Overlap (Boundary Similarity),COX8,1,[1]
COBS,Crisp→Overlap (Boundary Similarity),COX9,1,[1]
COBS,Crisp→Overlap (Boundary Similarity),CPR1,1,[1]
COBS,Crisp→Overlap (Boundary Similarity),CSE2,1,[1]
COBS,Crisp→Overlap (Boundary Similarity),CSI1,1,[1]
COBS,Crisp→Overlap (Boundary Similarity),CSL4,1,[1]
COBS,Crisp→Overlap (Boundary Similarity),CSM1,1,[1]
COBS,Crisp→Overlap (Boundary Similarity),CSM3,1,[1]
COBS,Crisp→Overlap (Boundary Similarity),YJR084W,1,[1]
COBS,Crisp→Overlap (Boundary Similarity),CSN9,1,[1]
COBS,Crisp→Overlap (Boundary Similarity),CTF13,1,[1]
COBS,Crisp→Overlap (Boundary Similarity),CTF18,1,[1]
COBS,Crisp→Overlap (Boundary Similarity),CTF19,1,[1]
COBS,Crisp→Overlap (Boundary Similarity),CTF3,1,[1]
COBS,Crisp→Overlap (Boundary Similarity),CTF8,1,[1]
COBS,Crisp→Overlap (Boundary Similarity),CTI6,1,[1]
COBS,Crisp→Overlap (Boundary Similarity),CTK1,1,[1]
COBS,Crisp→Overlap (Boundary Similarity),CTK2,1,[1]
COBS,Crisp→Overlap (Boundary Similarity),CTK3,1,[1]
COBS,Crisp→Overlap (Boundary Similarity),CTR9,1,[1]
COBS,Crisp→Overlap (Boundary Similarity),CUL3,1,[1]
COBS,Crisp→Overlap (Boundary Similarity),VMA3,1,[1]
COBS,Crisp→Overlap (Boundary Similarity),CUS1,1,[1]
COBS,Crisp→Overlap (Boundary Similarity),CUS2,1,[1]
COBS,Crisp→Overlap (Boundary Similarity),CYC8,1,[1]
COBS,Crisp→Overlap (Boundary Similarity),CYR1,1,[1]
COBS,Crisp→Overlap (Boundary Similarity),CYT1,1,[1]
COBS,Crisp→Overlap (Boundary Similarity),DAD1,1,[1]
COBS,Crisp→Overlap (Boundary Similarity),DAD2,1,[1]
COBS,Crisp→Overlap (Boundary Similarity),DAD3,1,[1]
COBS,Crisp→Overlap (Boundary Similarity),DAD4,1,[1]
COBS,Crisp→Overlap (Boundary Similarity),DAM1,1,[1]
COBS,Crisp→Overlap (Boundary Similarity),DBF2,1,[1]
COBS,Crisp→Overlap (Boundary Similarity),DBF4,1,[1]
COBS,Crisp→Overlap (Boundary Similarity),DBP6,1,[1]
COBS,Crisp→Overlap (Boundary Similarity),DCC1,1,[1]
COBS,Crisp→Overlap (Boundary Similarity),DCP1,1,[1]
COBS,Crisp→Overlap (Boundary Similarity),DCP2,1,[1]
COBS,Crisp→Overlap (Boundary Similarity),DCS1,1,[1]
COBS,Crisp→Overlap (Boundary Similarity),DCS2,1,[1]
COBS,Crisp→Overlap (Boundary Similarity),DDC1,1,[1]
COBS,Crisp→Overlap (Boundary Similarity),DEF1,1,[1]
COBS,Crisp→Overlap (Boundary Similarity),DEP1,1,[1]
COBS,Crisp→Overlap (Boundary Similarity),DER1,1,[1]
COBS,Crisp→Overlap (Boundary Similarity),DIB1,1,[1]
COBS,Crisp→Overlap (Boundary Similarity),DID4,1,[1]
COBS,Crisp→Overlap (Boundary Similarity),DIG1,1,[1]
COBS,Crisp→Overlap (Boundary Similarity),DIG2,1,[1]
COBS,Crisp→Overlap (Boundary Similarity),DIP2,1,[1]
COBS,Crisp→Overlap (Boundary Similarity),DIS3,1,[1]
COBS,Crisp→Overlap (Boundary Similarity),DLS1,1,[1]
COBS,Crisp→Overlap (Boundary Similarity),DNL4,1,[1]
COBS,Crisp→Overlap (Boundary Similarity),DOC1,1,[1]
COBS,Crisp→Overlap (Boundary Similarity),DPB11,1,[1]
COBS,Crisp→Overlap (Boundary Similarity),DPB2,1,[1]
COBS,Crisp→Overlap (Boundary Similarity),DPB3,1,[1]
COBS,Crisp→Overlap (Boundary Similarity),DPB4,1,[1]
COBS,Crisp→Overlap (Boundary Similarity),DSL1,1,[1]
COBS,Crisp→Overlap (Boundary Similarity),DSN1,1,[1]
COBS,Crisp→Overlap (Boundary Similarity),DSS1,1,[1]
COBS,Crisp→Overlap (Boundary Similarity),DUO1,1,[1]
COBS,Crisp→Overlap (Boundary Similarity),DYN1,1,[1]
COBS,Crisp→Overlap (Boundary Similarity),DYN2,1,[1]
COBS,Crisp→Overlap (Boundary Similarity),DYN3,1,[1]
COBS,Crisp→Overlap (Boundary Similarity),EAF1,1,[1]
COBS,Crisp→Overlap (Boundary Similarity),EAF3,1,[1]
COBS,Crisp→Overlap (Boundary Similarity),EAF5,1,[1]
COBS,Crisp→Overlap (Boundary Similarity),EAF6,1,[1]
COBS,Crisp→Overlap (Boundary Similarity),EAF7,1,[1]
COBS,Crisp→Overlap (Boundary Similarity),ATG32,1,[1]
COBS,Crisp→Overlap (Boundary Similarity),ECM29,1,[1]
COBS,Crisp→Overlap (Boundary Similarity),EFB1,1,[1]
COBS,Crisp→Overlap (Boundary Similarity),EGD1,1,[1]
COBS,Crisp→Overlap (Boundary Similarity),EGD2,1,[1]
COBS,Crisp→Overlap (Boundary Similarity),ELA1,1,[1]
COBS,Crisp→Overlap (Boundary Similarity),ELC1,1,[1]
COBS,Crisp→Overlap (Boundary Similarity),ELG1,1,[1]
COBS,Crisp→Overlap (Boundary Similarity),ELP2,1,[1]
COBS,Crisp→Overlap (Boundary Similarity),ELP3,1,[1]
COBS,Crisp→Overlap (Boundary Similarity),ELP4,1,[1]
COBS,Crisp→Overlap (Boundary Similarity),ELP6,1,[1]
COBS,Crisp→Overlap (Boundary Similarity),EMP24,1,[1]
COBS,Crisp→Overlap (Boundary Similarity),END3,1,[1]
COBS,Crisp→Overlap (Boundary Similarity),EPL1,1,[1]
COBS,Crisp→Overlap (Boundary Similarity),ERP1,1,[1]
COBS,Crisp→Overlap (Boundary Similarity),ERP2,1,[1]
COBS,Crisp→Overlap (Boundary Similarity),ERV25,1,[1]
COBS,Crisp→Overlap (Boundary Similarity),ERV41,1,[1]
COBS,Crisp→Overlap (Boundary Similarity),ERV46,1,[1]
COBS,Crisp→Overlap (Boundary Similarity),ESA1,1,[1]
COBS,Crisp→Overlap (Boundary Similarity),ESP1,1,[1]
COBS,Crisp→Overlap (Boundary Similarity),EST1,1,[1]
COBS,Crisp→Overlap (Boundary Similarity),EST2,1,[1]
COBS,Crisp→Overlap (Boundary Similarity),EST3,1,[1]
COBS,Crisp→Overlap (Boundary Similarity),EXO70,1,[1]
COBS,Crisp→Overlap (Boundary Similarity),EXO84,1,[1]
COBS,Crisp→Overlap (Boundary Similarity),FAR1,1,[1]
COBS,Crisp→Overlap (Boundary Similarity),FAR10,1,[1]
COBS,Crisp→Overlap (Boundary Similarity),FAR11,1,[1]
COBS,Crisp→Overlap (Boundary Similarity),FAR3,1,[1]
COBS,Crisp→Overlap (Boundary Similarity),FAR7,1,[1]
COBS,Crisp→Overlap (Boundary Similarity),FAR8,1,[1]
COBS,Crisp→Overlap (Boundary Similarity),FET3,1,[1]
COBS,Crisp→Overlap (Boundary Similarity),FET5,1,[1]
COBS,Crisp→Overlap (Boundary Similarity),FIG4,1,[1]
COBS,Crisp→Overlap (Boundary Similarity),FIP1,1,[1]
COBS,Crisp→Overlap (Boundary Similarity),FKS1,1,[1]
COBS,Crisp→Overlap (Boundary Similarity),FRS1,1,[1]
COBS,Crisp→Overlap (Boundary Similarity),FRS2,1,[1]
COBS,Crisp→Overlap (Boundary Similarity),FTH1,1,[1]
COBS,Crisp→Overlap (Boundary Similarity),FTR1,1,[1]
COBS,Crisp→Overlap (Boundary Similarity),FUS3,1,[1]
COBS,Crisp→Overlap (Boundary Similarity),FZO1,1,[1]
COBS,Crisp→Overlap (Boundary Similarity),GAC1,1,[1]
COBS,Crisp→Overlap (Boundary Similarity),GAL11,1,[1]
COBS,Crisp→Overlap (Boundary Similarity),GAL3,1,[1]
COBS,Crisp→Overlap (Boundary Similarity),GAL4,1,[1]
COBS,Crisp→Overlap (Boundary Similarity),GAL80,1,[1]
COBS,Crisp→Overlap (Boundary Similarity),GAL83,1,[1]
COBS,Crisp→Overlap (Boundary Similarity),GCD1,1,[1]
COBS,Crisp→Overlap (Boundary Similarity),GCD10,1,[1]
COBS,Crisp→Overlap (Boundary Similarity),GCD11,1,[1]
COBS,Crisp→Overlap (Boundary Similarity),GCD14,1,[1]
COBS,Crisp→Overlap (Boundary Similarity),GCD2,1,[1]
COBS,Crisp→Overlap (Boundary Similarity),GCD6,1,[1]
COBS,Crisp→Overlap (Boundary Similarity),GCD7,1,[1]
COBS,Crisp→Overlap (Boundary Similarity),GCN1,1,[1]
COBS,Crisp→Overlap (Boundary Similarity),GCN20,1,[1]
COBS,Crisp→Overlap (Boundary Similarity),GCN3,1,[1]
COBS,Crisp→Overlap (Boundary Similarity),GCN5,1,[1]
COBS,Crisp→Overlap (Boundary Similarity),GCV1,1,[1]
COBS,Crisp→Overlap (Boundary Similarity),GCV2,1,[1]
COBS,Crisp→Overlap (Boundary Similarity),GCV3,1,[1]
COBS,Crisp→Overlap (Boundary Similarity),GET1,1,[1]
COBS,Crisp→Overlap (Boundary Similarity),GET2,1,[1]
COBS,Crisp→Overlap (Boundary Similarity),GET3,1,[1]
COBS,Crisp→Overlap (Boundary Similarity),GIM3,1,[1]
COBS,Crisp→Overlap (Boundary Similarity),GIM4,1,[1]
COBS,Crisp→Overlap (Boundary Similarity),GIM5,1,[1]
COBS,Crisp→Overlap (Boundary Similarity),GIP1,1,[1]
COBS,Crisp→Overlap (Boundary Similarity),GLC7,1,[1]
COBS,Crisp→Overlap (Boundary Similarity),GLE1,1,[1]
COBS,Crisp→Overlap (Boundary Similarity),GLO3,1,[1]
COBS,Crisp→Overlap (Boundary Similarity),GPA1,1,[1]
COBS,Crisp→Overlap (Boundary Similarity),GRH1,1,[1]
COBS,Crisp→Overlap (Boundary Similarity),GRR1,1,[1]
COBS,Crisp→Overlap (Boundary Similarity),GSC2,1,[1]
COBS,Crisp→Overlap (Boundary Similarity),TRS85,1,[1]
COBS,Crisp→Overlap (Boundary Similarity),GTR1,1,[1]
COBS,Crisp→Overlap (Boundary Similarity),GTR2,1,[1]
COBS,Crisp→Overlap (Boundary Similarity),GUS1,1,[1]
COBS,Crisp→Overlap (Boundary Similarity),GYL1,1,[1]
COBS,Crisp→Overlap (Boundary Similarity),GYP5,1,[1]
COBS,Crisp→Overlap (Boundary Similarity),HAP2,1,[1]
COBS,Crisp→Overlap (Boundary Similarity),HAP3,1,[1]
COBS,Crisp→Overlap (Boundary Similarity),HAP4,1,[1]
COBS,Crisp→Overlap (Boundary Similarity),HAP5,1,[1]
COBS,Crisp→Overlap (Boundary Similarity),HAT1,1,[1]
COBS,Crisp→Overlap (Boundary Similarity),HAT2,1,[1]
COBS,Crisp→Overlap (Boundary Similarity),HCR1,1,[1]
COBS,Crisp→Overlap (Boundary Similarity),HDA1,1,[1]
COBS,Crisp→Overlap (Boundary Similarity),HDA2,1,[1]
COBS,Crisp→Overlap (Boundary Similarity),HDA3,1,[1]
COBS,Crisp→Overlap (Boundary Similarity),HFI1,1,[1]
COBS,Crisp→Overlap (Boundary Similarity),HHF1,1,[1]
COBS,Crisp→Overlap (Boundary Similarity),HHF2,1,[1]
COBS,Crisp→Overlap (Boundary Similarity),HHT1,1,[1]
COBS,Crisp→Overlap (Boundary Similarity),HHT2,1,[1]
COBS,Crisp→Overlap (Boundary Similarity),HIF1,1,[1]
COBS,Crisp→Overlap (Boundary Similarity),HIR1,1,[1]
COBS,Crisp→Overlap (Boundary Similarity),HIR2,1,[1]
COBS,Crisp→Overlap (Boundary Similarity),HIR3,1,[1]
COBS,Crisp→Overlap (Boundary Similarity),HOC1,1,[1]
COBS,Crisp→Overlap (Boundary Similarity),HOP1,1,[1]
COBS,Crisp→Overlap (Boundary Similarity),HOP2,1,[1]
COBS,Crisp→Overlap (Boundary Similarity),HOS2,1,[1]
COBS,Crisp→Overlap (Boundary Similarity),HOS4,1,[1]
COBS,Crisp→Overlap (Boundary Similarity),HPC2,1,[1]
COBS,Crisp→Overlap (Boundary Similarity),HPR1,1,[1]
COBS,Crisp→Overlap (Boundary Similarity),HRD1,1,[1]
COBS,Crisp→Overlap (Boundary Similarity),HRD3,1,[1]
COBS,Crisp→Overlap (Boundary Similarity),HRP1,1,[1]
COBS,Crisp→Overlap (Boundary Similarity),HRR25,1,[1]
COBS,Crisp→Overlap (Boundary Similarity),HRT1,1,[1]
COBS,Crisp→Overlap (Boundary Similarity),HSC82,1,[1]
COBS,Crisp→Overlap (Boundary Similarity),HSE1,1,[1]
COBS,Crisp→Overlap (Boundary Similarity),HSH155,1,[1]
COBS,Crisp→Overlap (Boundary Similarity),HSH49,1,[1]
COBS,Crisp→Overlap (Boundary Similarity),HSK3,1,[1]
COBS,Crisp→Overlap (Boundary Similarity),HST1,1,[1]
COBS,Crisp→Overlap (Boundary Similarity),HTA1,1,[1]
COBS,Crisp→Overlap (Boundary Similarity),HTA2,1,[1]
COBS,Crisp→Overlap (Boundary Similarity),HTB1,1,[1]
COBS,Crisp→Overlap (Boundary Similarity),HTB2,1,[1]
COBS,Crisp→Overlap (Boundary Similarity),HTL1,1,[1]
COBS,Crisp→Overlap (Boundary Similarity),HTZ1,1,[1]
COBS,Crisp→Overlap (Boundary Similarity),HYM1,1,[1]
COBS,Crisp→Overlap (Boundary Similarity),IDH1,1,[1]
COBS,Crisp→Overlap (Boundary Similarity),IDH2,1,[1]
COBS,Crisp→Overlap (Boundary Similarity),IES1,1,[1]
COBS,Crisp→Overlap (Boundary Similarity),IES3,1,[1]
COBS,Crisp→Overlap (Boundary Similarity),IES4,1,[1]
COBS,Crisp→Overlap (Boundary Similarity),IFH1,1,[1]
COBS,Crisp→Overlap (Boundary Similarity),IKI1,1,[1]
COBS,Crisp→Overlap (Boundary Similarity),IKI3,1,[1]
COBS,Crisp→Overlap (Boundary Similarity),ILV2,1,[1]
COBS,Crisp→Overlap (Boundary Similarity),ILV6,1,[1]
COBS,Crisp→Overlap (Boundary Similarity),IME1,1,[1]
COBS,Crisp→Overlap (Boundary Similarity),IMG1,1,[1]
COBS,Crisp→Overlap (Boundary Similarity),IMG2,1,[1]
COBS,Crisp→Overlap (Boundary Similarity),INH1,1,[1]
COBS,Crisp→Overlap (Boundary Similarity),INO80,1,[1]
COBS,Crisp→Overlap (Boundary Similarity),IOC2,1,[1]
COBS,Crisp→Overlap (Boundary Similarity),IOC3,1,[1]
COBS,Crisp→Overlap (Boundary Similarity),IOC4,1,[1]
COBS,Crisp→Overlap (Boundary Similarity),IPI1,1,[1]
COBS,Crisp→Overlap (Boundary Similarity),IPI3,1,[1]
COBS,Crisp→Overlap (Boundary Similarity),IPL1,1,[1]
COBS,Crisp→Overlap (Boundary Similarity),IRR1,1,[1]
COBS,Crisp→Overlap (Boundary Similarity),ISD11,1,[1]
COBS,Crisp→Overlap (Boundary Similarity),IST3,1,[1]
COBS,Crisp→Overlap (Boundary Similarity),ISW1,1,[1]
COBS,Crisp→Overlap (Boundary Similarity),ISW2,1,[1]
COBS,Crisp→Overlap (Boundary Similarity),ISY1,1,[1]
COBS,Crisp→Overlap (Boundary Similarity),ITC1,1,[1]
COBS,Crisp→Overlap (Boundary Similarity),JNM1,1,[1]
COBS,Crisp→Overlap (Boundary Similarity),KAR2,1,[1]
COBS,Crisp→Overlap (Boundary Similarity),KEL1,1,[1]
COBS,Crisp→Overlap (Boundary Similarity),KEL2,1,[1]
COBS,Crisp→Overlap (Boundary Similarity),KGD1,1,[1]
COBS,Crisp→Overlap (Boundary Similarity),KGD2,1,[1]
COBS,Crisp→Overlap (Boundary Similarity),KIC1,1,[1]
COBS,Crisp→Overlap (Boundary Similarity),KIN28,1,[1]
COBS,Crisp→Overlap (Boundary Similarity),KOG1,1,[1]
COBS,Crisp→Overlap (Boundary Similarity),TRS65,1,[1]
COBS,Crisp→Overlap (Boundary Similarity),KRE29,1,[1]
COBS,Crisp→Overlap (Boundary Similarity),LAT1,1,[1]
COBS,Crisp→Overlap (Boundary Similarity),LCB1,1,[1]
COBS,Crisp→Overlap (Boundary Similarity),LCB2,1,[1]
COBS,Crisp→Overlap (Boundary Similarity),LDB7,1,[1]
COBS,Crisp→Overlap (Boundary Similarity),LEA1,1,[1]
COBS,Crisp→Overlap (Boundary Similarity),LEO1,1,[1]
COBS,Crisp→Overlap (Boundary Similarity),LGE1,1,[1]
COBS,Crisp→Overlap (Boundary Similarity),LIF1,1,[1]
COBS,Crisp→Overlap (Boundary Similarity),LIN1,1,[1]
COBS,Crisp→Overlap (Boundary Similarity),LPD1,1,[1]
COBS,Crisp→Overlap (Boundary Similarity),LRP1,1,[1]
COBS,Crisp→Overlap (Boundary Similarity),LRS4,1,[1]
COBS,Crisp→Overlap (Boundary Similarity),LSC1,1,[1]
COBS,Crisp→Overlap (Boundary Similarity),LSC2,1,[1]
COBS,Crisp→Overlap (Boundary Similarity),LSM2,1,[1]
COBS,Crisp→Overlap (Boundary Similarity),LSM3,1,[1]
COBS,Crisp→Overlap (Boundary Similarity),LSM4,1,[1]
COBS,Crisp→Overlap (Boundary Similarity),LSM5,1,[1]
COBS,Crisp→Overlap (Boundary Similarity),LSM6,1,[1]
COBS,Crisp→Overlap (Boundary Similarity),LSM7,1,[1]
COBS,Crisp→Overlap (Boundary Similarity),LSM8,1,[1]
COBS,Crisp→Overlap (Boundary Similarity),LST8,1,[1]
COBS,Crisp→Overlap (Boundary Similarity),LTE1,1,[1]
COBS,Crisp→Overlap (Boundary Similarity),LTV1,1,[1]
COBS,Crisp→Overlap (Boundary Similarity),LUC7,1,[1]
COBS,Crisp→Overlap (Boundary Similarity),MAD1,1,[1]
COBS,Crisp→Overlap (Boundary Similarity),MAD2,1,[1]
COBS,Crisp→Overlap (Boundary Similarity),MAD3,1,[1]
COBS,Crisp→Overlap (Boundary Similarity),MAK10,1,[1]
COBS,Crisp→Overlap (Boundary Similarity),MAK21,1,[1]
COBS,Crisp→Overlap (Boundary Similarity),MAK3,1,[1]
COBS,Crisp→Overlap (Boundary Similarity),MAK31,1,[1]
COBS,Crisp→Overlap (Boundary Similarity),MAM1,1,[1]
COBS,Crisp→Overlap (Boundary Similarity),MAS1,1,[1]
COBS,Crisp→Overlap (Boundary Similarity),MAS2,1,[1]
COBS,Crisp→Overlap (Boundary Similarity),MBP1,1,[1]
COBS,Crisp→Overlap (Boundary Similarity),MCD1,1,[1]
COBS,Crisp→Overlap (Boundary Similarity),MCM1,1,[1]
COBS,Crisp→Overlap (Boundary Similarity),MCM16,1,[1]
COBS,Crisp→Overlap (Boundary Similarity),MCM2,1,[1]
COBS,Crisp→Overlap (Boundary Similarity),MCM21,1,[1]
COBS,Crisp→Overlap (Boundary Similarity),MCM22,1,[1]
COBS,Crisp→Overlap (Boundary Similarity),MCM3,1,[1]
COBS,Crisp→Overlap (Boundary Similarity),MCM4,1,[1]
COBS,Crisp→Overlap (Boundary Similarity),MCM5,1,[1]
COBS,Crisp→Overlap (Boundary Similarity),MCM6,1,[1]
COBS,Crisp→Overlap (Boundary Similarity),MCM7,1,[1]
COBS,Crisp→Overlap (Boundary Similarity),MDM10,1,[1]
COBS,Crisp→Overlap (Boundary Similarity),MDM12,1,[1]
COBS,Crisp→Overlap (Boundary Similarity),MDM20,1,[1]
COBS,Crisp→Overlap (Boundary Similarity),MEC3,1,[1]
COBS,Crisp→Overlap (Boundary Similarity),MED1,1,[1]
COBS,Crisp→Overlap (Boundary Similarity),MED11,1,[1]
COBS,Crisp→Overlap (Boundary Similarity),MED2,1,[1]
COBS,Crisp→Overlap (Boundary Similarity),MED4,1,[1]
COBS,Crisp→Overlap (Boundary Similarity),MED6,1,[1]
COBS,Crisp→Overlap (Boundary Similarity),MED7,1,[1]
COBS,Crisp→Overlap (Boundary Similarity),MED8,1,[1]
COBS,Crisp→Overlap (Boundary Similarity),MEH1,1,[1]
COBS,Crisp→Overlap (Boundary Similarity),MEI5,1,[1]
COBS,Crisp→Overlap (Boundary Similarity),MES1,1,[1]
COBS,Crisp→Overlap (Boundary Similarity),MET28,1,[1]
COBS,Crisp→Overlap (Boundary Similarity),MET31,1,[1]
COBS,Crisp→Overlap (Boundary Similarity),MET32,1,[1]
COBS,Crisp→Overlap (Boundary Similarity),MET4,1,[1]
COBS,Crisp→Overlap (Boundary Similarity),MEX67,1,[1]
COBS,Crisp→Overlap (Boundary Similarity),MFT1,1,[1]
COBS,Crisp→Overlap (Boundary Similarity),MGE1,1,[1]
COBS,Crisp→Overlap (Boundary Similarity),MGM1,1,[1]
COBS,Crisp→Overlap (Boundary Similarity),MGR1,1,[1]
COBS,Crisp→Overlap (Boundary Similarity),MKS1,1,[1]
COBS,Crisp→Overlap (Boundary Similarity),MKT1,1,[1]
COBS,Crisp→Overlap (Boundary Similarity),MLH1,1,[1]
COBS,Crisp→Overlap (Boundary Similarity),MLH2,1,[1]
COBS,Crisp→Overlap (Boundary Similarity),MLH3,1,[1]
COBS,Crisp→Overlap (Boundary Similarity),MMM1,1,[1]
COBS,Crisp→Overlap (Boundary Similarity),MMS2,1,[1]
COBS,Crisp→Overlap (Boundary Similarity),MMS21,1,[1]
COBS,Crisp→Overlap (Boundary Similarity),MMS4,1,[1]
COBS,Crisp→Overlap (Boundary Similarity),MND1,1,[1]
COBS,Crisp→Overlap (Boundary Similarity),MND2,1,[1]
COBS,Crisp→Overlap (Boundary Similarity),MNN10,1,[1]
COBS,Crisp→Overlap (Boundary Similarity),MNN11,1,[1]
COBS,Crisp→Overlap (Boundary Similarity),MNN9,1,[1]
COBS,Crisp→Overlap (Boundary Similarity),MNP1,1,[2]
COBS,Crisp→Overlap (Boundary Similarity),MOB1,1,[1]
COBS,Crisp→Overlap (Boundary Similarity),MOB2,1,[1]
COBS,Crisp→Overlap (Boundary Similarity),MON1,1,[1]
COBS,Crisp→Overlap (Boundary Similarity),MOT1,1,[1]
COBS,Crisp→Overlap (Boundary Similarity),MOT2,1,[1]
COBS,Crisp→Overlap (Boundary Similarity),MPE1,1,[1]
COBS,Crisp→Overlap (Boundary Similarity),MPS2,1,[1]
COBS,Crisp→Overlap (Boundary Similarity),MRC1,1,[1]
COBS,Crisp→Overlap (Boundary Similarity),MRE11,1,[1]
COBS,Crisp→Overlap (Boundary Similarity),MRP1,1,[1]
COBS,Crisp→Overlap (Boundary Similarity),MRP10,1,[1]
COBS,Crisp→Overlap (Boundary Similarity),MRP13,1,[1]
COBS,Crisp→Overlap (Boundary Similarity),MRP17,1,[1]
COBS,Crisp→Overlap (Boundary Similarity),MRP2,1,[1]
COBS,Crisp→Overlap (Boundary Similarity),MRP20,1,[1]
COBS,Crisp→Overlap (Boundary Similarity),MRP21,1,[1]
COBS,Crisp→Overlap (Boundary Similarity),MRP4,1,[1]
COBS,Crisp→Overlap (Boundary Similarity),MRP49,1,[1]
COBS,Crisp→Overlap (Boundary Similarity),MRP51,1,[1]
COBS,Crisp→Overlap (Boundary Similarity),MRP7,1,[1]
COBS,Crisp→Overlap (Boundary Similarity),MRPL1,1,[1]
COBS,Crisp→Overlap (Boundary Similarity),MRPL10,1,[2]
COBS,Crisp→Overlap (Boundary Similarity),MRPL11,1,[1]
COBS,Crisp→Overlap (Boundary Similarity),MRPL13,1,[1]
COBS,Crisp→Overlap (Boundary Similarity),MRPL15,1,[1]
COBS,Crisp→Overlap (Boundary Similarity),MRPL16,1,[1]
COBS,Crisp→Overlap (Boundary Similarity),MRPL17,1,[1]
COBS,Crisp→Overlap (Boundary Similarity),MRPL19,1,[1]
COBS,Crisp→Overlap (Boundary Similarity),MRPL20,1,[1]
COBS,Crisp→Overlap (Boundary Similarity),MRPL22,1,[1]
COBS,Crisp→Overlap (Boundary Similarity),MRPL23,1,[1]
COBS,Crisp→Overlap (Boundary Similarity),MRPL24,1,[1]
COBS,Crisp→Overlap (Boundary Similarity),MRPL25,1,[1]
COBS,Crisp→Overlap (Boundary Similarity),MRPL27,1,[1]
COBS,Crisp→Overlap (Boundary Similarity),MRPL28,1,[1]
COBS,Crisp→Overlap (Boundary Similarity),MRPL3,1,[1]
COBS,Crisp→Overlap (Boundary Similarity),MRPL31,1,[1]
COBS,Crisp→Overlap (Boundary Similarity),MRPL32,1,[1]
COBS,Crisp→Overlap (Boundary Similarity),MRPL33,1,[1]
COBS,Crisp→Overlap (Boundary Similarity),MRPL35,1,[1]
COBS,Crisp→Overlap (Boundary Similarity),MRPL36,1,[1]
COBS,Crisp→Overlap (Boundary Similarity),MRPL37,1,[1]
COBS,Crisp→Overlap (Boundary Similarity),MRPL38,1,[1]
COBS,Crisp→Overlap (Boundary Similarity),MRPL39,1,[1]
COBS,Crisp→Overlap (Boundary Similarity),MRPL4,1,[1]
COBS,Crisp→Overlap (Boundary Similarity),MRPL40,1,[1]
COBS,Crisp→Overlap (Boundary Similarity),MRPL44,1,[1]
COBS,Crisp→Overlap (Boundary Similarity),MRPL49,1,[1]
COBS,Crisp→Overlap (Boundary Similarity),MRPL50,1,[1]
COBS,Crisp→Overlap (Boundary Similarity),MRPL51,1,[1]
COBS,Crisp→Overlap (Boundary Similarity),MRPL6,1,[1]
COBS,Crisp→Overlap (Boundary Similarity),MRPL7,1,[1]
COBS,Crisp→Overlap (Boundary Similarity),MRPL8,1,[1]
COBS,Crisp→Overlap (Boundary Similarity),MRPL9,1,[2]
COBS,Crisp→Overlap (Boundary Similarity),MRPS16,1,[1]
COBS,Crisp→Overlap (Boundary Similarity),MRPS17,1,[1]
COBS,Crisp→Overlap (Boundary Similarity),MRPS18,1,[1]
COBS,Crisp→Overlap (Boundary Similarity),MRPS28,1,[2]
COBS,Crisp→Overlap (Boundary Similarity),MRPS35,1,[1]
COBS,Crisp→Overlap (Boundary Similarity),MRPS5,1,[2]
COBS,Crisp→Overlap (Boundary Similarity),MRPS8,1,[1]
COBS,Crisp→Overlap (Boundary Similarity),MRPS9,1,[1]
COBS,Crisp→Overlap (Boundary Similarity),MRS1,1,[1]
COBS,Crisp→Overlap (Boundary Similarity),TIM10,1,[1]
COBS,Crisp→Overlap (Boundary Similarity),TIM12,1,[1]
COBS,Crisp→Overlap (Boundary Similarity),MSH2,1,[1]
COBS,Crisp→Overlap (Boundary Similarity),MSH3,1,[1]
COBS,Crisp→Overlap (Boundary Similarity),MSH6,1,[1]
COBS,Crisp→Overlap (Boundary Similarity),MSI1,1,[1]
COBS,Crisp→Overlap (Boundary Similarity),MSL1,1,[1]
COBS,Crisp→Overlap (Boundary Similarity),MSL5,1,[1]
COBS,Crisp→Overlap (Boundary Similarity),MSS1,1,[1]
COBS,Crisp→Overlap (Boundary Similarity),MSS51,1,[1]
COBS,Crisp→Overlap (Boundary Similarity),MTO1,1,[1]
COBS,Crisp→Overlap (Boundary Similarity),MTR2,1,[1]
COBS,Crisp→Overlap (Boundary Similarity),MTR3,1,[1]
COBS,Crisp→Overlap (Boundary Similarity),MTR4,1,[1]
COBS,Crisp→Overlap (Boundary Similarity),MTW1,1,[1]
COBS,Crisp→Overlap (Boundary Similarity),MUD1,1,[1]
COBS,Crisp→Overlap (Boundary Similarity),MUD2,1,[1]
COBS,Crisp→Overlap (Boundary Similarity),MUS81,1,[1]
COBS,Crisp→Overlap (Boundary Similarity),MVB12,1,[1]
COBS,Crisp→Overlap (Boundary Similarity),NAF1,1,[1]
COBS,Crisp→Overlap (Boundary Similarity),NAM2,1,[1]
COBS,Crisp→Overlap (Boundary Similarity),NAM7,1,[1]
COBS,Crisp→Overlap (Boundary Similarity),NAM8,1,[1]
COBS,Crisp→Overlap (Boundary Similarity),NAM9,1,[1]
COBS,Crisp→Overlap (Boundary Similarity),NAN1,1,[1]
COBS,Crisp→Overlap (Boundary Similarity),NAS6,1,[1]
COBS,Crisp→Overlap (Boundary Similarity),NAT1,1,[1]
COBS,Crisp→Overlap (Boundary Similarity),NAT3,1,[1]
COBS,Crisp→Overlap (Boundary Similarity),NAT5,1,[1]
COBS,Crisp→Overlap (Boundary Similarity),NBP1,1,[1]
COBS,Crisp→Overlap (Boundary Similarity),NCB2,1,[1]
COBS,Crisp→Overlap (Boundary Similarity),NEM1,1,[1]
COBS,Crisp→Overlap (Boundary Similarity),NET1,1,[1]
COBS,Crisp→Overlap (Boundary Similarity),NFS1,1,[1]
COBS,Crisp→Overlap (Boundary Similarity),NGG1,1,[1]
COBS,Crisp→Overlap (Boundary Similarity),NHP10,1,[1]
COBS,Crisp→Overlap (Boundary Similarity),NIC96,1,[1]
COBS,Crisp→Overlap (Boundary Similarity),NIP1,1,[1]
COBS,Crisp→Overlap (Boundary Similarity),NIP100,1,[1]
COBS,Crisp→Overlap (Boundary Similarity),NMD2,1,[1]
COBS,Crisp→Overlap (Boundary Similarity),NNF1,1,[1]
COBS,Crisp→Overlap (Boundary Similarity),NOC2,1,[1]
COBS,Crisp→Overlap (Boundary Similarity),NOC3,1,[1]
COBS,Crisp→Overlap (Boundary Similarity),NOC4,1,[1]
COBS,Crisp→Overlap (Boundary Similarity),NOP1,1,[1]
COBS,Crisp→Overlap (Boundary Similarity),NOP14,1,[1]
COBS,Crisp→Overlap (Boundary Similarity),NOP58,1,[1]
COBS,Crisp→Overlap (Boundary Similarity),NOP8,1,[1]
COBS,Crisp→Overlap (Boundary Similarity),NOT3,1,[1]
COBS,Crisp→Overlap (Boundary Similarity),NOT5,1,[1]
COBS,Crisp→Overlap (Boundary Similarity),NPL4,1,[1]
COBS,Crisp→Overlap (Boundary Similarity),NPL6,1,[1]
COBS,Crisp→Overlap (Boundary Similarity),NSE1,1,[1]
COBS,Crisp→Overlap (Boundary Similarity),NSE3,1,[1]
COBS,Crisp→Overlap (Boundary Similarity),NSE4,1,[1]
COBS,Crisp→Overlap (Boundary Similarity),NSE5,1,[1]
COBS,Crisp→Overlap (Boundary Similarity),NSL1,1,[1]
COBS,Crisp→Overlap (Boundary Similarity),NSP1,1,[1]
COBS,Crisp→Overlap (Boundary Similarity),NTC20,1,[1]
COBS,Crisp→Overlap (Boundary Similarity),NTO1,1,[1]
COBS,Crisp→Overlap (Boundary Similarity),NTR2,1,[1]
COBS,Crisp→Overlap (Boundary Similarity),NUD1,1,[1]
COBS,Crisp→Overlap (Boundary Similarity),NUF2,1,[1]
COBS,Crisp→Overlap (Boundary Similarity),NUP120,1,[1]
COBS,Crisp→Overlap (Boundary Similarity),NUP145,1,[1]
COBS,Crisp→Overlap (Boundary Similarity),NUP159,1,[1]
COBS,Crisp→Overlap (Boundary Similarity),NUP170,1,[1]
COBS,Crisp→Overlap (Boundary Similarity),NUP49,1,[1]
COBS,Crisp→Overlap (Boundary Similarity),NUP53,1,[1]
COBS,Crisp→Overlap (Boundary Similarity),NUP57,1,[1]
COBS,Crisp→Overlap (Boundary Similarity),NUP82,1,[1]
COBS,Crisp→Overlap (Boundary Similarity),NUP84,1,[1]
COBS,Crisp→Overlap (Boundary Similarity),NUP85,1,[1]
COBS,Crisp→Overlap (Boundary Similarity),NUT1,1,[1]
COBS,Crisp→Overlap (Boundary Similarity),NUT2,1,[1]
COBS,Crisp→Overlap (Boundary Similarity),OKP1,1,[1]
COBS,Crisp→Overlap (Boundary Similarity),OLI1,1,[1]
COBS,Crisp→Overlap (Boundary Similarity),ORC1,1,[1]
COBS,Crisp→Overlap (Boundary Similarity),ORC2,1,[1]
COBS,Crisp→Overlap (Boundary Similarity),ORC3,1,[1]
COBS,Crisp→Overlap (Boundary Similarity),ORC4,1,[1]
COBS,Crisp→Overlap (Boundary Similarity),ORC5,1,[1]
COBS,Crisp→Overlap (Boundary Similarity),ORC6,1,[1]
COBS,Crisp→Overlap (Boundary Similarity),OST1,1,[1]
COBS,Crisp→Overlap (Boundary Similarity),OST2,1,[1]
COBS,Crisp→Overlap (Boundary Similarity),OST3,1,[1]
COBS,Crisp→Overlap (Boundary Similarity),OST4,1,[1]
COBS,Crisp→Overlap (Boundary Similarity),OST5,1,[1]
COBS,Crisp→Overlap (Boundary Similarity),OST6,1,[1]
COBS,Crisp→Overlap (Boundary Similarity),PAC10,1,[1]
COBS,Crisp→Overlap (Boundary Similarity),PAC11,1,[1]
COBS,Crisp→Overlap (Boundary Similarity),PAF1,1,[1]
COBS,Crisp→Overlap (Boundary Similarity),PAM16,1,[1]
COBS,Crisp→Overlap (Boundary Similarity),PAM17,1,[1]
COBS,Crisp→Overlap (Boundary Similarity),PAM18,1,[1]
COBS,Crisp→Overlap (Boundary Similarity),PAN1,1,[1]
COBS,Crisp→Overlap (Boundary Similarity),PAN2,1,[1]
COBS,Crisp→Overlap (Boundary Similarity),PAN3,1,[1]
COBS,Crisp→Overlap (Boundary Similarity),PAP1,1,[1]
COBS,Crisp→Overlap (Boundary Similarity),PAP2,1,[1]
COBS,Crisp→Overlap (Boundary Similarity),PBP1,1,[1]
COBS,Crisp→Overlap (Boundary Similarity),PCF11,1,[1]
COBS,Crisp→Overlap (Boundary Similarity),PCI8,1,[1]
COBS,Crisp→Overlap (Boundary Similarity),PCL1,1,[1]
COBS,Crisp→Overlap (Boundary Similarity),PCL10,1,[1]
COBS,Crisp→Overlap (Boundary Similarity),PCL2,1,[1]
COBS,Crisp→Overlap (Boundary Similarity),PCL8,1,[1]
COBS,Crisp→Overlap (Boundary Similarity),PDA1,1,[1]
COBS,Crisp→Overlap (Boundary Similarity),PDB1,1,[1]
COBS,Crisp→Overlap (Boundary Similarity),PDS1,1,[1]
COBS,Crisp→Overlap (Boundary Similarity),PDX1,1,[1]
COBS,Crisp→Overlap (Boundary Similarity),PEA2,1,[1]
COBS,Crisp→Overlap (Boundary Similarity),PEP3,1,[1]
COBS,Crisp→Overlap (Boundary Similarity),PEP5,1,[1]
COBS,Crisp→Overlap (Boundary Similarity),PEP8,1,[1]
COBS,Crisp→Overlap (Boundary Similarity),PET123,1,[1]
COBS,Crisp→Overlap (Boundary Similarity),PET309,1,[1]
COBS,Crisp→Overlap (Boundary Similarity),PEX10,1,[1]
COBS,Crisp→Overlap (Boundary Similarity),PEX12,1,[1]
COBS,Crisp→Overlap (Boundary Similarity),PEX13,1,[1]
COBS,Crisp→Overlap (Boundary Similarity),PEX14,1,[1]
COBS,Crisp→Overlap (Boundary Similarity),PEX17,1,[1]
COBS,Crisp→Overlap (Boundary Similarity),PEX2,1,[1]
COBS,Crisp→Overlap (Boundary Similarity),PFD1,1,[1]
COBS,Crisp→Overlap (Boundary Similarity),PFS2,1,[1]
COBS,Crisp→Overlap (Boundary Similarity),PGD1,1,[1]
COBS,Crisp→Overlap (Boundary Similarity),PHB1,1,[1]
COBS,Crisp→Overlap (Boundary Similarity),PHB2,1,[1]
COBS,Crisp→Overlap (Boundary Similarity),PHO23,1,[1]
COBS,Crisp→Overlap (Boundary Similarity),PHO80,1,[1]
COBS,Crisp→Overlap (Boundary Similarity),PHO85,1,[1]
COBS,Crisp→Overlap (Boundary Similarity),PML1,1,[1]
COBS,Crisp→Overlap (Boundary Similarity),PMS1,1,[1]
COBS,Crisp→Overlap (Boundary Similarity),PMT1,1,[1]
COBS,Crisp→Overlap (Boundary Similarity),PMT2,1,[1]
COBS,Crisp→Overlap (Boundary Similarity),PMT3,1,[1]
COBS,Crisp→Overlap (Boundary Similarity),PMT5,1,[1]
COBS,Crisp→Overlap (Boundary Similarity),PNG1,1,[1]
COBS,Crisp→Overlap (Boundary Similarity),POB3,1,[1]
COBS,Crisp→Overlap (Boundary Similarity),POL1,1,[1]
COBS,Crisp→Overlap (Boundary Similarity),POL12,1,[1]
COBS,Crisp→Overlap (Boundary Similarity),POL2,1,[1]
COBS,Crisp→Overlap (Boundary Similarity),POL3,1,[1]
COBS,Crisp→Overlap (Boundary Similarity),POL31,1,[1]
COBS,Crisp→Overlap (Boundary Similarity),POL32,1,[1]
COBS,Crisp→Overlap (Boundary Similarity),POL5,1,[1]
COBS,Crisp→Overlap (Boundary Similarity),POP1,1,[1]
COBS,Crisp→Overlap (Boundary Similarity),POP2,1,[1]
COBS,Crisp→Overlap (Boundary Similarity),POP3,1,[1]
COBS,Crisp→Overlap (Boundary Similarity),POP4,1,[1]
COBS,Crisp→Overlap (Boundary Similarity),POP5,1,[1]
COBS,Crisp→Overlap (Boundary Similarity),POP6,1,[1]
COBS,Crisp→Overlap (Boundary Similarity),POP7,1,[1]
COBS,Crisp→Overlap (Boundary Similarity),POP8,1,[1]
COBS,Crisp→Overlap (Boundary Similarity),IPP1,1,[1]
COBS,Crisp→Overlap (Boundary Similarity),PPE1,1,[1]
COBS,Crisp→Overlap (Boundary Similarity),PPH21,1,[1]
COBS,Crisp→Overlap (Boundary Similarity),PPH3,1,[1]
COBS,Crisp→Overlap (Boundary Similarity),PRE1,1,[1]
COBS,Crisp→Overlap (Boundary Similarity),PRE10,1,[1]
COBS,Crisp→Overlap (Boundary Similarity),PRE2,1,[1]
COBS,Crisp→Overlap (Boundary Similarity),PRE3,1,[1]
COBS,Crisp→Overlap (Boundary Similarity),PRE4,1,[1]
COBS,Crisp→Overlap (Boundary Similarity),PRE5,1,[1]
COBS,Crisp→Overlap (Boundary Similarity),PRE6,1,[1]
COBS,Crisp→Overlap (Boundary Similarity),PRE7,1,[1]
COBS,Crisp→Overlap (Boundary Similarity),PRE8,1,[1]
COBS,Crisp→Overlap (Boundary Similarity),PRE9,1,[1]
COBS,Crisp→Overlap (Boundary Similarity),PRI1,1,[1]
COBS,Crisp→Overlap (Boundary Similarity),PRI2,1,[1]
COBS,Crisp→Overlap (Boundary Similarity),PRP11,1,[1]
COBS,Crisp→Overlap (Boundary Similarity),PRP18,1,[1]
COBS,Crisp→Overlap (Boundary Similarity),PRP19,1,[1]
COBS,Crisp→Overlap (Boundary Similarity),PRP21,1,[1]
COBS,Crisp→Overlap (Boundary Similarity),PRP24,1,[1]
COBS,Crisp→Overlap (Boundary Similarity),PRP28,1,[1]
COBS,Crisp→Overlap (Boundary Similarity),PRP3,1,[1]
COBS,Crisp→Overlap (Boundary Similarity),PRP31,1,[1]
COBS,Crisp→Overlap (Boundary Similarity),PRP38,1,[1]
COBS,Crisp→Overlap (Boundary Similarity),PRP39,1,[1]
COBS,Crisp→Overlap (Boundary Similarity),PRP4,1,[1]
COBS,Crisp→Overlap (Boundary Similarity),PRP40,1,[1]
COBS,Crisp→Overlap (Boundary Similarity),PRP42,1,[1]
COBS,Crisp→Overlap (Boundary Similarity),PRP43,1,[1]
COBS,Crisp→Overlap (Boundary Similarity),PRP6,1,[1]
COBS,Crisp→Overlap (Boundary Similarity),PRP8,1,[1]
COBS,Crisp→Overlap (Boundary Similarity),PRP9,1,[1]
COBS,Crisp→Overlap (Boundary Similarity),PRT1,1,[1]
COBS,Crisp→Overlap (Boundary Similarity),PSF1,1,[1]
COBS,Crisp→Overlap (Boundary Similarity),PSF2,1,[1]
COBS,Crisp→Overlap (Boundary Similarity),PSF3,1,[1]
COBS,Crisp→Overlap (Boundary Similarity),PSY2,1,[1]
COBS,Crisp→Overlap (Boundary Similarity),PSY4,1,[1]
COBS,Crisp→Overlap (Boundary Similarity),PTA1,1,[1]
COBS,Crisp→Overlap (Boundary Similarity),PTI1,1,[1]
COBS,Crisp→Overlap (Boundary Similarity),PUP1,1,[1]
COBS,Crisp→Overlap (Boundary Similarity),PUP2,1,[1]
COBS,Crisp→Overlap (Boundary Similarity),PUP3,1,[1]
COBS,Crisp→Overlap (Boundary Similarity),PWP2,1,[1]
COBS,Crisp→Overlap (Boundary Similarity),QCR10,1,[1]
COBS,Crisp→Overlap (Boundary Similarity),QCR2,1,[1]
COBS,Crisp→Overlap (Boundary Similarity),QCR6,1,[1]
COBS,Crisp→Overlap (Boundary Similarity),QCR7,1,[1]
COBS,Crisp→Overlap (Boundary Similarity),QCR8,1,[1]
COBS,Crisp→Overlap (Boundary Similarity),QCR9,1,[1]
COBS,Crisp→Overlap (Boundary Similarity),RAD1,1,[1]
COBS,Crisp→Overlap (Boundary Similarity),RAD10,1,[1]
COBS,Crisp→Overlap (Boundary Similarity),RAD14,1,[1]
COBS,Crisp→Overlap (Boundary Similarity),RAD16,1,[1]
COBS,Crisp→Overlap (Boundary Similarity),RAD17,1,[1]
COBS,Crisp→Overlap (Boundary Similarity),RAD18,1,[1]
COBS,Crisp→Overlap (Boundary Similarity),RAD2,1,[1]
COBS,Crisp→Overlap (Boundary Similarity),RAD23,1,[1]
COBS,Crisp→Overlap (Boundary Similarity),RAD24,1,[1]
COBS,Crisp→Overlap (Boundary Similarity),RAD26,1,[1]
COBS,Crisp→Overlap (Boundary Similarity),RAD3,1,[1]
COBS,Crisp→Overlap (Boundary Similarity),RAD4,1,[1]
COBS,Crisp→Overlap (Boundary Similarity),RAD50,1,[1]
COBS,Crisp→Overlap (Boundary Similarity),RAD53,1,[1]
COBS,Crisp→Overlap (Boundary Similarity),RAD55,1,[1]
COBS,Crisp→Overlap (Boundary Similarity),RAD57,1,[1]
COBS,Crisp→Overlap (Boundary Similarity),RAD6,1,[1]
COBS,Crisp→Overlap (Boundary Similarity),RAD7,1,[1]
COBS,Crisp→Overlap (Boundary Similarity),RAI1,1,[1]
COBS,Crisp→Overlap (Boundary Similarity),RAT1,1,[1]
COBS,Crisp→Overlap (Boundary Similarity),RAV1,1,[1]
COBS,Crisp→Overlap (Boundary Similarity),RAV2,1,[1]
COBS,Crisp→Overlap (Boundary Similarity),RCO1,1,[1]
COBS,Crisp→Overlap (Boundary Similarity),RDS3,1,[1]
COBS,Crisp→Overlap (Boundary Similarity),REC102,1,[1]
COBS,Crisp→Overlap (Boundary Similarity),REC104,1,[1]
COBS,Crisp→Overlap (Boundary Similarity),REC8,1,[1]
COBS,Crisp→Overlap (Boundary Similarity),RED1,1,[1]
COBS,Crisp→Overlap (Boundary Similarity),REF2,1,[1]
COBS,Crisp→Overlap (Boundary Similarity),REG1,1,[1]
COBS,Crisp→Overlap (Boundary Similarity),REG2,1,[1]
COBS,Crisp→Overlap (Boundary Similarity),RET1,1,[1]
COBS,Crisp→Overlap (Boundary Similarity),RET2,1,[1]
COBS,Crisp→Overlap (Boundary Similarity),RET3,1,[1]
COBS,Crisp→Overlap (Boundary Similarity),REV1,1,[1]
COBS,Crisp→Overlap (Boundary Similarity),REV3,1,[1]
COBS,Crisp→Overlap (Boundary Similarity),REV7,1,[1]
COBS,Crisp→Overlap (Boundary Similarity),RFA1,1,[1]
COBS,Crisp→Overlap (Boundary Similarity),RFA2,1,[1]
COBS,Crisp→Overlap (Boundary Similarity),RFA3,1,[1]
COBS,Crisp→Overlap (Boundary Similarity),RFC1,1,[1]
COBS,Crisp→Overlap (Boundary Similarity),RFC2,1,[1]
COBS,Crisp→Overlap (Boundary Similarity),RFC3,1,[1]
COBS,Crisp→Overlap (Boundary Similarity),RFC4,1,[1]
COBS,Crisp→Overlap (Boundary Similarity),RFC5,1,[1]
COBS,Crisp→Overlap (Boundary Similarity),RFM1,1,[1]
COBS,Crisp→Overlap (Boundary Similarity),RGP1,1,[1]
COBS,Crisp→Overlap (Boundary Similarity),RGR1,1,[1]
COBS,Crisp→Overlap (Boundary Similarity),RHO1,1,[1]
COBS,Crisp→Overlap (Boundary Similarity),RIC1,1,[1]
COBS,Crisp→Overlap (Boundary Similarity),RIP1,1,[1]
COBS,Crisp→Overlap (Boundary Similarity),RIX1,1,[1]
COBS,Crisp→Overlap (Boundary Similarity),RLF2,1,[1]
COBS,Crisp→Overlap (Boundary Similarity),THO2,1,[1]
COBS,Crisp→Overlap (Boundary Similarity),RMI1,1,[1]
COBS,Crisp→Overlap (Boundary Similarity),RML2,1,[1]
COBS,Crisp→Overlap (Boundary Similarity),RMP1,1,[1]
COBS,Crisp→Overlap (Boundary Similarity),RNA14,1,[1]
COBS,Crisp→Overlap (Boundary Similarity),RNA15,1,[1]
COBS,Crisp→Overlap (Boundary Similarity),RNH201,1,[1]
COBS,Crisp→Overlap (Boundary Similarity),RNH202,1,[1]
COBS,Crisp→Overlap (Boundary Similarity),RNH203,1,[1]
COBS,Crisp→Overlap (Boundary Similarity),RNR1,1,[1]
COBS,Crisp→Overlap (Boundary Similarity),RNR2,1,[1]
COBS,Crisp→Overlap (Boundary Similarity),RNR4,1,[1]
COBS,Crisp→Overlap (Boundary Similarity),ROX3,1,[1]
COBS,Crisp→Overlap (Boundary Similarity),RPA12,1,[1]
COBS,Crisp→Overlap (Boundary Similarity),RPA135,1,[1]
COBS,Crisp→Overlap (Boundary Similarity),RPA14,1,[1]
COBS,Crisp→Overlap (Boundary Similarity),RPA190,1,[1]
COBS,Crisp→Overlap (Boundary Similarity),RPA34,1,[1]
COBS,Crisp→Overlap (Boundary Similarity),RPA43,1,[1]
COBS,Crisp→Overlap (Boundary Similarity),RPA49,1,[1]
COBS,Crisp→Overlap (Boundary Similarity),RPB10,1,[1]
COBS,Crisp→Overlap (Boundary Similarity),RPB11,1,[1]
COBS,Crisp→Overlap (Boundary Similarity),RPB2,1,[1]
COBS,Crisp→Overlap (Boundary Similarity),RPB3,1,[1]
COBS,Crisp→Overlap (Boundary Similarity),RPB4,1,[1]
COBS,Crisp→Overlap (Boundary Similarity),RPB5,1,[1]
COBS,Crisp→Overlap (Boundary Similarity),RPB7,1,[1]
COBS,Crisp→Overlap (Boundary Similarity),RPB8,1,[1]
COBS,Crisp→Overlap (Boundary Similarity),RPB9,1,[1]
COBS,Crisp→Overlap (Boundary Similarity),RPC10,1,[1]
COBS,Crisp→Overlap (Boundary Similarity),RPC11,1,[1]
COBS,Crisp→Overlap (Boundary Similarity),RPC17,1,[1]
COBS,Crisp→Overlap (Boundary Similarity),RPC19,1,[1]
COBS,Crisp→Overlap (Boundary Similarity),RPC25,1,[1]
COBS,Crisp→Overlap (Boundary Similarity),RPC31,1,[1]
COBS,Crisp→Overlap (Boundary Similarity),RPC34,1,[1]
COBS,Crisp→Overlap (Boundary Similarity),RPC37,1,[1]
COBS,Crisp→Overlap (Boundary Similarity),RPC40,1,[1]
COBS,Crisp→Overlap (Boundary Similarity),RPC53,1,[1]
COBS,Crisp→Overlap (Boundary Similarity),RPC82,1,[1]
COBS,Crisp→Overlap (Boundary Similarity),RPD3,1,[1]
COBS,Crisp→Overlap (Boundary Similarity),RPG1,1,[1]
COBS,Crisp→Overlap (Boundary Similarity),RPL10,1,[1]
COBS,Crisp→Overlap (Boundary Similarity),RPL11A,1,[1]
COBS,Crisp→Overlap (Boundary Similarity),RPL11B,1,[1]
COBS,Crisp→Overlap (Boundary Similarity),RPL12A,1,[1]
COBS,Crisp→Overlap (Boundary Similarity),RPL12B,1,[1]
COBS,Crisp→Overlap (Boundary Similarity),RPL13A,1,[1]
COBS,Crisp→Overlap (Boundary Similarity),RPL13B,1,[1]
COBS,Crisp→Overlap (Boundary Similarity),RPL14A,1,[1]
COBS,Crisp→Overlap (Boundary Similarity),RPL14B,1,[1]
COBS,Crisp→Overlap (Boundary Similarity),RPL15A,1,[1]
COBS,Crisp→Overlap (Boundary Similarity),RPL15B,1,[1]
COBS,Crisp→Overlap (Boundary Similarity),RPL16A,1,[1]
COBS,Crisp→Overlap (Boundary Similarity),RPL16B,1,[1]
COBS,Crisp→Overlap (Boundary Similarity),RPL17A,1,[1]
COBS,Crisp→Overlap (Boundary Similarity),RPL17B,1,[1]
COBS,Crisp→Overlap (Boundary Similarity),RPL18A,1,[1]
COBS,Crisp→Overlap (Boundary Similarity),RPL18B,1,[1]
COBS,Crisp→Overlap (Boundary Similarity),RPL19A,1,[1]
COBS,Crisp→Overlap (Boundary Similarity),RPL19B,1,[1]
COBS,Crisp→Overlap (Boundary Similarity),RPL1A,1,[1]
COBS,Crisp→Overlap (Boundary Similarity),RPL1B,1,[1]
COBS,Crisp→Overlap (Boundary Similarity),RPL20A,1,[1]
COBS,Crisp→Overlap (Boundary Similarity),RPL20B,1,[1]
COBS,Crisp→Overlap (Boundary Similarity),RPL21A,1,[1]
COBS,Crisp→Overlap (Boundary Similarity),RPL21B,1,[1]
COBS,Crisp→Overlap (Boundary Similarity),RPL22A,1,[1]
COBS,Crisp→Overlap (Boundary Similarity),RPL22B,1,[1]
COBS,Crisp→Overlap (Boundary Similarity),RPL23A,1,[1]
COBS,Crisp→Overlap (Boundary Similarity),RPL23B,1,[1]
COBS,Crisp→Overlap (Boundary Similarity),RPL24A,1,[1]
COBS,Crisp→Overlap (Boundary Similarity),RPL24B,1,[1]
COBS,Crisp→Overlap (Boundary Similarity),RPL25,1,[1]
COBS,Crisp→Overlap (Boundary Similarity),RPL26A,1,[1]
COBS,Crisp→Overlap (Boundary Similarity),RPL26B,1,[1]
COBS,Crisp→Overlap (Boundary Similarity),RPL27A,1,[1]
COBS,Crisp→Overlap (Boundary Similarity),RPL27B,1,[1]
COBS,Crisp→Overlap (Boundary Similarity),RPL28,1,[1]
COBS,Crisp→Overlap (Boundary Similarity),RPL29,1,[1]
COBS,Crisp→Overlap (Boundary Similarity),RPL2A,1,[1]
COBS,Crisp→Overlap (Boundary Similarity),RPL2B,1,[1]
COBS,Crisp→Overlap (Boundary Similarity),RPL3,1,[1]
COBS,Crisp→Overlap (Boundary Similarity),RPL30,1,[1]
COBS,Crisp→Overlap (Boundary Similarity),RPL31A,1,[1]
COBS,Crisp→Overlap (Boundary Similarity),RPL31B,1,[1]
COBS,Crisp→Overlap (Boundary Similarity),RPL32,1,[1]
COBS,Crisp→Overlap (Boundary Similarity),RPL33A,1,[1]
COBS,Crisp→Overlap (Boundary Similarity),RPL33B,1,[1]
COBS,Crisp→Overlap (Boundary Similarity),RPL34A,1,[1]
COBS,Crisp→Overlap (Boundary Similarity),RPL34B,1,[1]
COBS,Crisp→Overlap (Boundary Similarity),RPL35A,1,[1]
COBS,Crisp→Overlap (Boundary Similarity),RPL35B,1,[1]
COBS,Crisp→Overlap (Boundary Similarity),RPL36A,1,[1]
COBS,Crisp→Overlap (Boundary Similarity),RPL36B,1,[1]
COBS,Crisp→Overlap (Boundary Similarity),RPL37A,1,[1]
COBS,Crisp→Overlap (Boundary Similarity),RPL37B,1,[1]
COBS,Crisp→Overlap (Boundary Similarity),RPL38,1,[1]
COBS,Crisp→Overlap (Boundary Similarity),RPL39,1,[1]
COBS,Crisp→Overlap (Boundary Similarity),RPL40A,1,[1]
COBS,Crisp→Overlap (Boundary Similarity),RPL40B,1,[1]
COBS,Crisp→Overlap (Boundary Similarity),RPL41A,1,[1]
COBS,Crisp→Overlap (Boundary Similarity),RPL41B,1,[1]
COBS,Crisp→Overlap (Boundary Similarity),RPL42A,1,[1]
COBS,Crisp→Overlap (Boundary Similarity),RPL42B,1,[1]
COBS,Crisp→Overlap (Boundary Similarity),RPL43A,1,[1]
COBS,Crisp→Overlap (Boundary Similarity),RPL43B,1,[1]
COBS,Crisp→Overlap (Boundary Similarity),RPL4A,1,[1]
COBS,Crisp→Overlap (Boundary Similarity),RPL4B,1,[1]
COBS,Crisp→Overlap (Boundary Similarity),RPL5,1,[1]
COBS,Crisp→Overlap (Boundary Similarity),RPL6A,1,[1]
COBS,Crisp→Overlap (Boundary Similarity),RPL6B,1,[1]
COBS,Crisp→Overlap (Boundary Similarity),RPL7A,1,[1]
COBS,Crisp→Overlap (Boundary Similarity),RPL7B,1,[1]
COBS,Crisp→Overlap (Boundary Similarity),RPL8A,1,[1]
COBS,Crisp→Overlap (Boundary Similarity),RPL8B,1,[1]
COBS,Crisp→Overlap (Boundary Similarity),RPL9A,1,[1]
COBS,Crisp→Overlap (Boundary Similarity),RPL9B,1,[1]
COBS,Crisp→Overlap (Boundary Similarity),RPN1,1,[1]
COBS,Crisp→Overlap (Boundary Similarity),RPN10,1,[1]
COBS,Crisp→Overlap (Boundary Similarity),RPN11,1,[1]
COBS,Crisp→Overlap (Boundary Similarity),RPN12,1,[1]
COBS,Crisp→Overlap (Boundary Similarity),RPN13,1,[1]
COBS,Crisp→Overlap (Boundary Similarity),RPN2,1,[1]
COBS,Crisp→Overlap (Boundary Similarity),RPN3,1,[1]
COBS,Crisp→Overlap (Boundary Similarity),RPN5,1,[1]
COBS,Crisp→Overlap (Boundary Similarity),RPN6,1,[1]
COBS,Crisp→Overlap (Boundary Similarity),RPN7,1,[1]
COBS,Crisp→Overlap (Boundary Similarity),RPN8,1,[1]
COBS,Crisp→Overlap (Boundary Similarity),RPN9,1,[1]
COBS,Crisp→Overlap (Boundary Similarity),RPO21,1,[1]
COBS,Crisp→Overlap (Boundary Similarity),RPO26,1,[1]
COBS,Crisp→Overlap (Boundary Similarity),RPO31,1,[1]
COBS,Crisp→Overlap (Boundary Similarity),RPP0,1,[1]
COBS,Crisp→Overlap (Boundary Similarity),RPP1,1,[1]
COBS,Crisp→Overlap (Boundary Similarity),RPP1A,1,[1]
COBS,Crisp→Overlap (Boundary Similarity),RPP1B,1,[1]
COBS,Crisp→Overlap (Boundary Similarity),RPP2A,1,[1]
COBS,Crisp→Overlap (Boundary Similarity),RPP2B,1,[1]
COBS,Crisp→Overlap (Boundary Similarity),RPR2,1,[1]
COBS,Crisp→Overlap (Boundary Similarity),RPS0A,1,[1]
COBS,Crisp→Overlap (Boundary Similarity),RPS0B,1,[1]
COBS,Crisp→Overlap (Boundary Similarity),RPS10A,1,[1]
COBS,Crisp→Overlap (Boundary Similarity),RPS10B,1,[1]
COBS,Crisp→Overlap (Boundary Similarity),RPS11A,1,[1]
COBS,Crisp→Overlap (Boundary Similarity),RPS11B,1,[1]
COBS,Crisp→Overlap (Boundary Similarity),RPS12,1,[1]
COBS,Crisp→Overlap (Boundary Similarity),RPS13,1,[1]
COBS,Crisp→Overlap (Boundary Similarity),RPS14A,1,[1]
COBS,Crisp→Overlap (Boundary Similarity),RPS14B,1,[1]
COBS,Crisp→Overlap (Boundary Similarity),RPS15,1,[1]
COBS,Crisp→Overlap (Boundary Similarity),RPS16A,1,[1]
COBS,Crisp→Overlap (Boundary Similarity),RPS16B,1,[1]
COBS,Crisp→Overlap (Boundary Similarity),RPS17A,1,[1]
COBS,Crisp→Overlap (Boundary Similarity),RPS17B,1,[1]
COBS,Crisp→Overlap (Boundary Similarity),RPS18A,1,[1]
COBS,Crisp→Overlap (Boundary Similarity),RPS18B,1,[1]
COBS,Crisp→Overlap (Boundary Similarity),RPS19A,1,[1]
COBS,Crisp→Overlap (Boundary Similarity),RPS19B,1,[1]
COBS,Crisp→Overlap (Boundary Similarity),RPS1A,1,[1]
COBS,Crisp→Overlap (Boundary Similarity),RPS1B,1,[1]
COBS,Crisp→Overlap (Boundary Similarity),RPS2,1,[1]
COBS,Crisp→Overlap (Boundary Similarity),RPS20,1,[1]
COBS,Crisp→Overlap (Boundary Similarity),RPS21A,1,[1]
COBS,Crisp→Overlap (Boundary Similarity),RPS21B,1,[1]
COBS,Crisp→Overlap (Boundary Similarity),RPS22A,1,[1]
COBS,Crisp→Overlap (Boundary Similarity),RPS22B,1,[1]
COBS,Crisp→Overlap (Boundary Similarity),RPS23A,1,[1]
COBS,Crisp→Overlap (Boundary Similarity),RPS23B,1,[1]
COBS,Crisp→Overlap (Boundary Similarity),RPS24A,1,[1]
COBS,Crisp→Overlap (Boundary Similarity),RPS24B,1,[1]
COBS,Crisp→Overlap (Boundary Similarity),RPS25A,1,[1]
COBS,Crisp→Overlap (Boundary Similarity),RPS25B,1,[1]
COBS,Crisp→Overlap (Boundary Similarity),RPS26A,1,[1]
COBS,Crisp→Overlap (Boundary Similarity),RPS26B,1,[1]
COBS,Crisp→Overlap (Boundary Similarity),RPS27A,1,[1]
COBS,Crisp→Overlap (Boundary Similarity),RPS27B,1,[1]
COBS,Crisp→Overlap (Boundary Similarity),RPS28A,1,[1]
COBS,Crisp→Overlap (Boundary Similarity),RPS28B,1,[1]
COBS,Crisp→Overlap (Boundary Similarity),RPS29A,1,[1]
COBS,Crisp→Overlap (Boundary Similarity),RPS29B,1,[1]
COBS,Crisp→Overlap (Boundary Similarity),RPS3,1,[1]
COBS,Crisp→Overlap (Boundary Similarity),RPS30A,1,[1]
COBS,Crisp→Overlap (Boundary Similarity),RPS30B,1,[1]
COBS,Crisp→Overlap (Boundary Similarity),RPS31,1,[1]
COBS,Crisp→Overlap (Boundary Similarity),RPS4A,1,[1]
COBS,Crisp→Overlap (Boundary Similarity),RPS4B,1,[1]
COBS,Crisp→Overlap (Boundary Similarity),RPS5,1,[1]
COBS,Crisp→Overlap (Boundary Similarity),RPS6A,1,[1]
COBS,Crisp→Overlap (Boundary Similarity),RPS6B,1,[1]
COBS,Crisp→Overlap (Boundary Similarity),RPS7A,1,[1]
COBS,Crisp→Overlap (Boundary Similarity),RPS7B,1,[1]
COBS,Crisp→Overlap (Boundary Similarity),RPS8A,1,[1]
COBS,Crisp→Overlap (Boundary Similarity),RPS8B,1,[1]
COBS,Crisp→Overlap (Boundary Similarity),RPS9A,1,[1]
COBS,Crisp→Overlap (Boundary Similarity),RPS9B,1,[1]
COBS,Crisp→Overlap (Boundary Similarity),RPT1,1,[1]
COBS,Crisp→Overlap (Boundary Similarity),RPT2,1,[1]
COBS,Crisp→Overlap (Boundary Similarity),RPT3,1,[1]
COBS,Crisp→Overlap (Boundary Similarity),RPT4,1,[1]
COBS,Crisp→Overlap (Boundary Similarity),RPT5,1,[1]
COBS,Crisp→Overlap (Boundary Similarity),RPT6,1,[1]
COBS,Crisp→Overlap (Boundary Similarity),RRD1,1,[1]
COBS,Crisp→Overlap (Boundary Similarity),RRD2,1,[1]
COBS,Crisp→Overlap (Boundary Similarity),RRI1,1,[1]
COBS,Crisp→Overlap (Boundary Similarity),RRI2,1,[1]
COBS,Crisp→Overlap (Boundary Similarity),RRN10,1,[1]
COBS,Crisp→Overlap (Boundary Similarity),RRN11,1,[1]
COBS,Crisp→Overlap (Boundary Similarity),RRN5,1,[1]
COBS,Crisp→Overlap (Boundary Similarity),RRN6,1,[1]
COBS,Crisp→Overlap (Boundary Similarity),RRN7,1,[1]
COBS,Crisp→Overlap (Boundary Similarity),RRN9,1,[1]
COBS,Crisp→Overlap (Boundary Similarity),RRP4,1,[1]
COBS,Crisp→Overlap (Boundary Similarity),RRP40,1,[1]
COBS,Crisp→Overlap (Boundary Similarity),RRP42,1,[1]
COBS,Crisp→Overlap (Boundary Similarity),RRP43,1,[1]
COBS,Crisp→Overlap (Boundary Similarity),RRP45,1,[1]
COBS,Crisp→Overlap (Boundary Similarity),RRP46,1,[1]
COBS,Crisp→Overlap (Boundary Similarity),RRP6,1,[1]
COBS,Crisp→Overlap (Boundary Similarity),RRP7,1,[1]
COBS,Crisp→Overlap (Boundary Similarity),RSA3,1,[1]
COBS,Crisp→Overlap (Boundary Similarity),RSC1,1,[1]
COBS,Crisp→Overlap (Boundary Similarity),RSC2,1,[1]
COBS,Crisp→Overlap (Boundary Similarity),RSC3,1,[1]
COBS,Crisp→Overlap (Boundary Similarity),RSC30,1,[1]
COBS,Crisp→Overlap (Boundary Similarity),RSC4,1,[1]
COBS,Crisp→Overlap (Boundary Similarity),RSC58,1,[1]
COBS,Crisp→Overlap (Boundary Similarity),RSC6,1,[1]
COBS,Crisp→Overlap (Boundary Similarity),RSC8,1,[1]
COBS,Crisp→Overlap (Boundary Similarity),RSC9,1,[1]
COBS,Crisp→Overlap (Boundary Similarity),RSE1,1,[1]
COBS,Crisp→Overlap (Boundary Similarity),RSM10,1,[2]
COBS,Crisp→Overlap (Boundary Similarity),RSM18,1,[1]
COBS,Crisp→Overlap (Boundary Similarity),RSM19,1,[1]
COBS,Crisp→Overlap (Boundary Similarity),RSM22,1,[1]
COBS,Crisp→Overlap (Boundary Similarity),RSM23,1,[1]
COBS,Crisp→Overlap (Boundary Similarity),RSM24,1,[1]
COBS,Crisp→Overlap (Boundary Similarity),RSM25,1,[1]
COBS,Crisp→Overlap (Boundary Similarity),RSM26,1,[1]
COBS,Crisp→Overlap (Boundary Similarity),RSM27,1,[1]
COBS,Crisp→Overlap (Boundary Similarity),RSM7,1,[2]
COBS,Crisp→Overlap (Boundary Similarity),RSP5,1,[1]
COBS,Crisp→Overlap (Boundary Similarity),RTF1,1,[1]
COBS,Crisp→Overlap (Boundary Similarity),RTG1,1,[1]
COBS,Crisp→Overlap (Boundary Similarity),RTG2,1,[1]
COBS,Crisp→Overlap (Boundary Similarity),RTG3,1,[1]
COBS,Crisp→Overlap (Boundary Similarity),RTS1,1,[1]
COBS,Crisp→Overlap (Boundary Similarity),RTT102,1,[1]
COBS,Crisp→Overlap (Boundary Similarity),RTT103,1,[1]
COBS,Crisp→Overlap (Boundary Similarity),RTT109,1,[1]
COBS,Crisp→Overlap (Boundary Similarity),RVB1,1,[1]
COBS,Crisp→Overlap (Boundary Similarity),RVB2,1,[1]
COBS,Crisp→Overlap (Boundary Similarity),RVS161,1,[1]
COBS,Crisp→Overlap (Boundary Similarity),RVS167,1,[1]
COBS,Crisp→Overlap (Boundary Similarity),RXT2,1,[1]
COBS,Crisp→Overlap (Boundary Similarity),RXT3,1,[1]
COBS,Crisp→Overlap (Boundary Similarity),SAC3,1,[1]
COBS,Crisp→Overlap (Boundary Similarity),SAE3,1,[1]
COBS,Crisp→Overlap (Boundary Similarity),SAM35,1,[1]
COBS,Crisp→Overlap (Boundary Similarity),SAM37,1,[1]
COBS,Crisp→Overlap (Boundary Similarity),SAM50,1,[1]
COBS,Crisp→Overlap (Boundary Similarity),SAP155,1,[1]
COBS,Crisp→Overlap (Boundary Similarity),SAP185,1,[1]
COBS,Crisp→Overlap (Boundary Similarity),SAP190,1,[1]
COBS,Crisp→Overlap (Boundary Similarity),SAP30,1,[1]
COBS,Crisp→Overlap (Boundary Similarity),SAR1,1,[1]
COBS,Crisp→Overlap (Boundary Similarity),SAS2,1,[1]
COBS,Crisp→Overlap (Boundary Similarity),SAS3,1,[1]
COBS,Crisp→Overlap (Boundary Similarity),SAS4,1,[1]
COBS,Crisp→Overlap (Boundary Similarity),SAS5,1,[1]
COBS,Crisp→Overlap (Boundary Similarity),SBH1,1,[2]
COBS,Crisp→Overlap (Boundary Similarity),SBH2,1,[2]
COBS,Crisp→Overlap (Boundary Similarity),SCC2,1,[1]
COBS,Crisp→Overlap (Boundary Similarity),SCC4,1,[1]
COBS,Crisp→Overlap (Boundary Similarity),SCL1,1,[1]
COBS,Crisp→Overlap (Boundary Similarity),SDC1,1,[1]
COBS,Crisp→Overlap (Boundary Similarity),SDH1,1,[1]
COBS,Crisp→Overlap (Boundary Similarity),SDH2,1,[1]
COBS,Crisp→Overlap (Boundary Similarity),SDH3,1,[1]
COBS,Crisp→Overlap (Boundary Similarity),SDH4,1,[1]
COBS,Crisp→Overlap (Boundary Similarity),SDS22,1,[1]
COBS,Crisp→Overlap (Boundary Similarity),SDS3,1,[1]
COBS,Crisp→Overlap (Boundary Similarity),SEC10,1,[1]
COBS,Crisp→Overlap (Boundary Similarity),SEC13,1,[1]
COBS,Crisp→Overlap (Boundary Similarity),SEC15,1,[1]
COBS,Crisp→Overlap (Boundary Similarity),SEC16,1,[1]
COBS,Crisp→Overlap (Boundary Similarity),SEC20,1,[1]
COBS,Crisp→Overlap (Boundary Similarity),SEC21,1,[1]
COBS,Crisp→Overlap (Boundary Similarity),SEC23,1,[1]
COBS,Crisp→Overlap (Boundary Similarity),SEC24,1,[1]
COBS,Crisp→Overlap (Boundary Similarity),SEC26,1,[1]
COBS,Crisp→Overlap (Boundary Similarity),SEC27,1,[1]
COBS,Crisp→Overlap (Boundary Similarity),SEC28,1,[1]
COBS,Crisp→Overlap (Boundary Similarity),SEC3,1,[1]
COBS,Crisp→Overlap (Boundary Similarity),SEC31,1,[1]
COBS,Crisp→Overlap (Boundary Similarity),SEC39,1,[1]
COBS,Crisp→Overlap (Boundary Similarity),SEC4,1,[1]
COBS,Crisp→Overlap (Boundary Similarity),SEC5,1,[1]
COBS,Crisp→Overlap (Boundary Similarity),SEC6,1,[1]
COBS,Crisp→Overlap (Boundary Similarity),SEC61,1,[2]
COBS,Crisp→Overlap (Boundary Similarity),SEC62,1,[1]
COBS,Crisp→Overlap (Boundary Similarity),SEC63,1,[1]
COBS,Crisp→Overlap (Boundary Similarity),SEC65,1,[1]
COBS,Crisp→Overlap (Boundary Similarity),SEC66,1,[1]
COBS,Crisp→Overlap (Boundary Similarity),SEC72,1,[1]
COBS,Crisp→Overlap (Boundary Similarity),SEC8,1,[1]
COBS,Crisp→Overlap (Boundary Similarity),SEC9,1,[1]
COBS,Crisp→Overlap (Boundary Similarity),SEH1,1,[1]
COBS,Crisp→Overlap (Boundary Similarity),SEM1,1,[1]
COBS,Crisp→Overlap (Boundary Similarity),SEN15,1,[1]
COBS,Crisp→Overlap (Boundary Similarity),SEN2,1,[1]
COBS,Crisp→Overlap (Boundary Similarity),SEN34,1,[1]
COBS,Crisp→Overlap (Boundary Similarity),SEN54,1,[1]
COBS,Crisp→Overlap (Boundary Similarity),SET1,1,[1]
COBS,Crisp→Overlap (Boundary Similarity),SET3,1,[1]
COBS,Crisp→Overlap (Boundary Similarity),SFB3,1,[1]
COBS,Crisp→Overlap (Boundary Similarity),SFH1,1,[1]
COBS,Crisp→Overlap (Boundary Similarity),SGF11,1,[1]
COBS,Crisp→Overlap (Boundary Similarity),SGF29,1,[1]
COBS,Crisp→Overlap (Boundary Similarity),SGF73,1,[1]
COBS,Crisp→Overlap (Boundary Similarity),SGS1,1,[1]
COBS,Crisp→Overlap (Boundary Similarity),SGT1,1,[1]
COBS,Crisp→Overlap (Boundary Similarity),SGV1,1,[1]
COBS,Crisp→Overlap (Boundary Similarity),SHG1,1,[1]
COBS,Crisp→Overlap (Boundary Similarity),SHQ1,1,[1]
COBS,Crisp→Overlap (Boundary Similarity),SIF2,1,[1]
COBS,Crisp→Overlap (Boundary Similarity),NOP56,1,[1]
COBS,Crisp→Overlap (Boundary Similarity),SIN3,1,[1]
COBS,Crisp→Overlap (Boundary Similarity),SIN4,1,[1]
COBS,Crisp→Overlap (Boundary Similarity),SIP1,1,[1]
COBS,Crisp→Overlap (Boundary Similarity),SIP2,1,[1]
COBS,Crisp→Overlap (Boundary Similarity),SIR2,1,[1]
COBS,Crisp→Overlap (Boundary Similarity),SIR3,1,[1]
COBS,Crisp→Overlap (Boundary Similarity),SIR4,1,[1]
COBS,Crisp→Overlap (Boundary Similarity),SIT4,1,[1]
COBS,Crisp→Overlap (Boundary Similarity),SKI2,1,[1]
COBS,Crisp→Overlap (Boundary Similarity),SKI3,1,[1]
COBS,Crisp→Overlap (Boundary Similarity),SKI6,1,[1]
COBS,Crisp→Overlap (Boundary Similarity),SKI8,1,[1]
COBS,Crisp→Overlap (Boundary Similarity),SKO1,1,[1]
COBS,Crisp→Overlap (Boundary Similarity),SKP1,1,[1]
COBS,Crisp→Overlap (Boundary Similarity),SLA1,1,[1]
COBS,Crisp→Overlap (Boundary Similarity),SLD2,1,[1]
COBS,Crisp→Overlap (Boundary Similarity),SLD5,1,[1]
COBS,Crisp→Overlap (Boundary Similarity),SLI15,1,[1]
COBS,Crisp→Overlap (Boundary Similarity),SLM1,1,[1]
COBS,Crisp→Overlap (Boundary Similarity),SLM2,1,[1]
COBS,Crisp→Overlap (Boundary Similarity),SLM4,1,[1]
COBS,Crisp→Overlap (Boundary Similarity),SLX1,1,[1]
COBS,Crisp→Overlap (Boundary Similarity),SLX4,1,[1]
COBS,Crisp→Overlap (Boundary Similarity),SLX5,1,[1]
COBS,Crisp→Overlap (Boundary Similarity),SLX8,1,[1]
COBS,Crisp→Overlap (Boundary Similarity),SMB1,1,[1]
COBS,Crisp→Overlap (Boundary Similarity),SMC1,1,[1]
COBS,Crisp→Overlap (Boundary Similarity),SMC2,1,[1]
COBS,Crisp→Overlap (Boundary Similarity),SMC3,1,[1]
COBS,Crisp→Overlap (Boundary Similarity),SMC4,1,[1]
COBS,Crisp→Overlap (Boundary Similarity),SMC5,1,[1]
COBS,Crisp→Overlap (Boundary Similarity),SMC6,1,[1]
COBS,Crisp→Overlap (Boundary Similarity),SMD1,1,[1]
COBS,Crisp→Overlap (Boundary Similarity),SMD2,1,[1]
COBS,Crisp→Overlap (Boundary Similarity),SMD3,1,[1]
COBS,Crisp→Overlap (Boundary Similarity),SME1,1,[1]
COBS,Crisp→Overlap (Boundary Similarity),SMX2,1,[1]
COBS,Crisp→Overlap (Boundary Similarity),SMX3,1,[1]
COBS,Crisp→Overlap (Boundary Similarity),SNC1,1,[1]
COBS,Crisp→Overlap (Boundary Similarity),SNF1,1,[1]
COBS,Crisp→Overlap (Boundary Similarity),SNF11,1,[1]
COBS,Crisp→Overlap (Boundary Similarity),SNF12,1,[1]
COBS,Crisp→Overlap (Boundary Similarity),SNF2,1,[1]
COBS,Crisp→Overlap (Boundary Similarity),SNF4,1,[1]
COBS,Crisp→Overlap (Boundary Similarity),SNF5,1,[1]
COBS,Crisp→Overlap (Boundary Similarity),SNF6,1,[1]
COBS,Crisp→Overlap (Boundary Similarity),SNF7,1,[1]
COBS,Crisp→Overlap (Boundary Similarity),SNF8,1,[1]
COBS,Crisp→Overlap (Boundary Similarity),SNM1,1,[1]
COBS,Crisp→Overlap (Boundary Similarity),SNO1,1,[1]
COBS,Crisp→Overlap (Boundary Similarity),SNP1,1,[1]
COBS,Crisp→Overlap (Boundary Similarity),SNT1,1,[1]
COBS,Crisp→Overlap (Boundary Similarity),SNT309,1,[1]
COBS,Crisp→Overlap (Boundary Similarity),SNU114,1,[1]
COBS,Crisp→Overlap (Boundary Similarity),SNU13,1,[1]
COBS,Crisp→Overlap (Boundary Similarity),SNU23,1,[1]
COBS,Crisp→Overlap (Boundary Similarity),SNU56,1,[1]
COBS,Crisp→Overlap (Boundary Similarity),SNU66,1,[1]
COBS,Crisp→Overlap (Boundary Similarity),SNU71,1,[1]
COBS,Crisp→Overlap (Boundary Similarity),SNX4,1,[1]
COBS,Crisp→Overlap (Boundary Similarity),SNX41,1,[1]
COBS,Crisp→Overlap (Boundary Similarity),SNZ1,1,[1]
COBS,Crisp→Overlap (Boundary Similarity),SOD1,1,[1]
COBS,Crisp→Overlap (Boundary Similarity),SOG2,1,[1]
COBS,Crisp→Overlap (Boundary Similarity),SOH1,1,[1]
COBS,Crisp→Overlap (Boundary Similarity),SPA2,1,[1]
COBS,Crisp→Overlap (Boundary Similarity),SPC110,1,[1]
COBS,Crisp→Overlap (Boundary Similarity),SPC19,1,[1]
COBS,Crisp→Overlap (Boundary Similarity),SPC24,1,[1]
COBS,Crisp→Overlap (Boundary Similarity),SPC25,1,[1]
COBS,Crisp→Overlap (Boundary Similarity),SPC29,1,[1]
COBS,Crisp→Overlap (Boundary Similarity),SPC34,1,[1]
COBS,Crisp→Overlap (Boundary Similarity),SPC42,1,[1]
COBS,Crisp→Overlap (Boundary Similarity),SPC72,1,[1]
COBS,Crisp→Overlap (Boundary Similarity),SPC97,1,[1]
COBS,Crisp→Overlap (Boundary Similarity),SPC98,1,[1]
COBS,Crisp→Overlap (Boundary Similarity),SPO11,1,[1]
COBS,Crisp→Overlap (Boundary Similarity),SPO7,1,[1]
COBS,Crisp→Overlap (Boundary Similarity),SPP1,1,[1]
COBS,Crisp→Overlap (Boundary Similarity),SPP381,1,[1]
COBS,Crisp→Overlap (Boundary Similarity),SPP382,1,[1]
COBS,Crisp→Overlap (Boundary Similarity),SPT15,1,[1]
COBS,Crisp→Overlap (Boundary Similarity),SPT16,1,[1]
COBS,Crisp→Overlap (Boundary Similarity),SPT20,1,[1]
COBS,Crisp→Overlap (Boundary Similarity),SPT3,1,[1]
COBS,Crisp→Overlap (Boundary Similarity),SPT4,1,[1]
COBS,Crisp→Overlap (Boundary Similarity),SPT5,1,[1]
COBS,Crisp→Overlap (Boundary Similarity),SPT7,1,[1]
COBS,Crisp→Overlap (Boundary Similarity),SPT8,1,[1]
COBS,Crisp→Overlap (Boundary Similarity),SRB2,1,[1]
COBS,Crisp→Overlap (Boundary Similarity),SRB4,1,[1]
COBS,Crisp→Overlap (Boundary Similarity),SRB5,1,[1]
COBS,Crisp→Overlap (Boundary Similarity),SRB6,1,[1]
COBS,Crisp→Overlap (Boundary Similarity),SRB7,1,[1]
COBS,Crisp→Overlap (Boundary Similarity),SRB8,1,[1]
COBS,Crisp→Overlap (Boundary Similarity),SRN2,1,[1]
COBS,Crisp→Overlap (Boundary Similarity),SRO7,1,[1]
COBS,Crisp→Overlap (Boundary Similarity),SRO9,1,[1]
COBS,Crisp→Overlap (Boundary Similarity),SRP101,1,[1]
COBS,Crisp→Overlap (Boundary Similarity),SRP102,1,[1]
COBS,Crisp→Overlap (Boundary Similarity),SRP14,1,[1]
COBS,Crisp→Overlap (Boundary Similarity),SRP21,1,[1]
COBS,Crisp→Overlap (Boundary Similarity),SRP54,1,[1]
COBS,Crisp→Overlap (Boundary Similarity),SRP68,1,[1]
COBS,Crisp→Overlap (Boundary Similarity),SRP72,1,[1]
COBS,Crisp→Overlap (Boundary Similarity),SRV2,1,[1]
COBS,Crisp→Overlap (Boundary Similarity),SSA3,1,[1]
COBS,Crisp→Overlap (Boundary Similarity),SSC1,1,[1]
COBS,Crisp→Overlap (Boundary Similarity),SSH1,1,[1]
COBS,Crisp→Overlap (Boundary Similarity),SSL1,1,[1]
COBS,Crisp→Overlap (Boundary Similarity),SSL2,1,[1]
COBS,Crisp→Overlap (Boundary Similarity),SSN2,1,[1]
COBS,Crisp→Overlap (Boundary Similarity),SSN3,1,[1]
COBS,Crisp→Overlap (Boundary Similarity),SSN8,1,[1]
COBS,Crisp→Overlap (Boundary Similarity),SSO1,1,[1]
COBS,Crisp→Overlap (Boundary Similarity),SSS1,1,[2]
COBS,Crisp→Overlap (Boundary Similarity),SSU72,1,[1]
COBS,Crisp→Overlap (Boundary Similarity),SSZ1,1,[1]
COBS,Crisp→Overlap (Boundary Similarity),STE11,1,[1]
COBS,Crisp→Overlap (Boundary Similarity),STE12,1,[1]
COBS,Crisp→Overlap (Boundary Similarity),STE18,1,[1]
COBS,Crisp→Overlap (Boundary Similarity),STE20,1,[1]
COBS,Crisp→Overlap (Boundary Similarity),STE4,1,[1]
COBS,Crisp→Overlap (Boundary Similarity),STE5,1,[1]
COBS,Crisp→Overlap (Boundary Similarity),STE7,1,[1]
COBS,Crisp→Overlap (Boundary Similarity),STF1,1,[1]
COBS,Crisp→Overlap (Boundary Similarity),STF2,1,[1]
COBS,Crisp→Overlap (Boundary Similarity),STH1,1,[1]
COBS,Crisp→Overlap (Boundary Similarity),STO1,1,[1]
COBS,Crisp→Overlap (Boundary Similarity),STP22,1,[1]
COBS,Crisp→Overlap (Boundary Similarity),STT3,1,[2]
COBS,Crisp→Overlap (Boundary Similarity),STV1,1,[1]
COBS,Crisp→Overlap (Boundary Similarity),SUB2,1,[1]
COBS,Crisp→Overlap (Boundary Similarity),SUI1,1,[1]
COBS,Crisp→Overlap (Boundary Similarity),SUI2,1,[1]
COBS,Crisp→Overlap (Boundary Similarity),SUI3,1,[1]
COBS,Crisp→Overlap (Boundary Similarity),SUM1,1,[1]
COBS,Crisp→Overlap (Boundary Similarity),SUP35,1,[1]
COBS,Crisp→Overlap (Boundary Similarity),SUP45,1,[1]
COBS,Crisp→Overlap (Boundary Similarity),SUS1,1,[1]
COBS,Crisp→Overlap (Boundary Similarity),SUV3,1,[1]
COBS,Crisp→Overlap (Boundary Similarity),SWC3,1,[1]
COBS,Crisp→Overlap (Boundary Similarity),SWC4,1,[1]
COBS,Crisp→Overlap (Boundary Similarity),SWC5,1,[1]
COBS,Crisp→Overlap (Boundary Similarity),SWC7,1,[1]
COBS,Crisp→Overlap (Boundary Similarity),SWD1,1,[1]
COBS,Crisp→Overlap (Boundary Similarity),SWD2,1,[1]
COBS,Crisp→Overlap (Boundary Similarity),SWD3,1,[1]
COBS,Crisp→Overlap (Boundary Similarity),SWI1,1,[1]
COBS,Crisp→Overlap (Boundary Similarity),SWI3,1,[1]
COBS,Crisp→Overlap (Boundary Similarity),SWI4,1,[1]
COBS,Crisp→Overlap (Boundary Similarity),SWI6,1,[1]
COBS,Crisp→Overlap (Boundary Similarity),SWM1,1,[1]
COBS,Crisp→Overlap (Boundary Similarity),SWP1,1,[1]
COBS,Crisp→Overlap (Boundary Similarity),SWP82,1,[1]
COBS,Crisp→Overlap (Boundary Similarity),SWR1,1,[1]
COBS,Crisp→Overlap (Boundary Similarity),SWS2,1,[1]
COBS,Crisp→Overlap (Boundary Similarity),SYC1,1,[1]
COBS,Crisp→Overlap (Boundary Similarity),SYF1,1,[1]
COBS,Crisp→Overlap (Boundary Similarity),SYF2,1,[1]
COBS,Crisp→Overlap (Boundary Similarity),TAF1,1,[1]
COBS,Crisp→Overlap (Boundary Similarity),TAF10,1,[1]
COBS,Crisp→Overlap (Boundary Similarity),TAF11,1,[1]
COBS,Crisp→Overlap (Boundary Similarity),TAF12,1,[1]
COBS,Crisp→Overlap (Boundary Similarity),TAF13,1,[1]
COBS,Crisp→Overlap (Boundary Similarity),TAF14,1,[1]
COBS,Crisp→Overlap (Boundary Similarity),TAF2,1,[1]
COBS,Crisp→Overlap (Boundary Similarity),TAF3,1,[1]
COBS,Crisp→Overlap (Boundary Similarity),TAF4,1,[1]
COBS,Crisp→Overlap (Boundary Similarity),TAF5,1,[1]
COBS,Crisp→Overlap (Boundary Similarity),TAF6,1,[1]
COBS,Crisp→Overlap (Boundary Similarity),TAF7,1,[1]
COBS,Crisp→Overlap (Boundary Similarity),TAF8,1,[1]
COBS,Crisp→Overlap (Boundary Similarity),TAF9,1,[1]
COBS,Crisp→Overlap (Boundary Similarity),TAP42,1,[1]
COBS,Crisp→Overlap (Boundary Similarity),TCO89,1,[1]
COBS,Crisp→Overlap (Boundary Similarity),TCP1,1,[1]
COBS,Crisp→Overlap (Boundary Similarity),TEF1,1,[1]
COBS,Crisp→Overlap (Boundary Similarity),TEF2,1,[1]
COBS,Crisp→Overlap (Boundary Similarity),TEF4,1,[1]
COBS,Crisp→Overlap (Boundary Similarity),TEX1,1,[1]
COBS,Crisp→Overlap (Boundary Similarity),TFA1,1,[1]
COBS,Crisp→Overlap (Boundary Similarity),TFA2,1,[1]
COBS,Crisp→Overlap (Boundary Similarity),TFB1,1,[1]
COBS,Crisp→Overlap (Boundary Similarity),TFB2,1,[1]
COBS,Crisp→Overlap (Boundary Similarity),TFB3,1,[1]
COBS,Crisp→Overlap (Boundary Similarity),TFB4,1,[1]
COBS,Crisp→Overlap (Boundary Similarity),TFB5,1,[1]
COBS,Crisp→Overlap (Boundary Similarity),TFC1,1,[1]
COBS,Crisp→Overlap (Boundary Similarity),TFC3,1,[1]
COBS,Crisp→Overlap (Boundary Similarity),TFC4,1,[1]
COBS,Crisp→Overlap (Boundary Similarity),TFC6,1,[1]
COBS,Crisp→Overlap (Boundary Similarity),TFC7,1,[1]
COBS,Crisp→Overlap (Boundary Similarity),TFC8,1,[1]
COBS,Crisp→Overlap (Boundary Similarity),TFG1,1,[1]
COBS,Crisp→Overlap (Boundary Similarity),TFG2,1,[1]
COBS,Crisp→Overlap (Boundary Similarity),VMA1,1,[1]
COBS,Crisp→Overlap (Boundary Similarity),VMA11,1,[1]
COBS,Crisp→Overlap (Boundary Similarity),THP1,1,[1]
COBS,Crisp→Overlap (Boundary Similarity),THP2,1,[1]
COBS,Crisp→Overlap (Boundary Similarity),NDC80,1,[1]
COBS,Crisp→Overlap (Boundary Similarity),TIF1,1,[1]
COBS,Crisp→Overlap (Boundary Similarity),TIF11,1,[1]
COBS,Crisp→Overlap (Boundary Similarity),TIF34,1,[1]
COBS,Crisp→Overlap (Boundary Similarity),TIF35,1,[1]
COBS,Crisp→Overlap (Boundary Similarity),TIF4631,1,[1]
COBS,Crisp→Overlap (Boundary Similarity),TIF5,1,[1]
COBS,Crisp→Overlap (Boundary Similarity),TIM11,1,[1]
COBS,Crisp→Overlap (Boundary Similarity),TIM13,1,[1]
COBS,Crisp→Overlap (Boundary Similarity),TIM17,1,[1]
COBS,Crisp→Overlap (Boundary Similarity),TIM18,1,[1]
COBS,Crisp→Overlap (Boundary Similarity),TIM21,1,[1]
COBS,Crisp→Overlap (Boundary Similarity),TIM22,1,[1]
COBS,Crisp→Overlap (Boundary Similarity),TIM23,1,[1]
COBS,Crisp→Overlap (Boundary Similarity),TIM44,1,[1]
COBS,Crisp→Overlap (Boundary Similarity),TIM50,1,[1]
COBS,Crisp→Overlap (Boundary Similarity),TIM54,1,[1]
COBS,Crisp→Overlap (Boundary Similarity),TIM8,1,[1]
COBS,Crisp→Overlap (Boundary Similarity),TIM9,1,[1]
COBS,Crisp→Overlap (Boundary Similarity),TIP20,1,[1]
COBS,Crisp→Overlap (Boundary Similarity),TOA1,1,[1]
COBS,Crisp→Overlap (Boundary Similarity),TOA2,1,[1]
COBS,Crisp→Overlap (Boundary Similarity),TOF1,1,[1]
COBS,Crisp→Overlap (Boundary Similarity),TOM20,1,[1]
COBS,Crisp→Overlap (Boundary Similarity),TOM22,1,[1]
COBS,Crisp→Overlap (Boundary Similarity),TOM40,1,[1]
COBS,Crisp→Overlap (Boundary Similarity),TOM5,1,[1]
COBS,Crisp→Overlap (Boundary Similarity),TOM6,1,[1]
COBS,Crisp→Overlap (Boundary Similarity),TOM7,1,[1]
COBS,Crisp→Overlap (Boundary Similarity),TOM70,1,[1]
COBS,Crisp→Overlap (Boundary Similarity),TOP3,1,[1]
COBS,Crisp→Overlap (Boundary Similarity),TOR1,1,[1]
COBS,Crisp→Overlap (Boundary Similarity),TOR2,1,[1]
COBS,Crisp→Overlap (Boundary Similarity),TPD3,1,[1]
COBS,Crisp→Overlap (Boundary Similarity),TPK1,1,[1]
COBS,Crisp→Overlap (Boundary Similarity),TPK2,1,[1]
COBS,Crisp→Overlap (Boundary Similarity),TPK3,1,[1]
COBS,Crisp→Overlap (Boundary Similarity),TPS1,1,[1]
COBS,Crisp→Overlap (Boundary Similarity),TPS2,1,[1]
COBS,Crisp→Overlap (Boundary Similarity),TPS3,1,[1]
COBS,Crisp→Overlap (Boundary Similarity),TRA1,1,[1]
COBS,Crisp→Overlap (Boundary Similarity),TRM11,1,[1]
COBS,Crisp→Overlap (Boundary Similarity),TRM112,1,[1]
COBS,Crisp→Overlap (Boundary Similarity),TRM8,1,[1]
COBS,Crisp→Overlap (Boundary Similarity),TRM82,1,[1]
COBS,Crisp→Overlap (Boundary Similarity),TRS120,1,[1]
COBS,Crisp→Overlap (Boundary Similarity),TRS130,1,[1]
COBS,Crisp→Overlap (Boundary Similarity),TRS20,1,[1]
COBS,Crisp→Overlap (Boundary Similarity),TRS23,1,[1]
COBS,Crisp→Overlap (Boundary Similarity),TRS31,1,[1]
COBS,Crisp→Overlap (Boundary Similarity),TRS33,1,[1]
COBS,Crisp→Overlap (Boundary Similarity),TSC11,1,[1]
COBS,Crisp→Overlap (Boundary Similarity),TSL1,1,[1]
COBS,Crisp→Overlap (Boundary Similarity),TUB1,1,[1]
COBS,Crisp→Overlap (Boundary Similarity),TUB2,1,[1]
COBS,Crisp→Overlap (Boundary Similarity),TUB4,1,[1]
COBS,Crisp→Overlap (Boundary Similarity),TUP1,1,[1]
COBS,Crisp→Overlap (Boundary Similarity),UAF30,1,[1]
COBS,Crisp→Overlap (Boundary Similarity),UBA2,1,[1]
COBS,Crisp→Overlap (Boundary Similarity),UBA3,1,[1]
COBS,Crisp→Overlap (Boundary Similarity),UBC13,1,[1]
COBS,Crisp→Overlap (Boundary Similarity),UBP3,1,[1]
COBS,Crisp→Overlap (Boundary Similarity),UBP6,1,[1]
COBS,Crisp→Overlap (Boundary Similarity),UBP8,1,[1]
COBS,Crisp→Overlap (Boundary Similarity),UFD1,1,[1]
COBS,Crisp→Overlap (Boundary Similarity),UFE1,1,[1]
COBS,Crisp→Overlap (Boundary Similarity),UGO1,1,[1]
COBS,Crisp→Overlap (Boundary Similarity),ULA1,1,[1]
COBS,Crisp→Overlap (Boundary Similarity),UME1,1,[1]
COBS,Crisp→Overlap (Boundary Similarity),UME6,1,[1]
COBS,Crisp→Overlap (Boundary Similarity),UPF3,1,[1]
COBS,Crisp→Overlap (Boundary Similarity),URB1,1,[1]
COBS,Crisp→Overlap (Boundary Similarity),URB2,1,[1]
COBS,Crisp→Overlap (Boundary Similarity),USA1,1,[1]
COBS,Crisp→Overlap (Boundary Similarity),USE1,1,[1]
COBS,Crisp→Overlap (Boundary Similarity),UTP10,1,[1]
COBS,Crisp→Overlap (Boundary Similarity),UTP13,1,[1]
COBS,Crisp→Overlap (Boundary Similarity),UTP15,1,[1]
COBS,Crisp→Overlap (Boundary Similarity),UTP18,1,[1]
COBS,Crisp→Overlap (Boundary Similarity),UTP21,1,[1]
COBS,Crisp→Overlap (Boundary Similarity),UTP22,1,[1]
COBS,Crisp→Overlap (Boundary Similarity),UTP4,1,[1]
COBS,Crisp→Overlap (Boundary Similarity),UTP6,1,[1]
COBS,Crisp→Overlap (Boundary Similarity),UTP8,1,[1]
COBS,Crisp→Overlap (Boundary Similarity),UTP9,1,[1]
COBS,Crisp→Overlap (Boundary Similarity),VAC14,1,[1]
COBS,Crisp→Overlap (Boundary Similarity),VAM3,1,[1]
COBS,Crisp→Overlap (Boundary Similarity),VAM6,1,[1]
COBS,Crisp→Overlap (Boundary Similarity),VAM7,1,[1]
COBS,Crisp→Overlap (Boundary Similarity),VAN1,1,[1]
COBS,Crisp→Overlap (Boundary Similarity),VAR1,1,[1]
COBS,Crisp→Overlap (Boundary Similarity),VMA10,1,[1]
COBS,Crisp→Overlap (Boundary Similarity),VMA13,1,[1]
COBS,Crisp→Overlap (Boundary Similarity),VMA2,1,[1]
COBS,Crisp→Overlap (Boundary Similarity),VMA22,1,[1]
COBS,Crisp→Overlap (Boundary Similarity),VMA4,1,[1]
COBS,Crisp→Overlap (Boundary Similarity),VMA5,1,[1]
COBS,Crisp→Overlap (Boundary Similarity),VMA6,1,[1]
COBS,Crisp→Overlap (Boundary Similarity),VMA7,1,[1]
COBS,Crisp→Overlap (Boundary Similarity),VMA8,1,[1]
COBS,Crisp→Overlap (Boundary Similarity),VPH1,1,[1]
COBS,Crisp→Overlap (Boundary Similarity),VPH2,1,[1]
COBS,Crisp→Overlap (Boundary Similarity),VPS15,1,[1]
COBS,Crisp→Overlap (Boundary Similarity),VPS16,1,[1]
COBS,Crisp→Overlap (Boundary Similarity),VPS17,1,[1]
COBS,Crisp→Overlap (Boundary Similarity),VPS20,1,[1]
COBS,Crisp→Overlap (Boundary Similarity),VPS24,1,[1]
COBS,Crisp→Overlap (Boundary Similarity),VPS25,1,[1]
COBS,Crisp→Overlap (Boundary Similarity),VPS27,1,[1]
COBS,Crisp→Overlap (Boundary Similarity),VPS28,1,[1]
COBS,Crisp→Overlap (Boundary Similarity),VPS29,1,[1]
COBS,Crisp→Overlap (Boundary Similarity),VPS3,1,[1]
COBS,Crisp→Overlap (Boundary Similarity),VPS30,1,[1]
COBS,Crisp→Overlap (Boundary Similarity),VPS33,1,[1]
COBS,Crisp→Overlap (Boundary Similarity),VPS34,1,[1]
COBS,Crisp→Overlap (Boundary Similarity),VPS35,1,[1]
COBS,Crisp→Overlap (Boundary Similarity),VPS36,1,[1]
COBS,Crisp→Overlap (Boundary Similarity),VPS38,1,[1]
COBS,Crisp→Overlap (Boundary Similarity),VPS41,1,[1]
COBS,Crisp→Overlap (Boundary Similarity),VPS5,1,[1]
COBS,Crisp→Overlap (Boundary Similarity),VPS51,1,[1]
COBS,Crisp→Overlap (Boundary Similarity),VPS52,1,[1]
COBS,Crisp→Overlap (Boundary Similarity),VPS53,1,[1]
COBS,Crisp→Overlap (Boundary Similarity),VPS54,1,[1]
COBS,Crisp→Overlap (Boundary Similarity),VPS64,1,[1]
COBS,Crisp→Overlap (Boundary Similarity),VPS71,1,[1]
COBS,Crisp→Overlap (Boundary Similarity),VPS72,1,[1]
COBS,Crisp→Overlap (Boundary Similarity),VPS75,1,[1]
COBS,Crisp→Overlap (Boundary Similarity),VPS8,1,[1]
COBS,Crisp→Overlap (Boundary Similarity),WBP1,1,[1]
COBS,Crisp→Overlap (Boundary Similarity),XRS2,1,[1]
COBS,Crisp→Overlap (Boundary Similarity),YAF9,1,[1]
COBS,Crisp→Overlap (Boundary Similarity),YCG1,1,[1]
COBS,Crisp→Overlap (Boundary Similarity),YCS4,1,[1]
COBS,Crisp→Overlap (Boundary Similarity),YDJ1,1,[1]
COBS,Crisp→Overlap (Boundary Similarity),MRX14,1,[1]
COBS,Crisp→Overlap (Boundary Similarity),YHC1,1,[1]
COBS,Crisp→Overlap (Boundary Similarity),YKE2,1,[1]
COBS,Crisp→Overlap (Boundary Similarity),YKU70,1,[1]
COBS,Crisp→Overlap (Boundary Similarity),YKU80,1,[1]
COBS,Crisp→Overlap (Boundary Similarity),YME1,1,[1]
COBS,Crisp→Overlap (Boundary Similarity),YML6,1,[1]
COBS,Crisp→Overlap (Boundary Similarity),YMR31,1,[1]
COBS,Crisp→Overlap (Boundary Similarity),YNG1,1,[1]
COBS,Crisp→Overlap (Boundary Similarity),YNG2,1,[1]
COBS,Crisp→Overlap (Boundary Similarity),YOS9,1,[1]
COBS,Crisp→Overlap (Boundary Similarity),RTC6,1,[1]
COBS,Crisp→Overlap (Boundary Similarity),YRA1,1,[1]
COBS,Crisp→Overlap (Boundary Similarity),YSF3,1,[1]
COBS,Crisp→Overlap (Boundary Similarity),YSH1,1,[1]
COBS,Crisp→Overlap (Boundary Similarity),YTA12,1,[1]
COBS,Crisp→Overlap (Boundary Similarity),YTH1,1,[1]
COBS,Crisp→Overlap (Boundary Similarity),ZIP1,1,[1]
COBS,Crisp→Overlap (Boundary Similarity),ZIP2,1,[1]
COBS,Crisp→Overlap (Boundary Similarity),ZUO1,1,[1]
