run_id,timestamp,status,algo_key,algo_name,runtime_sec,random_seed,n_nodes,n_edges,n_communities_raw,n_communities,max_community_size_post,n_uncovered_raw,n_uncovered_post,params_json,shen_modularity,modularity_overlap,modularity,internal_edge_density,conductance,normalized_cut,avg_transitivity,max_community_size,coverage_ratio,uncovered_node_ratio,overlap_node_ratio,avg_memberships_per_covered_node,overlap_intensity,error_type,error_message
20260519_140219,2026-05-19T14:03:01+07:00,ok,DEMON,DEMON,25.675156646990217,,1531,26721,78.0,78.0,634.0,69.0,69.0,"{""epsilon"": 0.25, ""min_com_size"": 3}",0.10260976790712201,0.20793880958524516,0.2969265284027509,0.405311794387148,0.2632395557722204,0.2787465484605542,0.8099678251469375,634.0,0.9549314173742652,0.045068582625734814,0.8406270411495754,5.376196990424076,5.971250971250972,,
20260519_140219,2026-05-19T14:03:16+07:00,ok,KCLIQUE,kClique,14.79479884999455,,1531,26721,39.0,39.0,1270.0,46.0,46.0,"{""k"": 3}",0.04658390015306946,0.5522016068003237,0.04211617889509405,0.8633594300684158,0.31144722155461807,0.31458274132228886,0.9414567742459542,1270.0,0.9699542782495101,0.030045721750489876,0.023514043109079032,1.0276094276094276,2.138888888888889,,
20260519_140219,2026-05-19T14:03:24+07:00,ok,SLPA,SLPA,8.303408046980621,,1531,26721,82.0,82.0,342.0,5.0,5.0,"{""t"": 50, ""r"": 0.4}",0.5272274754464603,0.42602176520259305,0.5274093797697077,0.7756454590349988,0.25461117044399917,0.2558334466603667,0.7846190501809642,342.0,0.9967341606792945,0.0032658393207054214,0.0045721750489875895,1.0045871559633028,2.0,,
20260519_140219,2026-05-19T14:05:36+07:00,ok,EGONET,EgoNetworks,132.30615445401054,,1531,26721,1531.0,1311.0,231.0,0.0,0.0,"{""level"": 1}",0.019458778875051104,0.03833486335841098,0.33331552519086083,0.7355815552816909,0.4745307221994128,0.4970592962717722,0.8535307882527011,231.0,1.0,0.0,1.0,33.19268451992162,33.19268451992162,,
20260519_140219,2026-05-19T14:05:56+07:00,ok,NODEP,NodePerception,19.326453228015453,,1531,26721,235.0,235.0,214.0,12.0,12.0,"{""threshold"": 0.25, ""overlap_threshold"": 0.25}",0.28991546086656583,0.023792288190451066,0.4133430348178071,0.8801631532257167,0.7227228729052042,0.7280184839695436,0.3991746365439888,214.0,0.992161985630307,0.007838014369693011,0.45917700849118226,1.870309414088216,2.880512091038407,,
20260519_140219,2026-05-19T14:06:10+07:00,ok,ANGEL,ANGEL,14.525442153011682,,1531,26721,18.0,18.0,1351.0,70.0,70.0,"{""threshold"": 0.25, ""min_community_size"": 3}",0.02418772456800522,0.6832661604145891,0.022619116460680846,0.8235962805480059,0.12464983416326215,0.13157781926111836,0.9313321536356918,1351.0,0.9542782495101241,0.045721750489875895,0.005878510777269758,1.0068446269678302,2.111111111111111,,
20260519_140219,2026-05-19T14:36:12+07:00,timeout,CONGA,CONGA,1801.9312812050048,,1531,26721,,,,,,"{""number_communities"": 3}",,,,,,,,,,,,,,TimeoutError,Melebihi batas waktu 1800 detik
20260519_140219,2026-05-19T15:06:14+07:00,timeout,CONGO,CONGO,1801.9673621779948,,1531,26721,,,,,,"{""number_communities"": 3, ""height"": 2}",,,,,,,,,,,,,,TimeoutError,Melebihi batas waktu 1800 detik
20260519_140219,2026-05-19T15:14:23+07:00,ok,LAIS2,LAIS2,488.36791810402065,,1531,26721,104.0,104.0,144.0,413.0,413.0,{},0.3449251543231113,0.38661915259581814,0.4414832307492432,0.772485713911881,0.3126738181458867,0.3173100418646116,0.9020830385698054,144.0,0.7302416721097322,0.2697583278902678,0.30045721750489873,2.018783542039356,3.476086956521739,,
20260519_140219,2026-05-19T15:15:18+07:00,ok,LPANNI,LPANNI,55.184545340016484,,1531,26721,109.0,109.0,284.0,0.0,0.0,"{""threshold"": 0.1}",0.5417566962096195,0.42122104824301415,0.5266603446122464,0.7968424811153781,0.3090127876787851,0.31096461649899393,0.7453049521199021,284.0,1.0,0.0,0.08491182233834095,1.0973220117570215,2.146153846153846,,
20260519_140219,2026-05-19T15:15:25+07:00,ok,CORE_EXP,CoreExpansion,7.11466491498868,,1531,26721,178.0,178.0,165.0,1.0,1.0,"{""tolerance"": 0.5}",0.4864143573709429,0.14617214576571858,0.4866793402352067,0.8661763517049228,0.48785925319571205,0.4897031216320402,0.7186220829898459,165.0,0.999346832135859,0.0006531678641410843,0.009144350097975179,1.0104575163398692,2.142857142857143,,
20260519_140219,2026-05-19T15:16:26+07:00,ok,DCS,DCS,61.20288138900651,,1531,26721,93.0,93.0,371.0,32.0,32.0,{},0.19070294780293207,0.20954677307013744,0.460077212081167,0.49629809895279375,0.41384889887919035,0.4223899543652418,0.7504280340273639,371.0,0.9790986283474853,0.020901371652514697,0.744611365120836,2.6337558372248164,3.148245614035088,,
20260519_140219,2026-05-19T15:16:31+07:00,ok,DPCLUS,DPClus,5.02915176100214,,1531,26721,204.0,204.0,144.0,57.0,57.0,"{""use_weights"": false, ""d_threshold"": 0.9, ""cp_threshold"": 0.5}",0.4484167103216139,0.20812453978389048,0.47994692667441674,0.9771151037906735,0.5310792804588743,0.5333742245204769,0.868276513430656,144.0,0.9627694317439582,0.037230568256041804,0.09340300457217506,1.1132971506105835,2.167832167832168,,
20260519_140219,2026-05-19T15:17:17+07:00,ok,IPCA,IPCA,46.0968011689838,,1531,26721,195.0,188.0,229.0,28.0,28.0,"{""use_weights"": false, ""t_in"": 0.5}",0.16448890920773743,0.2264333215917002,0.46381549304066205,0.682619291500002,0.5281601278675491,0.5412048096800749,0.8001746037284191,229.0,0.9817112998040496,0.018288700195950358,0.6107119529719138,3.0878243512974053,4.356149732620321,,
20260519_140219,2026-05-19T15:18:35+07:00,error,EBGC,EBGC,77.1528869390022,,1531,26721,,,,,,{},,,,,,,,,,,,,,RuntimeError,'RPL20A'
20260519_140219,2026-05-19T15:18:40+07:00,ok,GRAPH_ENT,GraphEntropy,5.261200003005797,,1531,26721,382.0,382.0,181.0,0.0,0.0,"{""use_weights"": false}",0.26452291925524246,0.030963139453502993,0.45903558118563137,0.5805803773824304,0.6888060100942245,0.6906190855059536,0.4871305962540716,181.0,1.0,0.0,0.534944480731548,1.9412148922273025,2.7594627594627594,,
20260519_140219,2026-05-19T15:18:55+07:00,ok,COACH,CoAch,15.416355452005519,,1531,26721,221.0,221.0,200.0,73.0,73.0,"{""density_threshold"": 0.7, ""affinity_threshold"": 0.225, ""closeness_threshold"": 0.5}",0.16780192907209218,0.2647987850933294,0.4303633929339732,0.8410685186860358,0.4681764917841583,0.4820319591117066,0.9100020839710464,200.0,0.9523187459177008,0.04768125408229915,0.5284128020901372,3.736625514403292,5.932014833127318,,
20260519_140219,2026-05-19T15:19:00+07:00,ok,UMSTMO,UMSTMO,4.629880052001681,,1531,26721,1181.0,1181.0,351.0,0.0,0.0,{},0.009783191922931686,-6.715117516820197e-06,0.012304104013710286,3.9176804629810553e-05,0.9997042783134393,1.0004457750495994,0.0005610475106097157,351.0,1.0,0.0,0.0,1.0,,,
20260519_140219,2026-05-19T15:19:03+07:00,ok,WALKSCAN,WalkSCAN,3.3951260650064796,,1531,26721,1.0,1.0,284.0,1247.0,1247.0,"{""nb_steps"": 2, ""eps"": 0.1, ""min_samples"": 3}",0.1903338889089083,0.2470130393020476,0.1900765277317612,0.3529836261384562,0.09090909090909091,0.1925608878204815,0.8279263812417859,284.0,0.18549967341606793,0.8145003265839321,0.0,1.0,,,
20260519_140219,2026-05-19T15:19:14+07:00,ok,WCOMMUNITY,WCommunity,10.227665537007852,,1531,26721,1036.0,1036.0,251.0,4.0,4.0,"{""min_bel_degree"": 0.7, ""threshold_bel_degree"": 0.7, ""weightName"": ""weight""}",0.20930477848881765,0.020111489566539256,0.3111785593507343,0.042116043261289586,0.972046538465954,0.9726301655552985,0.01847586750605742,251.0,0.9973873285434357,0.002612671456564337,0.0953625081645983,1.1886051080550097,2.9726027397260273,,
20260519_140219,2026-05-19T15:19:16+07:00,error,MULTICOM,MULTICOM,2.278483022004366,,1531,26721,,,,,,"{""seed_node"": 0}",,,,,,,,,,,,,,RuntimeError,"only integers, slices (`:`), ellipsis (`...`), numpy.newaxis (`None`) and integer or boolean arrays are valid indices"
20260519_140219,2026-05-19T15:19:18+07:00,ok,OSSE,OSSE (Seed Expansion),2.2639470729918685,,1531,26721,1.0,1.0,2.0,1529.0,1529.0,"{""seed_node"": 0, ""ninf"": false, ""expansion"": ""ppr"", ""stopping"": ""cond"", ""nworkers"": 1, ""nruns"": 13, ""alpha"": 0.99, ""delta"": 0.2}",3.6246943570998e-05,-0.9163841807909605,-0.0018080936664020678,1.0,0.972972972972973,0.9743184655727637,0.0,2.0,0.0013063357282821686,0.9986936642717178,0.0,1.0,,,
20260519_140219,2026-05-19T15:19:22+07:00,ok,CN_OCD,CN-OCD (paper),3.94808320098673,,1531,26721,77.0,77.0,1050.0,0.0,0.0,"{""theta_overlap"": 0.3, ""theta_sim"": 0.4}",0.10622176501926328,0.3578214150435246,0.10560971332722192,0.7725533889524332,0.37696534840230633,0.3789986252443447,0.8030230838614837,1050.0,1.0,0.0,0.023514043109079032,1.02416721097322,2.0277777777777777,,
20260519_140219,2026-05-19T15:19:28+07:00,ok,COBS,Crisp→Overlap (Boundary Similarity),5.397488335991511,,1531,26721,29.0,29.0,635.0,0.0,0.0,"{""sim_metric"": ""aa"", ""theta_sim"": 0.5, ""theta_overlap"": 0.1}",0.5820522542056283,0.548875184904157,0.5776964250375908,0.7322386573001671,0.15467451615183586,0.15940133931804795,0.8331196333835698,635.0,1.0,0.0,0.008491182233834096,1.008491182233834,2.0,,
20260519_140219,2026-05-19T15:20:37+07:00,ok,NOCD_GNN,NOCD (GNN),69.50239029302611,42.0,1531,26721,1.0,1.0,1531.0,0.0,0.0,"{""k"": 3, ""features"": ""degree"", ""rand_dim"": 16, ""hidden_dim"": 64, ""n_layers"": 2, ""dropout"": 0.5, ""lr"": 0.01, ""epochs"": 200, ""weight_decay"": 0.0, ""overlap_ratio"": 0.8, ""neg_ratio"": 1.0, ""device"": ""auto"", ""seed"": 42}",-1.6064927166326015e-13,0.022814769278057402,-1.532107773982716e-13,0.022814769278057402,0.0,0.0,0.7012858102307955,1531.0,1.0,0.0,0.0,1.0,,,
