stringId_A	stringId_B	preferredName_A	preferredName_B	ncbiTaxonId	score	nscore	fscore	pscore	ascore	escore	dscore	tscore
9606.ENSP00000013807	9606.ENSP00000310842	ERCC1	FANCI	9606	0.907	0.0	0.0	0.0	0.0	0.0	0.54	0.808
9606.ENSP00000013807	9606.ENSP00000493712	ERCC1	RAD51	9606	0.908	0.0	0.0	0.0	0.0	0.0	0.4	0.853
9606.ENSP00000013807	9606.ENSP00000348089	ERCC1	ERCC6	9606	0.926	0.0	0.0	0.0	0.0	0.0	0.0	0.926
9606.ENSP00000013807	9606.ENSP00000418960	ERCC1	BRCA1	9606	0.93	0.0	0.0	0.0	0.055	0.439	0.54	0.747
9606.ENSP00000013807	9606.ENSP00000267430	ERCC1	FANCM	9606	0.933	0.0	0.0	0.0	0.109	0.569	0.5	0.692
9606.ENSP00000013807	9606.ENSP00000287647	ERCC1	FANCD2	9606	0.951	0.0	0.0	0.0	0.0	0.0	0.54	0.899
9606.ENSP00000013807	9606.ENSP00000472445	ERCC1	POLD1	9606	0.953	0.0	0.0	0.0	0.056	0.092	0.9	0.525
9606.ENSP00000013807	9606.ENSP00000234420	ERCC1	MSH6	9606	0.974	0.0	0.0	0.0	0.049	0.181	0.9	0.708
9606.ENSP00000013807	9606.ENSP00000278616	ERCC1	ATM	9606	0.975	0.0	0.0	0.0	0.0	0.0	0.9	0.769
9606.ENSP00000013807	9606.ENSP00000233146	ERCC1	MSH2	9606	0.992	0.0	0.0	0.0	0.0	0.607	0.9	0.816
9606.ENSP00000013807	9606.ENSP00000285398	ERCC1	ERCC3	9606	0.994	0.0	0.0	0.0	0.074	0.0	0.54	0.988
9606.ENSP00000013807	9606.ENSP00000375809	ERCC1	ERCC2	9606	0.996	0.0	0.0	0.0	0.095	0.0	0.5	0.993
9606.ENSP00000013807	9606.ENSP00000294008	ERCC1	SLX4	9606	0.999	0.0	0.0	0.0	0.086	0.899	0.5	0.997
9606.ENSP00000025008	9606.ENSP00000380638	RB1CC1	PTK2B	9606	0.977	0.0	0.0	0.0	0.0	0.292	0.0	0.969
9606.ENSP00000025008	9606.ENSP00000269305	RB1CC1	TP53	9606	0.984	0.0	0.0	0.0	0.0	0.51	0.0	0.969
9606.ENSP00000025008	9606.ENSP00000349205	RB1CC1	PIK3R4	9606	0.986	0.0	0.0	0.0	0.056	0.0	0.9	0.872
9606.ENSP00000080059	9606.ENSP00000263253	HDAC7	EP300	9606	0.94	0.0	0.0	0.0	0.049	0.328	0.5	0.836
9606.ENSP00000080059	9606.ENSP00000250448	HDAC7	FOXA1	9606	0.976	0.0	0.0	0.0	0.0	0.51	0.0	0.954
9606.ENSP00000159111	9606.ENSP00000405330	KDM4B	ESR1	9606	0.922	0.0	0.0	0.0	0.049	0.522	0.5	0.698
9606.ENSP00000196061	9606.ENSP00000354960	PLOD1	COLGALT2	9606	0.929	0.0	0.0	0.0	0.059	0.0	0.9	0.311
9606.ENSP00000216115	9606.ENSP00000365230	BIK	BCL2L1	9606	0.999	0.0	0.0	0.0	0.0	0.873	0.54	0.987
9606.ENSP00000216181	9606.ENSP00000226207	MYH9	MYH1	9606	0.914	0.0	0.0	0.095	0.0	0.098	0.9	0.073
9606.ENSP00000216254	9606.ENSP00000355518	ACO2	FH	9606	0.949	0.115	0.0	0.0	0.365	0.18	0.0	0.902
9606.ENSP00000216254	9606.ENSP00000446252	ACO2	SOD2	9606	0.968	0.0	0.0	0.0	0.19	0.711	0.0	0.875
9606.ENSP00000216554	9606.ENSP00000375632	EIF5	RPS9	9606	0.943	0.0	0.0	0.0	0.187	0.839	0.5	0.241
9606.ENSP00000216554	9606.ENSP00000429931	EIF5	EIF3H	9606	0.97	0.0	0.0	0.0	0.108	0.197	0.9	0.633
9606.ENSP00000216554	9606.ENSP00000326381	EIF5	EIF4A2	9606	0.988	0.0	0.0	0.0	0.27	0.071	0.5	0.97
9606.ENSP00000216714	9606.ENSP00000263253	APEX1	EP300	9606	0.944	0.0	0.0	0.0	0.053	0.762	0.0	0.775
9606.ENSP00000216714	9606.ENSP00000269305	APEX1	TP53	9606	0.944	0.0	0.0	0.0	0.104	0.51	0.0	0.884
9606.ENSP00000216714	9606.ENSP00000355759	APEX1	PARP1	9606	0.967	0.0	0.0	0.0	0.266	0.115	0.5	0.912
9606.ENSP00000216714	9606.ENSP00000500891	APEX1	MUTYH	9606	0.975	0.0	0.0	0.0	0.061	0.647	0.5	0.87
9606.ENSP00000216714	9606.ENSP00000306561	APEX1	OGG1	9606	0.986	0.115	0.0	0.0	0.056	0.134	0.5	0.969
9606.ENSP00000216714	9606.ENSP00000219066	APEX1	NTHL1	9606	0.994	0.1	0.897	0.0	0.139	0.314	0.5	0.846
9606.ENSP00000216911	9606.ENSP00000478887	AURKA	MYC	9606	0.914	0.0	0.0	0.0	0.099	0.175	0.0	0.893
9606.ENSP00000216911	9606.ENSP00000418960	AURKA	BRCA1	9606	0.942	0.0	0.0	0.0	0.298	0.292	0.0	0.892
9606.ENSP00000216911	9606.ENSP00000346839	AURKA	FN1	9606	0.945	0.0	0.0	0.0	0.056	0.9	0.0	0.467
9606.ENSP00000216911	9606.ENSP00000378699	AURKA	CDK1	9606	0.951	0.0	0.0	0.125	0.777	0.525	0.0	0.537
9606.ENSP00000216911	9606.ENSP00000377492	AURKA	HMMR	9606	0.97	0.0	0.0	0.0	0.794	0.292	0.0	0.811
9606.ENSP00000216911	9606.ENSP00000256442	AURKA	CCNB1	9606	0.979	0.0	0.0	0.0	0.863	0.094	0.0	0.845
9606.ENSP00000216911	9606.ENSP00000269305	AURKA	TP53	9606	0.998	0.0	0.0	0.0	0.116	0.81	0.75	0.978
9606.ENSP00000219066	9606.ENSP00000500891	NTHL1	MUTYH	9606	0.901	0.202	0.0	0.0	0.181	0.0	0.0	0.861
9606.ENSP00000219066	9606.ENSP00000306561	NTHL1	OGG1	9606	0.987	0.061	0.0	0.0	0.06	0.143	0.0	0.985
9606.ENSP00000221452	9606.ENSP00000226574	RELB	NFKB1	9606	0.999	0.0	0.0	0.0	0.323	0.93	0.54	0.986
9606.ENSP00000221455	9606.ENSP00000479322	CLASRP	CLIP1	9606	0.973	0.0	0.0	0.0	0.0	0.0	0.0	0.973
9606.ENSP00000221930	9606.ENSP00000266646	TGFB1	INHBE	9606	0.905	0.0	0.0	0.0	0.0	0.0	0.9	0.096
9606.ENSP00000221930	9606.ENSP00000263341	TGFB1	IL1B	9606	0.932	0.0	0.0	0.0	0.14	0.0	0.0	0.924
9606.ENSP00000221930	9606.ENSP00000398698	TGFB1	TNF	9606	0.941	0.0	0.0	0.0	0.125	0.0	0.0	0.935
9606.ENSP00000221930	9606.ENSP00000385675	TGFB1	IL6	9606	0.96	0.0	0.0	0.0	0.106	0.0	0.4	0.932
9606.ENSP00000221930	9606.ENSP00000346839	TGFB1	FN1	9606	0.969	0.0	0.0	0.0	0.049	0.0	0.0	0.969
9606.ENSP00000221930	9606.ENSP00000327336	TGFB1	BGN	9606	0.978	0.0	0.0	0.0	0.122	0.292	0.5	0.94
9606.ENSP00000221930	9606.ENSP00000362299	TGFB1	ENG	9606	0.998	0.0	0.0	0.0	0.172	0.591	0.0	0.997
9606.ENSP00000222381	9606.ENSP00000468236	PON1	APOC4	9606	0.908	0.0	0.0	0.0	0.152	0.0	0.72	0.646
9606.ENSP00000222381	9606.ENSP00000317674	PON1	APOL1	9606	0.912	0.0	0.0	0.0	0.0	0.0	0.72	0.701
9606.ENSP00000222381	9606.ENSP00000252486	PON1	APOE	9606	0.977	0.0	0.0	0.0	0.103	0.0	0.72	0.918
9606.ENSP00000222381	9606.ENSP00000315130	PON1	CLU	9606	0.996	0.0	0.0	0.0	0.0	0.292	0.72	0.983
9606.ENSP00000226444	9606.ENSP00000363794	SULT1E1	HSD17B8	9606	0.921	0.0	0.0	0.0	0.0	0.0	0.9	0.244
9606.ENSP00000226444	9606.ENSP00000346768	SULT1E1	UGT1A9	9606	0.943	0.0	0.0	0.0	0.097	0.0	0.9	0.423
9606.ENSP00000226444	9606.ENSP00000378488	SULT1E1	CYP1A1	9606	0.948	0.0	0.0	0.0	0.086	0.0	0.9	0.479
9606.ENSP00000226444	9606.ENSP00000304845	SULT1E1	UGT1A1	9606	0.956	0.0	0.0	0.0	0.078	0.0	0.9	0.563
9606.ENSP00000226444	9606.ENSP00000379683	SULT1E1	CYP19A1	9606	0.959	0.0	0.0	0.0	0.05	0.0	0.9	0.608
9606.ENSP00000226574	9606.ENSP00000377936	NFKB1	PPP2R2B	9606	0.905	0.0	0.0	0.0	0.067	0.0	0.9	0.072
9606.ENSP00000226574	9606.ENSP00000481570	NFKB1	TNFAIP3	9606	0.908	0.0	0.0	0.0	0.285	0.297	0.0	0.832
9606.ENSP00000226574	9606.ENSP00000478887	NFKB1	MYC	9606	0.917	0.0	0.0	0.0	0.115	0.292	0.0	0.879
9606.ENSP00000226574	9606.ENSP00000354394	NFKB1	STAT1	9606	0.926	0.0	0.0	0.0	0.129	0.045	0.0	0.918
9606.ENSP00000226574	9606.ENSP00000369581	NFKB1	IFNB1	9606	0.928	0.0	0.0	0.0	0.045	0.0	0.65	0.802
9606.ENSP00000226574	9606.ENSP00000229135	NFKB1	IFNG	9606	0.932	0.0	0.0	0.0	0.09	0.0	0.0	0.929
9606.ENSP00000226574	9606.ENSP00000249071	NFKB1	RAC2	9606	0.938	0.0	0.0	0.0	0.145	0.102	0.9	0.295
9606.ENSP00000226574	9606.ENSP00000405330	NFKB1	ESR1	9606	0.957	0.0	0.0	0.0	0.0	0.51	0.0	0.916
9606.ENSP00000226574	9606.ENSP00000264657	NFKB1	STAT3	9606	0.962	0.0	0.0	0.0	0.126	0.598	0.0	0.902
9606.ENSP00000226574	9606.ENSP00000280357	NFKB1	IL18	9606	0.979	0.0	0.0	0.0	0.053	0.0	0.9	0.799
9606.ENSP00000226574	9606.ENSP00000269305	NFKB1	TP53	9606	0.989	0.0	0.0	0.0	0.098	0.045	0.0	0.989
9606.ENSP00000226574	9606.ENSP00000260010	NFKB1	TLR2	9606	0.992	0.0	0.0	0.0	0.167	0.093	0.9	0.91
9606.ENSP00000226574	9606.ENSP00000363089	NFKB1	TLR4	9606	0.993	0.0	0.0	0.0	0.116	0.093	0.9	0.932
9606.ENSP00000226574	9606.ENSP00000385675	NFKB1	IL6	9606	0.994	0.0	0.0	0.0	0.176	0.0	0.9	0.942
9606.ENSP00000226574	9606.ENSP00000263341	NFKB1	IL1B	9606	0.996	0.0	0.0	0.0	0.2	0.0	0.9	0.959
9606.ENSP00000226574	9606.ENSP00000263253	NFKB1	EP300	9606	0.998	0.0	0.0	0.0	0.058	0.833	0.5	0.981
9606.ENSP00000226574	9606.ENSP00000398698	NFKB1	TNF	9606	0.999	0.0	0.0	0.0	0.194	0.0	0.9	0.995
9606.ENSP00000226574	9606.ENSP00000430684	NFKB1	IKBKB	9606	0.999	0.0	0.0	0.0	0.125	0.885	0.9	0.979
9606.ENSP00000228872	9606.ENSP00000418915	CDKN1B	CDKN2A	9606	0.93	0.0	0.0	0.0	0.0	0.049	0.5	0.865
9606.ENSP00000228872	9606.ENSP00000262662	CDKN1B	CDKN2C	9606	0.956	0.0	0.0	0.0	0.047	0.049	0.5	0.915
9606.ENSP00000228872	9606.ENSP00000256442	CDKN1B	CCNB1	9606	0.972	0.0	0.0	0.0	0.0	0.826	0.0	0.849
9606.ENSP00000228872	9606.ENSP00000378699	CDKN1B	CDK1	9606	0.978	0.0	0.0	0.0	0.09	0.903	0.0	0.776
9606.ENSP00000228872	9606.ENSP00000269305	CDKN1B	TP53	9606	0.991	0.0	0.0	0.0	0.0	0.076	0.9	0.911
9606.ENSP00000228872	9606.ENSP00000451828	CDKN1B	AKT1	9606	0.996	0.0	0.0	0.0	0.121	0.797	0.9	0.842
9606.ENSP00000228872	9606.ENSP00000261254	CDKN1B	CCND2	9606	0.999	0.0	0.0	0.0	0.098	0.994	0.9	0.707
9606.ENSP00000229135	9606.ENSP00000264657	IFNG	STAT3	9606	0.907	0.0	0.0	0.0	0.058	0.0	0.0	0.905
9606.ENSP00000229135	9606.ENSP00000260010	IFNG	TLR2	9606	0.918	0.0	0.0	0.0	0.06	0.0	0.0	0.916
9606.ENSP00000229135	9606.ENSP00000292303	IFNG	CCR5	9606	0.92	0.0	0.0	0.0	0.186	0.0	0.0	0.906
9606.ENSP00000229135	9606.ENSP00000411355	IFNG	PTPRC	9606	0.924	0.0	0.0	0.0	0.126	0.0	0.0	0.917
9606.ENSP00000229135	9606.ENSP00000363089	IFNG	TLR4	9606	0.946	0.0	0.0	0.0	0.056	0.0	0.0	0.945
9606.ENSP00000229135	9606.ENSP00000280357	IFNG	IL18	9606	0.949	0.0	0.0	0.0	0.104	0.0	0.0	0.945
9606.ENSP00000229135	9606.ENSP00000369581	IFNG	IFNB1	9606	0.95	0.0	0.0	0.0	0.149	0.0	0.0	0.943
9606.ENSP00000229135	9606.ENSP00000497102	IFNG	CTLA4	9606	0.951	0.0	0.0	0.0	0.302	0.0	0.0	0.933
9606.ENSP00000229135	9606.ENSP00000369554	IFNG	IFNA2	9606	0.968	0.0	0.0	0.0	0.12	0.0	0.0	0.965
9606.ENSP00000229135	9606.ENSP00000351255	IFNG	STAT4	9606	0.981	0.0	0.0	0.0	0.186	0.0	0.75	0.917
9606.ENSP00000229135	9606.ENSP00000385675	IFNG	IL6	9606	0.983	0.0	0.0	0.0	0.128	0.0	0.0	0.981
9606.ENSP00000229135	9606.ENSP00000354394	IFNG	STAT1	9606	0.986	0.0	0.0	0.0	0.131	0.0	0.5	0.971
9606.ENSP00000229135	9606.ENSP00000398698	IFNG	TNF	9606	0.991	0.0	0.0	0.0	0.202	0.0	0.0	0.99
9606.ENSP00000229135	9606.ENSP00000263341	IFNG	IL1B	9606	0.998	0.0	0.0	0.0	0.273	0.0	0.0	0.997
9606.ENSP00000231790	9606.ENSP00000500891	MLH1	MUTYH	9606	0.92	0.069	0.0	0.0	0.083	0.0	0.0	0.914
9606.ENSP00000231790	9606.ENSP00000472445	MLH1	POLD1	9606	0.944	0.0	0.0	0.0	0.292	0.278	0.54	0.79
9606.ENSP00000231790	9606.ENSP00000369497	MLH1	BRCA2	9606	0.954	0.0	0.0	0.0	0.044	0.0	0.54	0.905
9606.ENSP00000231790	9606.ENSP00000269305	MLH1	TP53	9606	0.965	0.0	0.0	0.0	0.0	0.0	0.75	0.867
9606.ENSP00000231790	9606.ENSP00000287647	MLH1	FANCD2	9606	0.971	0.0	0.0	0.0	0.115	0.51	0.54	0.874
9606.ENSP00000231790	9606.ENSP00000418960	MLH1	BRCA1	9606	0.994	0.0	0.0	0.0	0.087	0.835	0.54	0.93
9606.ENSP00000231790	9606.ENSP00000278616	MLH1	ATM	9606	0.997	0.0	0.0	0.0	0.055	0.287	0.54	0.991
9606.ENSP00000231790	9606.ENSP00000259008	MLH1	BRIP1	9606	0.999	0.0	0.0	0.0	0.088	0.994	0.9	0.95
9606.ENSP00000231790	9606.ENSP00000347232	MLH1	BLM	9606	0.999	0.045	0.0	0.0	0.135	0.996	0.5	0.807
9606.ENSP00000231790	9606.ENSP00000233146	MLH1	MSH2	9606	0.999	0.061	0.0	0.286	0.384	0.923	0.54	0.999
9606.ENSP00000231790	9606.ENSP00000265849	MLH1	PMS2	9606	0.999	0.0	0.0	0.109	0.121	0.997	0.9	0.992
9606.ENSP00000231790	9606.ENSP00000234420	MLH1	MSH6	9606	0.999	0.061	0.0	0.247	0.36	0.864	0.54	0.999
9606.ENSP00000232888	9606.ENSP00000385787	RRP9	POP1	9606	0.914	0.0	0.0	0.0	0.179	0.0	0.9	0.0
9606.ENSP00000232888	9606.ENSP00000375632	RRP9	RPS9	9606	0.994	0.0	0.0	0.0	0.297	0.982	0.5	0.211
9606.ENSP00000232888	9606.ENSP00000261637	RRP9	UTP20	9606	0.998	0.0	0.0	0.0	0.325	0.991	0.54	0.592
9606.ENSP00000233078	9606.ENSP00000257552	DAZAP1	MSI1	9606	0.911	0.0	0.0	0.115	0.0	0.0	0.9	0.079
9606.ENSP00000233146	9606.ENSP00000347232	MSH2	BLM	9606	0.907	0.047	0.0	0.0	0.291	0.638	0.0	0.664
9606.ENSP00000233146	9606.ENSP00000372023	MSH2	CHEK2	9606	0.934	0.0	0.0	0.0	0.183	0.536	0.0	0.841
9606.ENSP00000233146	9606.ENSP00000376272	MSH2	RFC4	9606	0.935	0.049	0.0	0.0	0.539	0.054	0.0	0.863
9606.ENSP00000233146	9606.ENSP00000493712	MSH2	RAD51	9606	0.944	0.057	0.0	0.0	0.242	0.354	0.0	0.893
9606.ENSP00000233146	9606.ENSP00000500891	MSH2	MUTYH	9606	0.946	0.046	0.0	0.0	0.06	0.51	0.0	0.891
9606.ENSP00000233146	9606.ENSP00000322570	MSH2	POLE	9606	0.947	0.0	0.0	0.0	0.122	0.62	0.0	0.855
9606.ENSP00000233146	9606.ENSP00000287647	MSH2	FANCD2	9606	0.957	0.0	0.0	0.0	0.178	0.467	0.54	0.813
9606.ENSP00000233146	9606.ENSP00000369497	MSH2	BRCA2	9606	0.968	0.0	0.0	0.0	0.16	0.0	0.54	0.925
9606.ENSP00000233146	9606.ENSP00000294008	MSH2	SLX4	9606	0.972	0.0	0.0	0.0	0.055	0.735	0.0	0.9
9606.ENSP00000233146	9606.ENSP00000269305	MSH2	TP53	9606	0.974	0.0	0.0	0.0	0.061	0.599	0.5	0.882
9606.ENSP00000233146	9606.ENSP00000320485	MSH2	ARID1A	9606	0.974	0.0	0.0	0.0	0.181	0.0	0.0	0.97
9606.ENSP00000233146	9606.ENSP00000472445	MSH2	POLD1	9606	0.994	0.0	0.0	0.0	0.293	0.637	0.9	0.811
9606.ENSP00000233146	9606.ENSP00000418960	MSH2	BRCA1	9606	0.994	0.0	0.0	0.0	0.227	0.725	0.54	0.946
9606.ENSP00000233146	9606.ENSP00000265849	MSH2	PMS2	9606	0.999	0.061	0.0	0.332	0.355	0.895	0.54	0.999
9606.ENSP00000233146	9606.ENSP00000234420	MSH2	MSH6	9606	0.999	0.0	0.0	0.14	0.682	0.997	0.9	0.991
9606.ENSP00000233146	9606.ENSP00000278616	MSH2	ATM	9606	0.999	0.0	0.0	0.0	0.066	0.324	0.9	0.994
9606.ENSP00000234420	9606.ENSP00000265433	MSH6	NBN	9606	0.907	0.0	0.0	0.0	0.082	0.326	0.0	0.862
9606.ENSP00000234420	9606.ENSP00000260947	MSH6	BARD1	9606	0.925	0.0	0.0	0.0	0.148	0.526	0.0	0.829
9606.ENSP00000234420	9606.ENSP00000267430	MSH6	FANCM	9606	0.927	0.0	0.0	0.0	0.13	0.754	0.0	0.69
9606.ENSP00000234420	9606.ENSP00000376272	MSH6	RFC4	9606	0.928	0.049	0.0	0.0	0.334	0.054	0.0	0.894
9606.ENSP00000234420	9606.ENSP00000322570	MSH6	POLE	9606	0.957	0.0	0.0	0.0	0.284	0.574	0.0	0.871
9606.ENSP00000234420	9606.ENSP00000369497	MSH6	BRCA2	9606	0.967	0.0	0.0	0.0	0.142	0.0	0.54	0.924
9606.ENSP00000234420	9606.ENSP00000347232	MSH6	BLM	9606	0.972	0.047	0.0	0.0	0.228	0.716	0.0	0.883
9606.ENSP00000234420	9606.ENSP00000500891	MSH6	MUTYH	9606	0.982	0.046	0.0	0.0	0.049	0.292	0.0	0.976
9606.ENSP00000234420	9606.ENSP00000472445	MSH6	POLD1	9606	0.995	0.0	0.0	0.0	0.445	0.528	0.9	0.839
9606.ENSP00000234420	9606.ENSP00000418960	MSH6	BRCA1	9606	0.996	0.0	0.0	0.0	0.236	0.611	0.54	0.977
9606.ENSP00000234420	9606.ENSP00000265849	MSH6	PMS2	9606	0.999	0.061	0.0	0.0	0.349	0.835	0.54	0.999
9606.ENSP00000234420	9606.ENSP00000278616	MSH6	ATM	9606	0.999	0.0	0.0	0.0	0.073	0.324	0.9	0.993
9606.ENSP00000236671	9606.ENSP00000355627	CTSD	AGT	9606	0.909	0.0	0.0	0.0	0.052	0.0	0.75	0.648
9606.ENSP00000236671	9606.ENSP00000365230	CTSD	BCL2L1	9606	0.934	0.0	0.0	0.0	0.074	0.0	0.9	0.344
9606.ENSP00000238721	9606.ENSP00000269305	TP53I3	TP53	9606	0.903	0.0	0.0	0.0	0.049	0.51	0.5	0.635
9606.ENSP00000242261	9606.ENSP00000352738	TWIST1	G3BP2	9606	0.96	0.0	0.0	0.0	0.0	0.292	0.0	0.946
9606.ENSP00000242261	9606.ENSP00000269305	TWIST1	TP53	9606	0.967	0.0	0.0	0.0	0.068	0.628	0.0	0.914
9606.ENSP00000244289	9606.ENSP00000360290	LIPE	PRKAA2	9606	0.926	0.0	0.0	0.0	0.0	0.045	0.9	0.296
9606.ENSP00000244289	9606.ENSP00000346148	LIPE	PRKAA1	9606	0.927	0.0	0.0	0.0	0.0	0.045	0.9	0.3
9606.ENSP00000244289	9606.ENSP00000256104	LIPE	FABP4	9606	0.999	0.0	0.0	0.0	0.109	0.575	0.7	0.994
9606.ENSP00000244709	9606.ENSP00000402855	TREM1	TREML1	9606	0.972	0.0	0.0	0.219	0.151	0.0	0.4	0.939
9606.ENSP00000244869	9606.ENSP00000379097	EREG	AREG	9606	0.998	0.0	0.0	0.0	0.507	0.0	0.4	0.995
9606.ENSP00000248244	9606.ENSP00000260010	TICAM1	TLR2	9606	0.975	0.0	0.0	0.0	0.104	0.084	0.9	0.739
9606.ENSP00000248244	9606.ENSP00000351273	TICAM1	CASP8	9606	0.977	0.0	0.0	0.0	0.083	0.51	0.9	0.56
9606.ENSP00000248244	9606.ENSP00000363089	TICAM1	TLR4	9606	0.999	0.0	0.0	0.0	0.105	0.73	0.9	0.99
9606.ENSP00000249071	9606.ENSP00000382423	RAC2	MAP3K1	9606	0.929	0.0	0.0	0.0	0.088	0.128	0.9	0.222
9606.ENSP00000249071	9606.ENSP00000380638	RAC2	PTK2B	9606	0.936	0.0	0.0	0.0	0.166	0.0	0.9	0.304
9606.ENSP00000249071	9606.ENSP00000263088	RAC2	PLD2	9606	0.939	0.0	0.0	0.0	0.0	0.512	0.5	0.77
9606.ENSP00000249071	9606.ENSP00000316845	RAC2	ARHGEF4	9606	0.941	0.0	0.0	0.0	0.0	0.302	0.9	0.232
9606.ENSP00000249071	9606.ENSP00000263967	RAC2	PIK3CA	9606	0.947	0.0	0.0	0.0	0.1	0.273	0.9	0.286
9606.ENSP00000249071	9606.ENSP00000351338	RAC2	PLXNB1	9606	0.966	0.0	0.0	0.0	0.055	0.114	0.9	0.649
9606.ENSP00000249071	9606.ENSP00000278568	RAC2	PAK1	9606	0.967	0.0	0.0	0.0	0.063	0.484	0.9	0.413
9606.ENSP00000250003	9606.ENSP00000343896	MYOD1	SMARCA4	9606	0.957	0.0	0.0	0.0	0.056	0.632	0.0	0.888
9606.ENSP00000250003	9606.ENSP00000263253	MYOD1	EP300	9606	0.991	0.0	0.0	0.0	0.0	0.837	0.0	0.947
9606.ENSP00000250448	9606.ENSP00000263253	FOXA1	EP300	9606	0.933	0.0	0.0	0.0	0.044	0.0	0.8	0.681
9606.ENSP00000250448	9606.ENSP00000363822	FOXA1	AR	9606	0.996	0.0	0.0	0.0	0.083	0.761	0.0	0.987
9606.ENSP00000250448	9606.ENSP00000368632	FOXA1	GATA3	9606	0.997	0.0	0.0	0.0	0.12	0.484	0.9	0.95
9606.ENSP00000250448	9606.ENSP00000405330	FOXA1	ESR1	9606	0.998	0.0	0.0	0.0	0.108	0.626	0.5	0.99
9606.ENSP00000251968	9606.ENSP00000264933	TSG101	PDCD6	9606	0.991	0.0	0.0	0.0	0.104	0.524	0.0	0.98
9606.ENSP00000252102	9606.ENSP00000261584	NDUFA2	PALB2	9606	0.938	0.0	0.0	0.0	0.296	0.842	0.467	0.087
9606.ENSP00000252102	9606.ENSP00000362873	NDUFA2	NDUFA8	9606	0.999	0.0	0.0	0.0	0.945	0.998	0.967	0.805
9606.ENSP00000252102	9606.ENSP00000418438	NDUFA2	NDUFA3	9606	0.999	0.0	0.0	0.0	0.823	0.912	0.967	0.937
9606.ENSP00000252486	9606.ENSP00000255040	APOE	APCS	9606	0.933	0.0	0.0	0.0	0.043	0.0	0.5	0.872
9606.ENSP00000252486	9606.ENSP00000468236	APOE	APOC4	9606	0.957	0.0	0.0	0.0	0.12	0.0	0.72	0.841
9606.ENSP00000252486	9606.ENSP00000355747	APOE	PSEN2	9606	0.961	0.0	0.0	0.0	0.044	0.0	0.0	0.961
9606.ENSP00000252486	9606.ENSP00000317674	APOE	APOL1	9606	0.965	0.0	0.0	0.0	0.042	0.0	0.72	0.881
9606.ENSP00000252486	9606.ENSP00000260197	APOE	SORL1	9606	0.997	0.0	0.0	0.0	0.042	0.6	0.0	0.995
9606.ENSP00000252486	9606.ENSP00000315130	APOE	CLU	9606	0.999	0.0	0.0	0.0	0.241	0.0	0.72	0.997
9606.ENSP00000253801	9606.ENSP00000292432	G6PC	HK3	9606	0.949	0.0	0.0	0.0	0.068	0.0	0.9	0.506
9606.ENSP00000254657	9606.ENSP00000450607	PER2	TIMELESS	9606	0.949	0.0	0.0	0.0	0.113	0.591	0.0	0.871
9606.ENSP00000254657	9606.ENSP00000381531	PER2	CSNK1D	9606	0.996	0.0	0.0	0.0	0.047	0.826	0.9	0.835
9606.ENSP00000254657	9606.ENSP00000314420	PER2	PER1	9606	0.997	0.0	0.0	0.069	0.174	0.968	0.9	0.12
9606.ENSP00000254940	9606.ENSP00000263239	NIP7	DDX18	9606	0.993	0.0	0.0	0.0	0.848	0.951	0.0	0.24
9606.ENSP00000256078	9606.ENSP00000451828	KRAS	AKT1	9606	0.904	0.0	0.0	0.0	0.076	0.11	0.0	0.893
9606.ENSP00000256078	9606.ENSP00000496779	KRAS	LZTR1	9606	0.921	0.0	0.0	0.0	0.0	0.782	0.0	0.652
9606.ENSP00000256078	9606.ENSP00000376345	KRAS	GRB2	9606	0.931	0.0	0.0	0.0	0.093	0.45	0.5	0.758
9606.ENSP00000256078	9606.ENSP00000361021	KRAS	PTEN	9606	0.936	0.0	0.0	0.0	0.078	0.099	0.0	0.93
9606.ENSP00000256078	9606.ENSP00000265080	KRAS	RASGRF2	9606	0.946	0.0	0.0	0.0	0.0	0.377	0.9	0.21
9606.ENSP00000256078	9606.ENSP00000269305	KRAS	TP53	9606	0.949	0.0	0.0	0.0	0.074	0.0	0.0	0.947
9606.ENSP00000256078	9606.ENSP00000368884	KRAS	RPS6KA3	9606	0.95	0.0	0.0	0.0	0.099	0.157	0.9	0.42
9606.ENSP00000256078	9606.ENSP00000382423	KRAS	MAP3K1	9606	0.953	0.0	0.0	0.0	0.076	0.183	0.9	0.461
9606.ENSP00000256078	9606.ENSP00000410294	KRAS	FGFR2	9606	0.973	0.0	0.0	0.0	0.0	0.099	0.9	0.725
9606.ENSP00000256078	9606.ENSP00000365230	KRAS	BCL2L1	9606	0.982	0.0	0.0	0.0	0.047	0.165	0.9	0.807
9606.ENSP00000256078	9606.ENSP00000349547	KRAS	RASSF1	9606	0.987	0.0	0.0	0.0	0.0	0.07	0.9	0.88
9606.ENSP00000256078	9606.ENSP00000418915	KRAS	CDKN2A	9606	0.992	0.0	0.0	0.0	0.055	0.102	0.9	0.917
9606.ENSP00000256078	9606.ENSP00000351015	KRAS	NF1	9606	0.996	0.0	0.0	0.0	0.064	0.543	0.9	0.925
9606.ENSP00000256078	9606.ENSP00000303192	KRAS	RGL1	9606	0.997	0.0	0.0	0.0	0.055	0.967	0.9	0.211
9606.ENSP00000256078	9606.ENSP00000263967	KRAS	PIK3CA	9606	0.998	0.0	0.0	0.0	0.143	0.627	0.9	0.951
9606.ENSP00000256104	9606.ENSP00000389814	FABP4	ADIPOQ	9606	0.942	0.0	0.0	0.0	0.333	0.0	0.5	0.841
9606.ENSP00000256442	9606.ENSP00000376457	CCNB1	ECT2	9606	0.911	0.0	0.0	0.0	0.62	0.071	0.0	0.768
9606.ENSP00000256442	9606.ENSP00000269305	CCNB1	TP53	9606	0.914	0.0	0.0	0.0	0.095	0.053	0.0	0.908
9606.ENSP00000256442	9606.ENSP00000418960	CCNB1	BRCA1	9606	0.916	0.0	0.0	0.0	0.315	0.51	0.0	0.77
9606.ENSP00000256442	9606.ENSP00000261819	CCNB1	ANAPC5	9606	0.936	0.0	0.0	0.0	0.095	0.062	0.9	0.339
9606.ENSP00000256442	9606.ENSP00000377492	CCNB1	HMMR	9606	0.942	0.0	0.0	0.0	0.799	0.091	0.0	0.709
9606.ENSP00000256442	9606.ENSP00000378699	CCNB1	CDK1	9606	0.999	0.0	0.0	0.0	0.895	0.999	0.9	0.999
9606.ENSP00000256442	9606.ENSP00000434614	CCNB1	CDC27	9606	0.999	0.0	0.0	0.0	0.099	0.994	0.9	0.75
9606.ENSP00000257430	9606.ENSP00000442954	APC	APC2	9606	0.911	0.0	0.0	0.085	0.062	0.0	0.9	0.089
9606.ENSP00000257430	9606.ENSP00000261769	APC	CDH1	9606	0.92	0.0	0.0	0.0	0.0	0.0	0.72	0.726
9606.ENSP00000257430	9606.ENSP00000394794	APC	PTPN13	9606	0.929	0.0	0.0	0.0	0.059	0.783	0.0	0.682
9606.ENSP00000257430	9606.ENSP00000316054	APC	DVL3	9606	0.931	0.0	0.0	0.0	0.0	0.051	0.9	0.337
9606.ENSP00000257430	9606.ENSP00000302625	APC	AXIN2	9606	0.999	0.0	0.0	0.0	0.054	0.567	0.9	0.993
9606.ENSP00000257430	9606.ENSP00000316845	APC	ARHGEF4	9606	0.999	0.0	0.0	0.0	0.08	0.972	0.9	0.868
9606.ENSP00000258962	9606.ENSP00000354522	SRSF1	TOP1	9606	0.912	0.0	0.0	0.0	0.11	0.787	0.0	0.572
9606.ENSP00000259008	9606.ENSP00000312995	BRIP1	CLSPN	9606	0.904	0.0	0.0	0.0	0.271	0.0	0.8	0.394
9606.ENSP00000259008	9606.ENSP00000373952	BRIP1	FANCA	9606	0.907	0.0	0.0	0.0	0.19	0.0	0.0	0.89
9606.ENSP00000259008	9606.ENSP00000294008	BRIP1	SLX4	9606	0.907	0.069	0.0	0.0	0.109	0.0	0.5	0.803
9606.ENSP00000259008	9606.ENSP00000289081	BRIP1	FANCC	9606	0.913	0.0	0.0	0.0	0.109	0.0	0.0	0.906
9606.ENSP00000259008	9606.ENSP00000298139	BRIP1	WRN	9606	0.915	0.047	0.0	0.0	0.108	0.0	0.5	0.825
9606.ENSP00000259008	9606.ENSP00000498215	BRIP1	FANCB	9606	0.921	0.0	0.0	0.0	0.09	0.0	0.0	0.917
9606.ENSP00000259008	9606.ENSP00000278616	BRIP1	ATM	9606	0.933	0.0	0.0	0.0	0.042	0.0	0.8	0.678
9606.ENSP00000259008	9606.ENSP00000336701	BRIP1	RAD51C	9606	0.941	0.057	0.0	0.0	0.155	0.0	0.5	0.869
9606.ENSP00000259008	9606.ENSP00000347232	BRIP1	BLM	9606	0.95	0.047	0.0	0.0	0.234	0.51	0.5	0.763
9606.ENSP00000259008	9606.ENSP00000493712	BRIP1	RAD51	9606	0.951	0.057	0.0	0.0	0.276	0.0	0.5	0.875
9606.ENSP00000259008	9606.ENSP00000267430	BRIP1	FANCM	9606	0.969	0.0	0.0	0.0	0.154	0.091	0.0	0.964
9606.ENSP00000259008	9606.ENSP00000265849	BRIP1	PMS2	9606	0.993	0.0	0.0	0.0	0.11	0.821	0.9	0.615
9606.ENSP00000259008	9606.ENSP00000310842	BRIP1	FANCI	9606	0.994	0.0	0.0	0.0	0.256	0.0	0.0	0.993
9606.ENSP00000259008	9606.ENSP00000287647	BRIP1	FANCD2	9606	0.997	0.0	0.0	0.0	0.209	0.515	0.0	0.993
9606.ENSP00000259008	9606.ENSP00000369497	BRIP1	BRCA2	9606	0.998	0.0	0.0	0.0	0.435	0.292	0.9	0.975
9606.ENSP00000259008	9606.ENSP00000261584	BRIP1	PALB2	9606	0.998	0.0	0.0	0.0	0.149	0.292	0.9	0.98
9606.ENSP00000259008	9606.ENSP00000325863	BRIP1	MRE11	9606	0.998	0.0	0.0	0.0	0.117	0.994	0.5	0.497
9606.ENSP00000259008	9606.ENSP00000265433	BRIP1	NBN	9606	0.998	0.0	0.0	0.0	0.063	0.994	0.5	0.548
9606.ENSP00000259008	9606.ENSP00000418960	BRIP1	BRCA1	9606	0.999	0.0	0.0	0.0	0.38	0.999	0.9	0.997
9606.ENSP00000259008	9606.ENSP00000260947	BRIP1	BARD1	9606	0.999	0.0	0.0	0.0	0.112	0.994	0.54	0.753
9606.ENSP00000260010	9606.ENSP00000369581	TLR2	IFNB1	9606	0.91	0.0	0.0	0.0	0.083	0.0	0.0	0.906
9606.ENSP00000260010	9606.ENSP00000346839	TLR2	FN1	9606	0.917	0.0	0.0	0.0	0.043	0.0	0.0	0.917
9606.ENSP00000260010	9606.ENSP00000385675	TLR2	IL6	9606	0.942	0.0	0.0	0.0	0.099	0.0	0.0	0.938
9606.ENSP00000260010	9606.ENSP00000398698	TLR2	TNF	9606	0.951	0.0	0.0	0.0	0.184	0.0	0.0	0.943
9606.ENSP00000260010	9606.ENSP00000263341	TLR2	IL1B	9606	0.969	0.0	0.0	0.0	0.259	0.0	0.0	0.96
9606.ENSP00000260010	9606.ENSP00000300589	TLR2	NOD2	9606	0.983	0.0	0.0	0.0	0.34	0.0	0.0	0.975
9606.ENSP00000260010	9606.ENSP00000327336	TLR2	BGN	9606	0.989	0.0	0.0	0.0	0.0	0.287	0.0	0.986
9606.ENSP00000260010	9606.ENSP00000363089	TLR2	TLR4	9606	0.999	0.0	0.0	0.0	0.369	0.0	0.9	0.989
9606.ENSP00000260197	9606.ENSP00000371175	SORL1	GGA1	9606	0.986	0.0	0.0	0.0	0.043	0.956	0.0	0.698
9606.ENSP00000260947	9606.ENSP00000451974	BARD1	XRCC3	9606	0.905	0.0	0.0	0.0	0.049	0.045	0.5	0.816
9606.ENSP00000260947	9606.ENSP00000479106	BARD1	H4C1	9606	0.907	0.0	0.0	0.0	0.0	0.905	0.0	0.064
9606.ENSP00000260947	9606.ENSP00000434614	BARD1	CDC27	9606	0.914	0.0	0.0	0.0	0.059	0.106	0.9	0.106
9606.ENSP00000260947	9606.ENSP00000261819	BARD1	ANAPC5	9606	0.915	0.0	0.0	0.0	0.054	0.055	0.9	0.164
9606.ENSP00000260947	9606.ENSP00000372023	BARD1	CHEK2	9606	0.937	0.0	0.0	0.0	0.128	0.072	0.5	0.863
9606.ENSP00000260947	9606.ENSP00000466399	BARD1	RAD51D	9606	0.94	0.0	0.0	0.0	0.043	0.045	0.5	0.884
9606.ENSP00000260947	9606.ENSP00000278616	BARD1	ATM	9606	0.946	0.0	0.0	0.0	0.044	0.07	0.5	0.892
9606.ENSP00000260947	9606.ENSP00000284719	BARD1	OLA1	9606	0.958	0.0	0.0	0.0	0.081	0.523	0.0	0.913
9606.ENSP00000260947	9606.ENSP00000336701	BARD1	RAD51C	9606	0.967	0.0	0.0	0.0	0.126	0.045	0.5	0.93
9606.ENSP00000260947	9606.ENSP00000269305	BARD1	TP53	9606	0.982	0.0	0.0	0.0	0.0	0.745	0.5	0.875
9606.ENSP00000260947	9606.ENSP00000261584	BARD1	PALB2	9606	0.987	0.0	0.0	0.0	0.085	0.291	0.5	0.966
9606.ENSP00000260947	9606.ENSP00000368100	BARD1	RAD50	9606	0.997	0.0	0.0	0.0	0.05	0.994	0.54	0.323
9606.ENSP00000260947	9606.ENSP00000265433	BARD1	NBN	9606	0.998	0.0	0.0	0.0	0.058	0.994	0.54	0.599
9606.ENSP00000260947	9606.ENSP00000493712	BARD1	RAD51	9606	0.999	0.0	0.0	0.0	0.198	0.758	0.72	0.993
9606.ENSP00000260947	9606.ENSP00000369497	BARD1	BRCA2	9606	0.999	0.0	0.0	0.0	0.188	0.793	0.72	0.995
9606.ENSP00000260947	9606.ENSP00000325863	BARD1	MRE11	9606	0.999	0.0	0.0	0.0	0.127	0.994	0.54	0.753
9606.ENSP00000260947	9606.ENSP00000369857	BARD1	ABRAXAS1	9606	0.999	0.0	0.0	0.0	0.042	0.994	0.9	0.993
9606.ENSP00000260947	9606.ENSP00000418960	BARD1	BRCA1	9606	0.999	0.0	0.0	0.0	0.201	0.999	0.9	0.993
9606.ENSP00000261254	9606.ENSP00000276925	CCND2	CDKN2B	9606	0.962	0.0	0.0	0.0	0.0	0.177	0.9	0.584
9606.ENSP00000261254	9606.ENSP00000262662	CCND2	CDKN2C	9606	0.963	0.0	0.0	0.0	0.0	0.175	0.9	0.588
9606.ENSP00000261254	9606.ENSP00000418915	CCND2	CDKN2A	9606	0.99	0.0	0.0	0.0	0.0	0.609	0.9	0.78
9606.ENSP00000261396	9606.ENSP00000316032	NUP133	NUP98	9606	0.999	0.0	0.0	0.0	0.317	0.995	0.9	0.998
9606.ENSP00000261396	9606.ENSP00000352400	NUP133	NUP214	9606	0.999	0.0	0.0	0.0	0.125	0.987	0.5	0.918
9606.ENSP00000261405	9606.ENSP00000364709	VWF	F10	9606	0.978	0.0	0.0	0.0	0.042	0.0	0.9	0.791
9606.ENSP00000261405	9606.ENSP00000346839	VWF	FN1	9606	0.998	0.0	0.0	0.0	0.042	0.0	0.4	0.998
9606.ENSP00000261584	9606.ENSP00000373952	PALB2	FANCA	9606	0.9	0.0	0.0	0.0	0.182	0.0	0.0	0.883
9606.ENSP00000261584	9606.ENSP00000289081	PALB2	FANCC	9606	0.908	0.0	0.0	0.0	0.212	0.0	0.0	0.888
9606.ENSP00000261584	9606.ENSP00000451974	PALB2	XRCC3	9606	0.91	0.061	0.0	0.0	0.085	0.294	0.5	0.749
9606.ENSP00000261584	9606.ENSP00000372023	PALB2	CHEK2	9606	0.921	0.0	0.0	0.0	0.068	0.0	0.0	0.919
9606.ENSP00000261584	9606.ENSP00000418438	PALB2	NDUFA3	9606	0.923	0.0	0.0	0.0	0.1	0.842	0.467	0.112
9606.ENSP00000261584	9606.ENSP00000267430	PALB2	FANCM	9606	0.94	0.0	0.0	0.0	0.138	0.0	0.0	0.933
9606.ENSP00000261584	9606.ENSP00000362873	PALB2	NDUFA8	9606	0.945	0.0	0.0	0.0	0.404	0.842	0.467	0.0
9606.ENSP00000261584	9606.ENSP00000278616	PALB2	ATM	9606	0.945	0.0	0.0	0.0	0.0	0.0	0.54	0.886
9606.ENSP00000261584	9606.ENSP00000265849	PALB2	PMS2	9606	0.947	0.0	0.0	0.0	0.531	0.0	0.54	0.776
9606.ENSP00000261584	9606.ENSP00000466399	PALB2	RAD51D	9606	0.949	0.061	0.0	0.0	0.069	0.045	0.5	0.897
9606.ENSP00000261584	9606.ENSP00000280701	PALB2	OXSM	9606	0.955	0.12	0.0	0.0	0.418	0.841	0.287	0.349
9606.ENSP00000261584	9606.ENSP00000310842	PALB2	FANCI	9606	0.988	0.0	0.0	0.0	0.153	0.0	0.54	0.972
9606.ENSP00000261584	9606.ENSP00000287647	PALB2	FANCD2	9606	0.991	0.0	0.0	0.0	0.128	0.0	0.54	0.981
9606.ENSP00000261584	9606.ENSP00000377245	PALB2	KEAP1	9606	0.996	0.0	0.0	0.0	0.074	0.847	0.4	0.961
9606.ENSP00000261584	9606.ENSP00000493712	PALB2	RAD51	9606	0.999	0.061	0.0	0.0	0.145	0.911	0.5	0.997
9606.ENSP00000261584	9606.ENSP00000418960	PALB2	BRCA1	9606	0.999	0.0	0.0	0.0	0.097	0.944	0.9	0.999
9606.ENSP00000261584	9606.ENSP00000336701	PALB2	RAD51C	9606	0.999	0.061	0.0	0.0	0.088	0.294	0.9	0.995
9606.ENSP00000261584	9606.ENSP00000369497	PALB2	BRCA2	9606	0.999	0.0	0.0	0.0	0.166	0.997	0.9	0.999
9606.ENSP00000261637	9606.ENSP00000375632	UTP20	RPS9	9606	0.995	0.0	0.0	0.0	0.111	0.975	0.8	0.113
9606.ENSP00000261769	9606.ENSP00000270349	CDH1	SLC6A3	9606	0.901	0.0	0.0	0.0	0.055	0.0	0.9	0.0
9606.ENSP00000261769	9606.ENSP00000451828	CDH1	AKT1	9606	0.903	0.0	0.0	0.0	0.0	0.165	0.0	0.889
9606.ENSP00000261769	9606.ENSP00000361021	CDH1	PTEN	9606	0.93	0.0	0.0	0.0	0.053	0.0	0.0	0.929
9606.ENSP00000261819	9606.ENSP00000418960	ANAPC5	BRCA1	9606	0.911	0.0	0.0	0.0	0.062	0.0	0.9	0.13
9606.ENSP00000261819	9606.ENSP00000434614	ANAPC5	CDC27	9606	0.999	0.0	0.0	0.0	0.174	0.998	0.9	0.997
9606.ENSP00000262510	9606.ENSP00000430684	NLRC5	IKBKB	9606	0.989	0.0	0.0	0.0	0.077	0.301	0.9	0.851
9606.ENSP00000262662	9606.ENSP00000269305	CDKN2C	TP53	9606	0.957	0.0	0.0	0.0	0.0	0.046	0.9	0.586
9606.ENSP00000262995	9606.ENSP00000410294	GAB1	FGFR2	9606	0.918	0.0	0.0	0.0	0.044	0.058	0.9	0.203
9606.ENSP00000262995	9606.ENSP00000263967	GAB1	PIK3CA	9606	0.92	0.0	0.0	0.0	0.06	0.041	0.9	0.224
9606.ENSP00000262995	9606.ENSP00000376345	GAB1	GRB2	9606	0.999	0.0	0.0	0.0	0.0	0.994	0.9	0.992
9606.ENSP00000263088	9606.ENSP00000295887	PLD2	CDS1	9606	0.951	0.0	0.0	0.0	0.0	0.0	0.937	0.254
9606.ENSP00000263239	9606.ENSP00000314348	DDX18	DDX10	9606	0.994	0.0	0.0	0.097	0.865	0.954	0.0	0.114
9606.ENSP00000263253	9606.ENSP00000278616	EP300	ATM	9606	0.904	0.0	0.0	0.0	0.074	0.0	0.0	0.9
9606.ENSP00000263253	9606.ENSP00000479106	EP300	H4C1	9606	0.905	0.0	0.0	0.0	0.0	0.9	0.0	0.094
9606.ENSP00000263253	9606.ENSP00000363929	EP300	NCOA6	9606	0.911	0.0	0.0	0.0	0.408	0.292	0.5	0.629
9606.ENSP00000263253	9606.ENSP00000356840	EP300	POU2F1	9606	0.917	0.0	0.0	0.0	0.122	0.061	0.8	0.56
9606.ENSP00000263253	9606.ENSP00000367545	EP300	TP73	9606	0.927	0.0	0.0	0.0	0.0	0.845	0.0	0.553
9606.ENSP00000263253	9606.ENSP00000282111	EP300	TCF7L1	9606	0.948	0.0	0.0	0.0	0.044	0.125	0.9	0.459
9606.ENSP00000263253	9606.ENSP00000382800	EP300	RUNX3	9606	0.948	0.0	0.0	0.0	0.044	0.513	0.5	0.802
9606.ENSP00000263253	9606.ENSP00000363822	EP300	AR	9606	0.952	0.0	0.0	0.0	0.043	0.843	0.0	0.71
9606.ENSP00000263253	9606.ENSP00000451828	EP300	AKT1	9606	0.954	0.0	0.0	0.0	0.066	0.821	0.0	0.749
9606.ENSP00000263253	9606.ENSP00000368632	EP300	GATA3	9606	0.959	0.0	0.0	0.0	0.0	0.101	0.8	0.794
9606.ENSP00000263253	9606.ENSP00000343896	EP300	SMARCA4	9606	0.969	0.0	0.0	0.0	0.085	0.328	0.0	0.955
9606.ENSP00000263253	9606.ENSP00000486891	EP300	TCF7L2	9606	0.975	0.0	0.0	0.0	0.177	0.354	0.9	0.595
9606.ENSP00000263253	9606.ENSP00000264110	EP300	ATF2	9606	0.976	0.0	0.0	0.0	0.119	0.516	0.8	0.757
9606.ENSP00000263253	9606.ENSP00000418960	EP300	BRCA1	9606	0.986	0.0	0.0	0.0	0.068	0.82	0.0	0.928
9606.ENSP00000263253	9606.ENSP00000405330	EP300	ESR1	9606	0.997	0.0	0.0	0.0	0.0	0.926	0.5	0.943
9606.ENSP00000263253	9606.ENSP00000354394	EP300	STAT1	9606	0.998	0.0	0.0	0.0	0.049	0.868	0.65	0.977
9606.ENSP00000263253	9606.ENSP00000264657	EP300	STAT3	9606	0.999	0.0	0.0	0.0	0.126	0.856	0.75	0.992
9606.ENSP00000263253	9606.ENSP00000269305	EP300	TP53	9606	0.999	0.0	0.0	0.0	0.049	0.999	0.9	0.998
9606.ENSP00000263253	9606.ENSP00000478887	EP300	MYC	9606	0.999	0.0	0.0	0.0	0.086	0.783	0.5	0.994
9606.ENSP00000263341	9606.ENSP00000369554	IL1B	IFNA2	9606	0.913	0.0	0.0	0.0	0.055	0.0	0.0	0.912
9606.ENSP00000263341	9606.ENSP00000264657	IL1B	STAT3	9606	0.938	0.0	0.0	0.0	0.069	0.0	0.5	0.877
9606.ENSP00000263341	9606.ENSP00000351273	IL1B	CASP8	9606	0.943	0.0	0.0	0.0	0.081	0.32	0.5	0.839
9606.ENSP00000263341	9606.ENSP00000363089	IL1B	TLR4	9606	0.986	0.0	0.0	0.0	0.181	0.0	0.0	0.984
9606.ENSP00000263341	9606.ENSP00000280357	IL1B	IL18	9606	0.99	0.0	0.0	0.0	0.095	0.312	0.5	0.972
9606.ENSP00000263341	9606.ENSP00000385675	IL1B	IL6	9606	0.996	0.0	0.0	0.0	0.515	0.0	0.4	0.989
9606.ENSP00000263341	9606.ENSP00000398698	IL1B	TNF	9606	0.998	0.0	0.0	0.0	0.616	0.0	0.4	0.993
9606.ENSP00000263967	9606.ENSP00000410294	PIK3CA	FGFR2	9606	0.908	0.0	0.0	0.0	0.0	0.087	0.65	0.737
9606.ENSP00000263967	9606.ENSP00000320485	PIK3CA	ARID1A	9606	0.913	0.0	0.0	0.0	0.067	0.0	0.0	0.911
9606.ENSP00000263967	9606.ENSP00000376345	PIK3CA	GRB2	9606	0.924	0.0	0.0	0.0	0.0	0.676	0.4	0.642
9606.ENSP00000263967	9606.ENSP00000363089	PIK3CA	TLR4	9606	0.928	0.0	0.0	0.0	0.08	0.086	0.9	0.246
9606.ENSP00000263967	9606.ENSP00000405330	PIK3CA	ESR1	9606	0.941	0.0	0.0	0.0	0.0	0.51	0.4	0.817
9606.ENSP00000263967	9606.ENSP00000269305	PIK3CA	TP53	9606	0.941	0.0	0.0	0.0	0.0	0.292	0.0	0.92
9606.ENSP00000263967	9606.ENSP00000361021	PIK3CA	PTEN	9606	0.995	0.0	0.0	0.0	0.112	0.134	0.9	0.949
9606.ENSP00000263967	9606.ENSP00000451828	PIK3CA	AKT1	9606	0.998	0.0	0.0	0.0	0.06	0.738	0.9	0.951
9606.ENSP00000264657	9606.ENSP00000323588	STAT3	SOX2	9606	0.903	0.0	0.0	0.0	0.048	0.058	0.5	0.81
9606.ENSP00000264657	9606.ENSP00000363822	STAT3	AR	9606	0.907	0.0	0.0	0.0	0.048	0.626	0.0	0.761
9606.ENSP00000264657	9606.ENSP00000405330	STAT3	ESR1	9606	0.93	0.0	0.0	0.0	0.042	0.476	0.0	0.873
9606.ENSP00000264657	9606.ENSP00000398698	STAT3	TNF	9606	0.939	0.0	0.0	0.0	0.07	0.0	0.5	0.881
9606.ENSP00000264657	9606.ENSP00000365230	STAT3	BCL2L1	9606	0.949	0.0	0.0	0.0	0.055	0.095	0.75	0.79
9606.ENSP00000264657	9606.ENSP00000451828	STAT3	AKT1	9606	0.966	0.0	0.0	0.0	0.118	0.096	0.5	0.925
9606.ENSP00000264657	9606.ENSP00000351255	STAT3	STAT4	9606	0.973	0.0	0.0	0.063	0.069	0.0	0.9	0.735
9606.ENSP00000264657	9606.ENSP00000385675	STAT3	IL6	9606	0.984	0.0	0.0	0.0	0.102	0.095	0.5	0.965
9606.ENSP00000264657	9606.ENSP00000478887	STAT3	MYC	9606	0.985	0.0	0.0	0.0	0.066	0.612	0.75	0.859
9606.ENSP00000264657	9606.ENSP00000346839	STAT3	FN1	9606	0.988	0.0	0.0	0.0	0.0	0.9	0.5	0.796
9606.ENSP00000264657	9606.ENSP00000269305	STAT3	TP53	9606	0.994	0.0	0.0	0.0	0.063	0.164	0.8	0.97
9606.ENSP00000264657	9606.ENSP00000354394	STAT3	STAT1	9606	0.999	0.0	0.0	0.064	0.192	0.874	0.9	0.982
9606.ENSP00000264741	9606.ENSP00000346839	ITGA9	FN1	9606	0.945	0.0	0.0	0.0	0.0	0.0	0.65	0.852
9606.ENSP00000265162	9606.ENSP00000355627	ENPEP	AGT	9606	0.925	0.0	0.0	0.0	0.077	0.0	0.75	0.703
9606.ENSP00000265162	9606.ENSP00000292303	ENPEP	CCR5	9606	0.93	0.0	0.0	0.0	0.06	0.0	0.0	0.929
9606.ENSP00000265433	9606.ENSP00000369497	NBN	BRCA2	9606	0.901	0.0	0.0	0.0	0.116	0.0	0.5	0.795
9606.ENSP00000265433	9606.ENSP00000376272	NBN	RFC4	9606	0.906	0.0	0.0	0.0	0.073	0.0	0.5	0.814
9606.ENSP00000265433	9606.ENSP00000493712	NBN	RAD51	9606	0.925	0.0	0.0	0.0	0.042	0.273	0.5	0.811
9606.ENSP00000265433	9606.ENSP00000347232	NBN	BLM	9606	0.925	0.0	0.0	0.0	0.06	0.522	0.5	0.708
9606.ENSP00000265433	9606.ENSP00000298139	NBN	WRN	9606	0.927	0.0	0.0	0.0	0.063	0.516	0.5	0.716
9606.ENSP00000265433	9606.ENSP00000372023	NBN	CHEK2	9606	0.935	0.0	0.0	0.0	0.0	0.336	0.5	0.822
9606.ENSP00000265433	9606.ENSP00000418960	NBN	BRCA1	9606	0.993	0.0	0.0	0.0	0.068	0.868	0.54	0.902
9606.ENSP00000265433	9606.ENSP00000278616	NBN	ATM	9606	0.999	0.0	0.0	0.0	0.049	0.989	0.9	0.935
9606.ENSP00000265433	9606.ENSP00000325863	NBN	MRE11	9606	0.999	0.0	0.0	0.0	0.124	0.999	0.8	0.997
9606.ENSP00000265433	9606.ENSP00000368100	NBN	RAD50	9606	0.999	0.0	0.0	0.0	0.126	0.994	0.9	0.994
9606.ENSP00000265709	9606.ENSP00000349588	ANK1	ANK2	9606	0.906	0.0	0.0	0.056	0.047	0.0	0.9	0.078
9606.ENSP00000265709	9606.ENSP00000487444	ANK1	SPTAN1	9606	0.91	0.0	0.0	0.0	0.087	0.068	0.5	0.815
9606.ENSP00000265709	9606.ENSP00000368314	ANK1	NRCAM	9606	0.983	0.0	0.0	0.0	0.051	0.134	0.9	0.822
9606.ENSP00000265709	9606.ENSP00000455507	ANK1	OBSCN	9606	0.993	0.0	0.0	0.0	0.072	0.793	0.0	0.97
9606.ENSP00000265849	9606.ENSP00000500891	PMS2	MUTYH	9606	0.904	0.069	0.0	0.0	0.095	0.0	0.0	0.895
9606.ENSP00000265849	9606.ENSP00000269305	PMS2	TP53	9606	0.936	0.0	0.0	0.0	0.049	0.164	0.75	0.719
9606.ENSP00000265849	9606.ENSP00000369497	PMS2	BRCA2	9606	0.947	0.0	0.0	0.0	0.049	0.142	0.54	0.875
9606.ENSP00000265849	9606.ENSP00000418960	PMS2	BRCA1	9606	0.95	0.0	0.0	0.0	0.085	0.238	0.54	0.864
9606.ENSP00000265849	9606.ENSP00000472445	PMS2	POLD1	9606	0.961	0.0	0.0	0.0	0.11	0.354	0.54	0.872
9606.ENSP00000267430	9606.ENSP00000418960	FANCM	BRCA1	9606	0.916	0.0	0.0	0.0	0.163	0.439	0.0	0.835
9606.ENSP00000267430	9606.ENSP00000369497	FANCM	BRCA2	9606	0.937	0.0	0.0	0.0	0.152	0.0	0.0	0.929
9606.ENSP00000267430	9606.ENSP00000294008	FANCM	SLX4	9606	0.938	0.0	0.0	0.0	0.109	0.255	0.5	0.835
9606.ENSP00000267430	9606.ENSP00000323099	FANCM	ATRIP	9606	0.955	0.0	0.0	0.0	0.056	0.0	0.9	0.57
9606.ENSP00000267430	9606.ENSP00000336701	FANCM	RAD51C	9606	0.96	0.0	0.0	0.0	0.102	0.596	0.0	0.9
9606.ENSP00000267430	9606.ENSP00000493712	FANCM	RAD51	9606	0.973	0.0	0.0	0.0	0.137	0.864	0.0	0.794
9606.ENSP00000267430	9606.ENSP00000466399	FANCM	RAD51D	9606	0.979	0.0	0.0	0.0	0.105	0.864	0.0	0.845
9606.ENSP00000267430	9606.ENSP00000317636	FANCM	RECQL5	9606	0.991	0.0	0.0	0.0	0.123	0.967	0.0	0.733
9606.ENSP00000267430	9606.ENSP00000482313	FANCM	RECQL4	9606	0.991	0.0	0.0	0.0	0.127	0.967	0.0	0.731
9606.ENSP00000267430	9606.ENSP00000298139	FANCM	WRN	9606	0.994	0.0	0.0	0.0	0.179	0.967	0.0	0.818
9606.ENSP00000267430	9606.ENSP00000287647	FANCM	FANCD2	9606	0.997	0.0	0.0	0.0	0.147	0.0	0.9	0.977
9606.ENSP00000267430	9606.ENSP00000310842	FANCM	FANCI	9606	0.998	0.0	0.0	0.0	0.188	0.292	0.9	0.983
9606.ENSP00000267430	9606.ENSP00000347232	FANCM	BLM	9606	0.999	0.0	0.0	0.0	0.181	0.999	0.9	0.839
9606.ENSP00000267430	9606.ENSP00000373952	FANCM	FANCA	9606	0.999	0.0	0.0	0.0	0.113	0.994	0.9	0.999
9606.ENSP00000267430	9606.ENSP00000289081	FANCM	FANCC	9606	0.999	0.0	0.0	0.0	0.097	0.994	0.9	0.998
9606.ENSP00000267430	9606.ENSP00000498215	FANCM	FANCB	9606	0.999	0.0	0.0	0.0	0.186	0.994	0.9	0.999
9606.ENSP00000268613	9606.ENSP00000341785	CDH13	ADIPOR1	9606	0.904	0.0	0.0	0.0	0.0	0.045	0.0	0.904
9606.ENSP00000268613	9606.ENSP00000349547	CDH13	RASSF1	9606	0.906	0.0	0.0	0.0	0.0	0.0	0.0	0.906
9606.ENSP00000268613	9606.ENSP00000389814	CDH13	ADIPOQ	9606	0.996	0.0	0.0	0.0	0.09	0.095	0.0	0.996
9606.ENSP00000268638	9606.ENSP00000354394	IRF8	STAT1	9606	0.904	0.0	0.0	0.0	0.115	0.065	0.5	0.795
9606.ENSP00000269305	9606.ENSP00000370473	TP53	IGFBP3	9606	0.901	0.0	0.0	0.0	0.0	0.0	0.75	0.622
9606.ENSP00000269305	9606.ENSP00000325863	TP53	MRE11	9606	0.905	0.0	0.0	0.0	0.0	0.621	0.5	0.541
9606.ENSP00000269305	9606.ENSP00000363822	TP53	AR	9606	0.905	0.0	0.0	0.0	0.0	0.439	0.0	0.838
9606.ENSP00000269305	9606.ENSP00000285398	TP53	ERCC3	9606	0.908	0.0	0.0	0.0	0.0	0.681	0.0	0.725
9606.ENSP00000269305	9606.ENSP00000417980	TP53	EHMT1	9606	0.92	0.0	0.0	0.0	0.068	0.555	0.75	0.323
9606.ENSP00000269305	9606.ENSP00000373772	TP53	RNF20	9606	0.929	0.0	0.0	0.0	0.0	0.729	0.0	0.75
9606.ENSP00000269305	9606.ENSP00000347232	TP53	BLM	9606	0.932	0.0	0.0	0.0	0.059	0.844	0.4	0.324
9606.ENSP00000269305	9606.ENSP00000430684	TP53	IKBKB	9606	0.933	0.0	0.0	0.0	0.076	0.51	0.5	0.739
9606.ENSP00000269305	9606.ENSP00000382800	TP53	RUNX3	9606	0.936	0.0	0.0	0.0	0.0	0.292	0.7	0.723
9606.ENSP00000269305	9606.ENSP00000354522	TP53	TOP1	9606	0.947	0.0	0.0	0.0	0.0	0.643	0.0	0.86
9606.ENSP00000269305	9606.ENSP00000474725	TP53	FBXW7	9606	0.96	0.0	0.0	0.0	0.0	0.62	0.4	0.842
9606.ENSP00000269305	9606.ENSP00000320485	TP53	ARID1A	9606	0.961	0.0	0.0	0.0	0.067	0.292	0.0	0.945
9606.ENSP00000269305	9606.ENSP00000378699	TP53	CDK1	9606	0.962	0.0	0.0	0.0	0.095	0.626	0.0	0.899
9606.ENSP00000269305	9606.ENSP00000298139	TP53	WRN	9606	0.963	0.0	0.0	0.0	0.0	0.62	0.4	0.851
9606.ENSP00000269305	9606.ENSP00000484824	TP53	MUC1	9606	0.966	0.0	0.0	0.0	0.0	0.294	0.0	0.954
9606.ENSP00000269305	9606.ENSP00000324856	TP53	STK11	9606	0.97	0.0	0.0	0.0	0.07	0.621	0.5	0.852
9606.ENSP00000269305	9606.ENSP00000355759	TP53	PARP1	9606	0.972	0.0	0.0	0.0	0.067	0.794	0.0	0.87
9606.ENSP00000269305	9606.ENSP00000354476	TP53	SREBF2	9606	0.978	0.0	0.0	0.0	0.108	0.363	0.0	0.965
9606.ENSP00000269305	9606.ENSP00000367545	TP53	TP73	9606	0.985	0.0	0.0	0.068	0.0	0.789	0.9	0.335
9606.ENSP00000269305	9606.ENSP00000351273	TP53	CASP8	9606	0.991	0.0	0.0	0.0	0.086	0.292	0.9	0.879
9606.ENSP00000269305	9606.ENSP00000405330	TP53	ESR1	9606	0.992	0.0	0.0	0.0	0.0	0.735	0.0	0.974
9606.ENSP00000269305	9606.ENSP00000343896	TP53	SMARCA4	9606	0.993	0.0	0.0	0.0	0.049	0.822	0.0	0.964
9606.ENSP00000269305	9606.ENSP00000451828	TP53	AKT1	9606	0.994	0.0	0.0	0.0	0.049	0.184	0.9	0.934
9606.ENSP00000269305	9606.ENSP00000369497	TP53	BRCA2	9606	0.995	0.0	0.0	0.0	0.066	0.828	0.0	0.974
9606.ENSP00000269305	9606.ENSP00000478887	TP53	MYC	9606	0.997	0.0	0.0	0.0	0.067	0.3	0.0	0.997
9606.ENSP00000269305	9606.ENSP00000278616	TP53	ATM	9606	0.999	0.0	0.0	0.0	0.103	0.928	0.9	0.975
9606.ENSP00000269305	9606.ENSP00000372023	TP53	CHEK2	9606	0.999	0.0	0.0	0.0	0.072	0.833	0.75	0.992
9606.ENSP00000269305	9606.ENSP00000365230	TP53	BCL2L1	9606	0.999	0.0	0.0	0.0	0.074	0.986	0.0	0.998
9606.ENSP00000269305	9606.ENSP00000418960	TP53	BRCA1	9606	0.999	0.0	0.0	0.0	0.067	0.895	0.5	0.999
9606.ENSP00000269305	9606.ENSP00000418915	TP53	CDKN2A	9606	0.999	0.0	0.0	0.0	0.0	0.874	0.9	0.97
9606.ENSP00000269305	9606.ENSP00000361021	TP53	PTEN	9606	0.999	0.0	0.0	0.0	0.067	0.748	0.9	0.968
9606.ENSP00000269305	9606.ENSP00000493712	TP53	RAD51	9606	0.999	0.0	0.0	0.0	0.135	0.884	0.0	0.995
9606.ENSP00000270349	9606.ENSP00000354511	SLC6A3	COMT	9606	0.917	0.0	0.0	0.0	0.0	0.0	0.0	0.917
9606.ENSP00000276414	9606.ENSP00000451828	GNRH1	AKT1	9606	0.942	0.0	0.0	0.0	0.0	0.0	0.9	0.445
9606.ENSP00000276925	9606.ENSP00000418915	CDKN2B	CDKN2A	9606	0.951	0.0	0.0	0.053	0.169	0.44	0.9	0.067
9606.ENSP00000276925	9606.ENSP00000478887	CDKN2B	MYC	9606	0.966	0.0	0.0	0.0	0.055	0.166	0.9	0.621
9606.ENSP00000278568	9606.ENSP00000420321	PAK1	ROBO1	9606	0.912	0.0	0.0	0.0	0.074	0.073	0.9	0.102
9606.ENSP00000278568	9606.ENSP00000344666	PAK1	NF2	9606	0.914	0.0	0.0	0.0	0.067	0.301	0.7	0.611
9606.ENSP00000278568	9606.ENSP00000420213	PAK1	FLNB	9606	0.921	0.0	0.0	0.0	0.054	0.067	0.9	0.22
9606.ENSP00000278568	9606.ENSP00000451828	PAK1	AKT1	9606	0.994	0.0	0.0	0.0	0.07	0.715	0.0	0.981
9606.ENSP00000278616	9606.ENSP00000375809	ATM	ERCC2	9606	0.914	0.0	0.0	0.0	0.049	0.0	0.5	0.834
9606.ENSP00000278616	9606.ENSP00000451974	ATM	XRCC3	9606	0.918	0.0	0.0	0.0	0.0	0.134	0.5	0.826
9606.ENSP00000278616	9606.ENSP00000336701	ATM	RAD51C	9606	0.921	0.0	0.0	0.0	0.0	0.134	0.5	0.832
9606.ENSP00000278616	9606.ENSP00000306682	ATM	PPM1D	9606	0.924	0.0	0.0	0.0	0.0	0.0	0.0	0.924
9606.ENSP00000278616	9606.ENSP00000466399	ATM	RAD51D	9606	0.93	0.0	0.0	0.0	0.092	0.199	0.5	0.83
9606.ENSP00000278616	9606.ENSP00000310842	ATM	FANCI	9606	0.946	0.0	0.0	0.0	0.042	0.3	0.54	0.847
9606.ENSP00000278616	9606.ENSP00000298139	ATM	WRN	9606	0.955	0.0	0.0	0.0	0.144	0.271	0.5	0.873
9606.ENSP00000278616	9606.ENSP00000472445	ATM	POLD1	9606	0.96	0.0	0.0	0.0	0.057	0.0	0.9	0.613
9606.ENSP00000278616	9606.ENSP00000351273	ATM	CASP8	9606	0.961	0.0	0.0	0.0	0.197	0.0	0.9	0.56
9606.ENSP00000278616	9606.ENSP00000287647	ATM	FANCD2	9606	0.989	0.0	0.0	0.0	0.044	0.321	0.54	0.967
9606.ENSP00000278616	9606.ENSP00000368100	ATM	RAD50	9606	0.99	0.0	0.0	0.0	0.105	0.73	0.9	0.635
9606.ENSP00000278616	9606.ENSP00000347232	ATM	BLM	9606	0.991	0.0	0.0	0.0	0.108	0.726	0.8	0.846
9606.ENSP00000278616	9606.ENSP00000369497	ATM	BRCA2	9606	0.995	0.0	0.0	0.0	0.048	0.313	0.8	0.971
9606.ENSP00000278616	9606.ENSP00000493712	ATM	RAD51	9606	0.995	0.0	0.0	0.0	0.0	0.485	0.8	0.958
9606.ENSP00000278616	9606.ENSP00000323099	ATM	ATRIP	9606	0.998	0.0	0.0	0.0	0.042	0.292	0.5	0.995
9606.ENSP00000278616	9606.ENSP00000418960	ATM	BRCA1	9606	0.999	0.0	0.0	0.0	0.042	0.847	0.9	0.999
9606.ENSP00000278616	9606.ENSP00000372023	ATM	CHEK2	9606	0.999	0.0	0.0	0.0	0.044	0.836	0.5	0.999
9606.ENSP00000278616	9606.ENSP00000325863	ATM	MRE11	9606	0.999	0.0	0.0	0.0	0.236	0.907	0.9	0.941
9606.ENSP00000279441	9606.ENSP00000299855	MMP10	MMP3	9606	0.973	0.0	0.0	0.05	0.393	0.818	0.5	0.572
9606.ENSP00000280154	9606.ENSP00000326381	PDCD4	EIF4A2	9606	0.999	0.0	0.0	0.0	0.164	0.684	0.0	0.997
9606.ENSP00000280357	9606.ENSP00000363089	IL18	TLR4	9606	0.908	0.0	0.0	0.0	0.068	0.0	0.0	0.905
9606.ENSP00000280357	9606.ENSP00000398698	IL18	TNF	9606	0.961	0.0	0.0	0.0	0.049	0.0	0.4	0.937
9606.ENSP00000280357	9606.ENSP00000385675	IL18	IL6	9606	0.97	0.0	0.0	0.0	0.0	0.0	0.4	0.953
9606.ENSP00000280701	9606.ENSP00000363794	OXSM	HSD17B8	9606	0.981	0.057	0.069	0.224	0.277	0.168	0.911	0.596
9606.ENSP00000282111	9606.ENSP00000302625	TCF7L1	AXIN2	9606	0.906	0.0	0.0	0.0	0.051	0.106	0.65	0.721
9606.ENSP00000282111	9606.ENSP00000486891	TCF7L1	TCF7L2	9606	0.962	0.0	0.0	0.0	0.068	0.0	0.9	0.628
9606.ENSP00000283351	9606.ENSP00000324318	TRAPPC8	TRAPPC12	9606	0.999	0.0	0.0	0.0	0.06	0.838	0.9	0.969
9606.ENSP00000285398	9606.ENSP00000478887	ERCC3	MYC	9606	0.942	0.0	0.0	0.0	0.083	0.402	0.0	0.903
9606.ENSP00000285398	9606.ENSP00000323720	ERCC3	MED14	9606	0.963	0.0	0.0	0.0	0.067	0.925	0.0	0.523
9606.ENSP00000285398	9606.ENSP00000348089	ERCC3	ERCC6	9606	0.976	0.057	0.0	0.0	0.049	0.166	0.5	0.945
9606.ENSP00000285398	9606.ENSP00000385725	ERCC3	POLR2F	9606	0.985	0.0	0.0	0.0	0.049	0.954	0.5	0.398
9606.ENSP00000285398	9606.ENSP00000452454	ERCC3	GTF2A1	9606	0.997	0.0	0.0	0.0	0.075	0.896	0.9	0.765
9606.ENSP00000285398	9606.ENSP00000375809	ERCC3	ERCC2	9606	0.999	0.0	0.0	0.0	0.094	0.999	0.9	0.999
9606.ENSP00000287437	9606.ENSP00000404092	NSMCE2	SMC6	9606	0.999	0.0	0.0	0.0	0.058	0.997	0.9	0.983
9606.ENSP00000287647	9606.ENSP00000451974	FANCD2	XRCC3	9606	0.926	0.0	0.0	0.0	0.075	0.096	0.0	0.919
9606.ENSP00000287647	9606.ENSP00000347232	FANCD2	BLM	9606	0.933	0.0	0.0	0.0	0.329	0.542	0.0	0.8
9606.ENSP00000287647	9606.ENSP00000336701	FANCD2	RAD51C	9606	0.934	0.0	0.0	0.0	0.118	0.096	0.0	0.923
9606.ENSP00000287647	9606.ENSP00000294008	FANCD2	SLX4	9606	0.992	0.0	0.0	0.0	0.098	0.51	0.5	0.971
9606.ENSP00000287647	9606.ENSP00000493712	FANCD2	RAD51	9606	0.998	0.0	0.0	0.0	0.305	0.647	0.0	0.992
9606.ENSP00000287647	9606.ENSP00000498215	FANCD2	FANCB	9606	0.999	0.0	0.0	0.0	0.269	0.8	0.9	0.945
9606.ENSP00000287647	9606.ENSP00000289081	FANCD2	FANCC	9606	0.999	0.0	0.0	0.0	0.101	0.911	0.9	0.98
9606.ENSP00000287647	9606.ENSP00000373952	FANCD2	FANCA	9606	0.999	0.0	0.0	0.0	0.218	0.912	0.9	0.987
9606.ENSP00000287647	9606.ENSP00000418960	FANCD2	BRCA1	9606	0.999	0.0	0.0	0.0	0.472	0.779	0.54	0.998
9606.ENSP00000287647	9606.ENSP00000369497	FANCD2	BRCA2	9606	0.999	0.0	0.0	0.0	0.217	0.842	0.9	0.999
9606.ENSP00000287647	9606.ENSP00000310842	FANCD2	FANCI	9606	0.999	0.0	0.0	0.0	0.561	0.996	0.9	0.999
9606.ENSP00000288266	9606.ENSP00000451828	APPL1	AKT1	9606	0.993	0.0	0.0	0.0	0.049	0.733	0.0	0.977
9606.ENSP00000288266	9606.ENSP00000341785	APPL1	ADIPOR1	9606	0.999	0.0	0.0	0.0	0.0	0.477	0.9	0.996
9606.ENSP00000289081	9606.ENSP00000369497	FANCC	BRCA2	9606	0.919	0.0	0.0	0.0	0.063	0.0	0.0	0.917
9606.ENSP00000289081	9606.ENSP00000418960	FANCC	BRCA1	9606	0.926	0.0	0.0	0.0	0.152	0.439	0.0	0.858
9606.ENSP00000289081	9606.ENSP00000310842	FANCC	FANCI	9606	0.999	0.0	0.0	0.0	0.127	0.8	0.9	0.955
9606.ENSP00000289081	9606.ENSP00000373952	FANCC	FANCA	9606	0.999	0.0	0.0	0.0	0.148	0.998	0.9	0.999
9606.ENSP00000289081	9606.ENSP00000498215	FANCC	FANCB	9606	0.999	0.0	0.0	0.0	0.058	0.998	0.9	0.998
9606.ENSP00000290866	9606.ENSP00000398832	ACE	AGTR1	9606	0.974	0.0	0.0	0.0	0.042	0.0	0.0	0.974
9606.ENSP00000290866	9606.ENSP00000355627	ACE	AGT	9606	0.999	0.0	0.0	0.0	0.0	0.733	0.75	0.989
9606.ENSP00000294008	9606.ENSP00000498215	SLX4	FANCB	9606	0.901	0.0	0.0	0.0	0.049	0.0	0.5	0.809
9606.ENSP00000294008	9606.ENSP00000418960	SLX4	BRCA1	9606	0.905	0.0	0.0	0.0	0.067	0.439	0.5	0.681
9606.ENSP00000294008	9606.ENSP00000370653	SLX4	GEN1	9606	0.908	0.045	0.0	0.0	0.092	0.098	0.4	0.834
9606.ENSP00000294008	9606.ENSP00000373952	SLX4	FANCA	9606	0.935	0.0	0.0	0.0	0.079	0.0	0.5	0.87
9606.ENSP00000294008	9606.ENSP00000310842	SLX4	FANCI	9606	0.967	0.0	0.0	0.0	0.072	0.0	0.5	0.935
9606.ENSP00000294179	9606.ENSP00000363054	STX5	STX12	9606	0.918	0.0	0.0	0.0	0.067	0.565	0.54	0.614
9606.ENSP00000294179	9606.ENSP00000377275	STX5	GOLGB1	9606	0.988	0.0	0.0	0.0	0.054	0.954	0.5	0.542
9606.ENSP00000295225	9606.ENSP00000355747	KCNIP3	PSEN2	9606	0.975	0.0	0.0	0.0	0.0	0.51	0.0	0.952
9606.ENSP00000296161	9606.ENSP00000354394	DTX3L	STAT1	9606	0.926	0.0	0.0	0.0	0.353	0.51	0.0	0.786
9606.ENSP00000297494	9606.ENSP00000327251	NOS3	NOS2	9606	0.912	0.0	0.0	0.069	0.0	0.087	0.9	0.09
9606.ENSP00000297494	9606.ENSP00000307188	NOS3	ASL	9606	0.969	0.0	0.0	0.0	0.074	0.0	0.922	0.616
9606.ENSP00000297494	9606.ENSP00000451828	NOS3	AKT1	9606	0.997	0.0	0.0	0.0	0.0	0.786	0.9	0.909
9606.ENSP00000297494	9606.ENSP00000339191	NOS3	CAV1	9606	0.999	0.0	0.0	0.0	0.044	0.736	0.8	0.995
9606.ENSP00000298139	9606.ENSP00000472445	WRN	POLD1	9606	0.901	0.0	0.0	0.0	0.206	0.114	0.4	0.793
9606.ENSP00000298139	9606.ENSP00000355759	WRN	PARP1	9606	0.915	0.0	0.0	0.0	0.049	0.521	0.0	0.828
9606.ENSP00000298139	9606.ENSP00000325863	WRN	MRE11	9606	0.945	0.054	0.0	0.0	0.168	0.508	0.5	0.763
9606.ENSP00000298139	9606.ENSP00000451974	WRN	XRCC3	9606	0.964	0.042	0.0	0.0	0.064	0.605	0.5	0.829
9606.ENSP00000298139	9606.ENSP00000418960	WRN	BRCA1	9606	0.983	0.0	0.0	0.0	0.079	0.702	0.5	0.891
9606.ENSP00000298139	9606.ENSP00000493712	WRN	RAD51	9606	0.993	0.042	0.0	0.0	0.09	0.657	0.5	0.965
9606.ENSP00000299855	9606.ENSP00000346839	MMP3	FN1	9606	0.936	0.0	0.0	0.0	0.098	0.0	0.0	0.932
9606.ENSP00000299855	9606.ENSP00000322788	MMP3	MMP1	9606	0.985	0.0	0.0	0.064	0.657	0.0	0.9	0.597
9606.ENSP00000302625	9606.ENSP00000486891	AXIN2	TCF7L2	9606	0.912	0.0	0.0	0.0	0.051	0.339	0.65	0.648
9606.ENSP00000302625	9606.ENSP00000316054	AXIN2	DVL3	9606	0.967	0.0	0.0	0.0	0.06	0.232	0.9	0.607
9606.ENSP00000302625	9606.ENSP00000442954	AXIN2	APC2	9606	0.977	0.0	0.0	0.0	0.054	0.529	0.9	0.559
9606.ENSP00000304845	9606.ENSP00000379683	UGT1A1	CYP19A1	9606	0.94	0.0	0.0	0.0	0.067	0.0	0.909	0.353
9606.ENSP00000304845	9606.ENSP00000342007	UGT1A1	CYP1A2	9606	0.957	0.0	0.0	0.0	0.082	0.0	0.681	0.865
9606.ENSP00000304845	9606.ENSP00000478561	UGT1A1	CYP1B1	9606	0.963	0.0	0.0	0.0	0.067	0.0	0.909	0.598
9606.ENSP00000304845	9606.ENSP00000416002	UGT1A1	SLC35A2	9606	0.984	0.0	0.0	0.0	0.0	0.0	0.0	0.984
9606.ENSP00000304845	9606.ENSP00000378488	UGT1A1	CYP1A1	9606	0.985	0.0	0.0	0.0	0.075	0.0	0.909	0.839
9606.ENSP00000304845	9606.ENSP00000346768	UGT1A1	UGT1A9	9606	0.998	0.0	0.0	0.056	0.782	0.994	0.0	0.067
9606.ENSP00000305699	9606.ENSP00000360252	HOOK3	HOOK1	9606	0.987	0.0	0.0	0.059	0.042	0.831	0.9	0.289
9606.ENSP00000306561	9606.ENSP00000500891	OGG1	MUTYH	9606	0.974	0.049	0.0	0.0	0.147	0.0	0.0	0.97
9606.ENSP00000306682	9606.ENSP00000372023	PPM1D	CHEK2	9606	0.918	0.0	0.0	0.0	0.049	0.555	0.0	0.822
9606.ENSP00000307188	9606.ENSP00000355518	ASL	FH	9606	0.902	0.0	0.0	0.0	0.116	0.0	0.8	0.494
9606.ENSP00000307188	9606.ENSP00000327251	ASL	NOS2	9606	0.954	0.0	0.0	0.0	0.074	0.0	0.922	0.416
9606.ENSP00000310842	9606.ENSP00000336701	FANCI	RAD51C	9606	0.944	0.0	0.0	0.0	0.193	0.071	0.0	0.931
9606.ENSP00000310842	9606.ENSP00000493712	FANCI	RAD51	9606	0.949	0.0	0.0	0.0	0.491	0.324	0.0	0.864
9606.ENSP00000310842	9606.ENSP00000323099	FANCI	ATRIP	9606	0.956	0.0	0.0	0.0	0.081	0.0	0.9	0.567
9606.ENSP00000310842	9606.ENSP00000418960	FANCI	BRCA1	9606	0.993	0.0	0.0	0.0	0.51	0.439	0.54	0.952
9606.ENSP00000310842	9606.ENSP00000369497	FANCI	BRCA2	9606	0.996	0.0	0.0	0.0	0.295	0.23	0.54	0.987
9606.ENSP00000310842	9606.ENSP00000373952	FANCI	FANCA	9606	0.999	0.0	0.0	0.0	0.295	0.8	0.9	0.974
9606.ENSP00000310842	9606.ENSP00000498215	FANCI	FANCB	9606	0.999	0.0	0.0	0.0	0.167	0.8	0.9	0.947
9606.ENSP00000311469	9606.ENSP00000342007	GSTM1	CYP1A2	9606	0.96	0.0	0.0	0.0	0.067	0.045	0.9	0.608
9606.ENSP00000311469	9606.ENSP00000478561	GSTM1	CYP1B1	9606	0.962	0.0	0.0	0.0	0.067	0.045	0.9	0.625
9606.ENSP00000311469	9606.ENSP00000378488	GSTM1	CYP1A1	9606	0.991	0.0	0.0	0.0	0.067	0.045	0.9	0.918
9606.ENSP00000312995	9606.ENSP00000322570	CLSPN	POLE	9606	0.922	0.0	0.0	0.0	0.42	0.8	0.0	0.387
9606.ENSP00000312995	9606.ENSP00000323099	CLSPN	ATRIP	9606	0.974	0.0	0.0	0.0	0.042	0.0	0.5	0.95
9606.ENSP00000312995	9606.ENSP00000450607	CLSPN	TIMELESS	9606	0.999	0.0	0.0	0.0	0.371	0.898	0.0	0.997
9606.ENSP00000314420	9606.ENSP00000381531	PER1	CSNK1D	9606	0.984	0.0	0.0	0.0	0.059	0.758	0.9	0.38
9606.ENSP00000315011	9606.ENSP00000355627	EDNRA	AGT	9606	0.988	0.0	0.0	0.0	0.059	0.0	0.9	0.892
9606.ENSP00000315130	9606.ENSP00000317674	CLU	APOL1	9606	0.923	0.0	0.0	0.0	0.064	0.0	0.72	0.73
9606.ENSP00000316032	9606.ENSP00000352400	NUP98	NUP214	9606	0.999	0.0	0.0	0.0	0.117	0.993	0.5	0.82
9606.ENSP00000316054	9606.ENSP00000442954	DVL3	APC2	9606	0.912	0.0	0.0	0.0	0.0	0.045	0.9	0.157
9606.ENSP00000316054	9606.ENSP00000470248	DVL3	PRICKLE3	9606	0.959	0.0	0.0	0.0	0.045	0.238	0.9	0.505
9606.ENSP00000316845	9606.ENSP00000442954	ARHGEF4	APC2	9606	0.929	0.0	0.0	0.0	0.127	0.051	0.9	0.249
9606.ENSP00000317636	9606.ENSP00000493712	RECQL5	RAD51	9606	0.947	0.042	0.0	0.0	0.071	0.711	0.0	0.819
9606.ENSP00000319240	9606.ENSP00000368801	MAGOHB	WBP4	9606	0.906	0.0	0.0	0.0	0.06	0.0	0.9	0.081
9606.ENSP00000320485	9606.ENSP00000496168	ARID1A	BCL11A	9606	0.975	0.0	0.0	0.0	0.043	0.053	0.9	0.757
9606.ENSP00000320485	9606.ENSP00000490491	ARID1A	ARID1B	9606	0.999	0.0	0.0	0.0	0.437	0.846	0.9	0.983
9606.ENSP00000320485	9606.ENSP00000343896	ARID1A	SMARCA4	9606	0.999	0.0	0.0	0.0	0.25	0.998	0.9	0.996
9606.ENSP00000322570	9606.ENSP00000418960	POLE	BRCA1	9606	0.919	0.0	0.0	0.0	0.37	0.439	0.4	0.662
9606.ENSP00000322570	9606.ENSP00000450607	POLE	TIMELESS	9606	0.98	0.0	0.0	0.0	0.565	0.926	0.0	0.442
9606.ENSP00000322570	9606.ENSP00000472445	POLE	POLD1	9606	0.999	0.0	0.0	0.0	0.495	0.705	0.9	0.987
9606.ENSP00000323099	9606.ENSP00000373952	ATRIP	FANCA	9606	0.955	0.0	0.0	0.204	0.166	0.0	0.9	0.402
9606.ENSP00000323099	9606.ENSP00000418960	ATRIP	BRCA1	9606	0.972	0.0	0.0	0.0	0.074	0.777	0.5	0.761
9606.ENSP00000323588	9606.ENSP00000478887	SOX2	MYC	9606	0.958	0.0	0.0	0.0	0.045	0.0	0.4	0.932
9606.ENSP00000323588	9606.ENSP00000378699	SOX2	CDK1	9606	0.961	0.0	0.0	0.0	0.084	0.51	0.0	0.921
9606.ENSP00000323588	9606.ENSP00000356840	SOX2	POU2F1	9606	0.973	0.0	0.0	0.0	0.057	0.921	0.4	0.471
9606.ENSP00000323720	9606.ENSP00000375809	MED14	ERCC2	9606	0.943	0.0	0.0	0.0	0.073	0.925	0.0	0.25
9606.ENSP00000323720	9606.ENSP00000452454	MED14	GTF2A1	9606	0.964	0.0	0.0	0.0	0.214	0.897	0.0	0.597
9606.ENSP00000323720	9606.ENSP00000385725	MED14	POLR2F	9606	0.989	0.0	0.0	0.0	0.0	0.988	0.0	0.106
9606.ENSP00000324856	9606.ENSP00000343896	STK11	SMARCA4	9606	0.92	0.0	0.0	0.0	0.14	0.601	0.0	0.786
9606.ENSP00000324856	9606.ENSP00000360290	STK11	PRKAA2	9606	0.978	0.0	0.0	0.0	0.0	0.636	0.9	0.468
9606.ENSP00000324856	9606.ENSP00000361021	STK11	PTEN	9606	0.979	0.0	0.0	0.0	0.0	0.331	0.0	0.971
9606.ENSP00000324856	9606.ENSP00000346148	STK11	PRKAA1	9606	0.986	0.0	0.0	0.0	0.049	0.759	0.9	0.474
9606.ENSP00000325863	9606.ENSP00000372023	MRE11	CHEK2	9606	0.9	0.0	0.0	0.0	0.085	0.088	0.5	0.789
9606.ENSP00000325863	9606.ENSP00000352271	MRE11	XRCC2	9606	0.912	0.0	0.0	0.0	0.146	0.0	0.5	0.811
9606.ENSP00000325863	9606.ENSP00000336701	MRE11	RAD51C	9606	0.933	0.095	0.0	0.0	0.111	0.273	0.5	0.806
9606.ENSP00000325863	9606.ENSP00000466399	MRE11	RAD51D	9606	0.946	0.095	0.0	0.0	0.108	0.414	0.5	0.808
9606.ENSP00000325863	9606.ENSP00000369497	MRE11	BRCA2	9606	0.967	0.0	0.0	0.0	0.126	0.0	0.5	0.932
9606.ENSP00000325863	9606.ENSP00000347232	MRE11	BLM	9606	0.969	0.054	0.0	0.0	0.227	0.853	0.5	0.517
9606.ENSP00000325863	9606.ENSP00000493712	MRE11	RAD51	9606	0.984	0.095	0.0	0.0	0.127	0.622	0.5	0.914
9606.ENSP00000325863	9606.ENSP00000418960	MRE11	BRCA1	9606	0.999	0.0	0.0	0.0	0.174	0.994	0.54	0.973
9606.ENSP00000325863	9606.ENSP00000368100	MRE11	RAD50	9606	0.999	0.12	0.0	0.0	0.861	0.998	0.9	0.996
9606.ENSP00000327251	9606.ENSP00000451828	NOS2	AKT1	9606	0.976	0.0	0.0	0.0	0.0	0.045	0.9	0.775
9606.ENSP00000327336	9606.ENSP00000398698	BGN	TNF	9606	0.94	0.0	0.0	0.0	0.0	0.292	0.0	0.919
9606.ENSP00000327336	9606.ENSP00000363089	BGN	TLR4	9606	0.994	0.0	0.0	0.0	0.042	0.287	0.0	0.992
9606.ENSP00000327336	9606.ENSP00000346839	BGN	FN1	9606	0.995	0.0	0.0	0.0	0.23	0.0	0.0	0.994
9606.ENSP00000332790	9606.ENSP00000479106	H2AC21	H4C1	9606	0.961	0.0	0.028	0.0	0.371	0.915	0.0	0.333
9606.ENSP00000336701	9606.ENSP00000418960	RAD51C	BRCA1	9606	0.98	0.0	0.0	0.0	0.211	0.045	0.5	0.953
9606.ENSP00000336701	9606.ENSP00000493712	RAD51C	RAD51	9606	0.996	0.0	0.0	0.141	0.138	0.938	0.5	0.863
9606.ENSP00000336701	9606.ENSP00000352271	RAD51C	XRCC2	9606	0.999	0.0	0.0	0.0	0.158	0.855	0.9	0.989
9606.ENSP00000336701	9606.ENSP00000369497	RAD51C	BRCA2	9606	0.999	0.0	0.0	0.0	0.067	0.635	0.9	0.976
9606.ENSP00000336701	9606.ENSP00000466399	RAD51C	RAD51D	9606	0.999	0.0	0.0	0.0	0.095	0.882	0.9	0.991
9606.ENSP00000336701	9606.ENSP00000451974	RAD51C	XRCC3	9606	0.999	0.0	0.0	0.124	0.093	0.988	0.9	0.99
9606.ENSP00000337675	9606.ENSP00000405330	EBAG9	ESR1	9606	0.969	0.0	0.0	0.0	0.0	0.0	0.75	0.884
9606.ENSP00000338185	9606.ENSP00000361021	PLCB1	PTEN	9606	0.916	0.0	0.0	0.0	0.067	0.0	0.9	0.176
9606.ENSP00000339191	9606.ENSP00000361021	CAV1	PTEN	9606	0.912	0.0	0.0	0.0	0.0	0.345	0.0	0.872
9606.ENSP00000339191	9606.ENSP00000451828	CAV1	AKT1	9606	0.937	0.0	0.0	0.0	0.074	0.046	0.5	0.875
9606.ENSP00000339191	9606.ENSP00000363089	CAV1	TLR4	9606	0.962	0.0	0.0	0.0	0.051	0.292	0.0	0.949
9606.ENSP00000339191	9606.ENSP00000343925	CAV1	ESR2	9606	0.971	0.0	0.0	0.0	0.053	0.049	0.5	0.945
9606.ENSP00000339191	9606.ENSP00000405330	CAV1	ESR1	9606	0.998	0.0	0.0	0.0	0.053	0.624	0.5	0.992
9606.ENSP00000339191	9606.ENSP00000349541	CAV1	CAVIN1	9606	0.999	0.0	0.0	0.0	0.391	0.642	0.4	0.997
9606.ENSP00000339398	9606.ENSP00000353099	HLA-DQA1	HLA-DRB1	9606	0.991	0.0	0.0	0.0	0.378	0.362	0.54	0.959
9606.ENSP00000340684	9606.ENSP00000360372	MAOA	CYP2C19	9606	0.948	0.0	0.0	0.0	0.062	0.0	0.9	0.496
9606.ENSP00000340684	9606.ENSP00000354511	MAOA	COMT	9606	0.996	0.0	0.0	0.0	0.0	0.0	0.91	0.963
9606.ENSP00000341292	9606.ENSP00000376432	WNK1	KCNJ1	9606	0.936	0.0	0.0	0.0	0.0	0.11	0.0	0.931
9606.ENSP00000341785	9606.ENSP00000389814	ADIPOR1	ADIPOQ	9606	0.999	0.0	0.0	0.0	0.0	0.0	0.9	0.999
9606.ENSP00000342007	9606.ENSP00000346768	CYP1A2	UGT1A9	9606	0.915	0.0	0.0	0.0	0.068	0.0	0.681	0.738
9606.ENSP00000342007	9606.ENSP00000358903	CYP1A2	CYP17A1	9606	0.929	0.0	0.0	0.15	0.101	0.0	0.9	0.183
9606.ENSP00000342007	9606.ENSP00000478561	CYP1A2	CYP1B1	9606	0.936	0.0	0.0	0.101	0.095	0.0	0.913	0.205
9606.ENSP00000342007	9606.ENSP00000368727	CYP1A2	XDH	9606	0.948	0.0	0.0	0.0	0.077	0.0	0.91	0.432
9606.ENSP00000342007	9606.ENSP00000378488	CYP1A2	CYP1A1	9606	0.95	0.0	0.0	0.053	0.081	0.0	0.913	0.419
9606.ENSP00000342007	9606.ENSP00000360372	CYP1A2	CYP2C19	9606	0.951	0.0	0.0	0.167	0.172	0.0	0.908	0.32
9606.ENSP00000342007	9606.ENSP00000381607	CYP1A2	GSTP1	9606	0.96	0.0	0.0	0.0	0.109	0.045	0.9	0.585
9606.ENSP00000343636	9606.ENSP00000347942	GFRAL	RET	9606	0.998	0.0	0.0	0.0	0.0	0.909	0.0	0.988
9606.ENSP00000343896	9606.ENSP00000373952	SMARCA4	FANCA	9606	0.925	0.0	0.0	0.0	0.067	0.303	0.0	0.894
9606.ENSP00000343896	9606.ENSP00000479106	SMARCA4	H4C1	9606	0.929	0.0	0.0	0.0	0.049	0.927	0.0	0.072
9606.ENSP00000343896	9606.ENSP00000496168	SMARCA4	BCL11A	9606	0.956	0.0	0.0	0.0	0.063	0.076	0.9	0.56
9606.ENSP00000343896	9606.ENSP00000386660	SMARCA4	KDM3A	9606	0.972	0.0	0.0	0.0	0.062	0.0	0.65	0.924
9606.ENSP00000343896	9606.ENSP00000478887	SMARCA4	MYC	9606	0.974	0.0	0.0	0.0	0.047	0.731	0.0	0.909
9606.ENSP00000343896	9606.ENSP00000418960	SMARCA4	BRCA1	9606	0.983	0.0	0.0	0.0	0.056	0.628	0.0	0.957
9606.ENSP00000343896	9606.ENSP00000355759	SMARCA4	PARP1	9606	0.996	0.0	0.0	0.0	0.221	0.216	0.0	0.995
9606.ENSP00000343896	9606.ENSP00000490491	SMARCA4	ARID1B	9606	0.999	0.0	0.0	0.0	0.105	0.944	0.9	0.996
9606.ENSP00000343925	9606.ENSP00000379683	ESR2	CYP19A1	9606	0.925	0.0	0.0	0.0	0.048	0.056	0.0	0.923
9606.ENSP00000343925	9606.ENSP00000405330	ESR2	ESR1	9606	0.998	0.0	0.0	0.062	0.042	0.83	0.9	0.934
9606.ENSP00000344666	9606.ENSP00000351015	NF2	NF1	9606	0.97	0.0	0.0	0.0	0.049	0.0	0.0	0.97
9606.ENSP00000345751	9606.ENSP00000424827	SCNN1B	NEDD4	9606	0.996	0.0	0.0	0.0	0.0	0.968	0.0	0.898
9606.ENSP00000346148	9606.ENSP00000360290	PRKAA1	PRKAA2	9606	0.984	0.0	0.0	0.052	0.0	0.433	0.9	0.748
9606.ENSP00000346768	9606.ENSP00000379683	UGT1A9	CYP19A1	9606	0.926	0.0	0.0	0.0	0.067	0.0	0.909	0.208
9606.ENSP00000346768	9606.ENSP00000478561	UGT1A9	CYP1B1	9606	0.944	0.0	0.0	0.0	0.067	0.0	0.909	0.396
9606.ENSP00000346768	9606.ENSP00000378488	UGT1A9	CYP1A1	9606	0.966	0.0	0.0	0.0	0.073	0.0	0.909	0.631
9606.ENSP00000346768	9606.ENSP00000416002	UGT1A9	SLC35A2	9606	0.979	0.0	0.0	0.0	0.0	0.0	0.0	0.979
9606.ENSP00000346839	9606.ENSP00000385675	FN1	IL6	9606	0.9	0.0	0.0	0.0	0.087	0.0	0.0	0.895
9606.ENSP00000346839	9606.ENSP00000370473	FN1	IGFBP3	9606	0.967	0.0	0.0	0.0	0.211	0.51	0.0	0.923
9606.ENSP00000346839	9606.ENSP00000405330	FN1	ESR1	9606	0.969	0.0	0.0	0.0	0.0	0.9	0.0	0.707
9606.ENSP00000346839	9606.ENSP00000398698	FN1	TNF	9606	0.97	0.0	0.0	0.0	0.057	0.0	0.0	0.97
9606.ENSP00000346839	9606.ENSP00000363089	FN1	TLR4	9606	0.995	0.0	0.0	0.0	0.049	0.0	0.0	0.995
9606.ENSP00000347232	9606.ENSP00000368100	BLM	RAD50	9606	0.92	0.052	0.0	0.0	0.103	0.724	0.5	0.423
9606.ENSP00000347232	9606.ENSP00000369497	BLM	BRCA2	9606	0.935	0.0	0.0	0.0	0.342	0.0	0.8	0.551
9606.ENSP00000347232	9606.ENSP00000451974	BLM	XRCC3	9606	0.962	0.042	0.0	0.0	0.089	0.759	0.5	0.698
9606.ENSP00000347232	9606.ENSP00000418960	BLM	BRCA1	9606	0.974	0.0	0.0	0.0	0.437	0.691	0.5	0.742
9606.ENSP00000347232	9606.ENSP00000493712	BLM	RAD51	9606	0.998	0.042	0.0	0.0	0.437	0.97	0.5	0.891
9606.ENSP00000347232	9606.ENSP00000373952	BLM	FANCA	9606	0.999	0.0	0.0	0.0	0.344	0.994	0.0	0.835
9606.ENSP00000347942	9606.ENSP00000376345	RET	GRB2	9606	0.952	0.0	0.0	0.0	0.055	0.762	0.4	0.689
9606.ENSP00000348089	9606.ENSP00000378578	ERCC6	AFF1	9606	0.91	0.0	0.0	0.0	0.06	0.107	0.9	0.062
9606.ENSP00000348089	9606.ENSP00000385725	ERCC6	POLR2F	9606	0.958	0.0	0.0	0.0	0.0	0.909	0.5	0.16
9606.ENSP00000348089	9606.ENSP00000375809	ERCC6	ERCC2	9606	0.973	0.0	0.0	0.0	0.049	0.314	0.5	0.929
9606.ENSP00000349588	9606.ENSP00000368314	ANK2	NRCAM	9606	0.938	0.0	0.0	0.0	0.123	0.134	0.5	0.858
9606.ENSP00000349588	9606.ENSP00000455507	ANK2	OBSCN	9606	0.96	0.0	0.0	0.0	0.0	0.32	0.0	0.943
9606.ENSP00000349588	9606.ENSP00000487444	ANK2	SPTAN1	9606	0.995	0.0	0.0	0.0	0.116	0.113	0.5	0.99
9606.ENSP00000351255	9606.ENSP00000354394	STAT4	STAT1	9606	0.994	0.0	0.0	0.066	0.081	0.535	0.9	0.888
9606.ENSP00000351273	9606.ENSP00000365230	CASP8	BCL2L1	9606	0.933	0.0	0.0	0.0	0.042	0.51	0.0	0.869
9606.ENSP00000351273	9606.ENSP00000477613	CASP8	BIRC2	9606	0.971	0.0	0.0	0.0	0.085	0.784	0.0	0.865
9606.ENSP00000351273	9606.ENSP00000358327	CASP8	CASP7	9606	0.992	0.0	0.0	0.083	0.109	0.628	0.9	0.788
9606.ENSP00000351273	9606.ENSP00000398698	CASP8	TNF	9606	0.999	0.0	0.0	0.0	0.101	0.994	0.0	0.928
9606.ENSP00000351273	9606.ENSP00000498466	CASP8	FAS	9606	0.999	0.0	0.0	0.0	0.127	0.927	0.9	0.997
9606.ENSP00000352271	9606.ENSP00000418960	XRCC2	BRCA1	9606	0.954	0.0	0.0	0.0	0.186	0.0	0.5	0.897
9606.ENSP00000352271	9606.ENSP00000493712	XRCC2	RAD51	9606	0.981	0.0	0.0	0.0	0.164	0.71	0.5	0.866
9606.ENSP00000352271	9606.ENSP00000369497	XRCC2	BRCA2	9606	0.982	0.0	0.0	0.0	0.123	0.098	0.5	0.96
9606.ENSP00000352271	9606.ENSP00000466399	XRCC2	RAD51D	9606	0.999	0.0	0.0	0.0	0.114	0.949	0.9	0.999
9606.ENSP00000352271	9606.ENSP00000451974	XRCC2	XRCC3	9606	0.999	0.0	0.0	0.0	0.064	0.13	0.9	0.995
9606.ENSP00000354394	9606.ENSP00000369554	STAT1	IFNA2	9606	0.912	0.0	0.0	0.0	0.049	0.0	0.5	0.831
9606.ENSP00000354394	9606.ENSP00000405330	STAT1	ESR1	9606	0.915	0.0	0.0	0.0	0.043	0.304	0.5	0.775
9606.ENSP00000354394	9606.ENSP00000369581	STAT1	IFNB1	9606	0.954	0.0	0.0	0.0	0.106	0.0	0.5	0.906
9606.ENSP00000354394	9606.ENSP00000418960	STAT1	BRCA1	9606	0.958	0.0	0.0	0.0	0.043	0.292	0.0	0.943
9606.ENSP00000354394	9606.ENSP00000451828	STAT1	AKT1	9606	0.961	0.0	0.0	0.0	0.106	0.096	0.4	0.93
9606.ENSP00000354394	9606.ENSP00000385675	STAT1	IL6	9606	0.972	0.0	0.0	0.0	0.11	0.087	0.5	0.941
9606.ENSP00000354511	9606.ENSP00000478561	COMT	CYP1B1	9606	0.971	0.0	0.0	0.0	0.067	0.0	0.9	0.719
9606.ENSP00000354511	9606.ENSP00000378488	COMT	CYP1A1	9606	0.985	0.0	0.0	0.0	0.067	0.0	0.9	0.853
9606.ENSP00000354522	9606.ENSP00000355759	TOP1	PARP1	9606	0.936	0.0	0.0	0.0	0.06	0.628	0.0	0.831
9606.ENSP00000354923	9606.ENSP00000386881	DMD	DYSF	9606	0.959	0.0	0.0	0.0	0.042	0.0	0.0	0.959
9606.ENSP00000354923	9606.ENSP00000400365	DMD	LAMA2	9606	0.978	0.0	0.0	0.0	0.074	0.0	0.5	0.957
9606.ENSP00000355627	9606.ENSP00000398832	AGT	AGTR1	9606	0.999	0.0	0.0	0.0	0.06	0.994	0.9	0.999
9606.ENSP00000355759	9606.ENSP00000418960	PARP1	BRCA1	9606	0.974	0.0	0.0	0.0	0.085	0.596	0.0	0.935
9606.ENSP00000355759	9606.ENSP00000369497	PARP1	BRCA2	9606	0.985	0.0	0.0	0.0	0.06	0.621	0.4	0.942
9606.ENSP00000355759	9606.ENSP00000450607	PARP1	TIMELESS	9606	0.99	0.0	0.0	0.0	0.205	0.912	0.0	0.869
9606.ENSP00000355759	9606.ENSP00000358327	PARP1	CASP7	9606	0.995	0.0	0.0	0.0	0.062	0.706	0.9	0.848
9606.ENSP00000355995	9606.ENSP00000378488	HSD11B1	CYP1A1	9606	0.931	0.0	0.0	0.0	0.091	0.069	0.911	0.193
9606.ENSP00000356233	9606.ENSP00000478887	KDM5B	MYC	9606	0.966	0.0	0.0	0.0	0.074	0.328	0.8	0.762
9606.ENSP00000356771	9606.ENSP00000364709	F5	F10	9606	0.995	0.0	0.0	0.0	0.101	0.926	0.7	0.797
9606.ENSP00000356840	9606.ENSP00000418960	POU2F1	BRCA1	9606	0.919	0.0	0.0	0.0	0.07	0.722	0.0	0.713
9606.ENSP00000357643	9606.ENSP00000378699	MKI67	CDK1	9606	0.939	0.0	0.0	0.0	0.811	0.338	0.0	0.551
9606.ENSP00000358327	9606.ENSP00000477613	CASP7	BIRC2	9606	0.997	0.0	0.0	0.0	0.086	0.872	0.9	0.809
9606.ENSP00000358554	9606.ENSP00000451129	BCAS2	SNW1	9606	0.999	0.0	0.0	0.0	0.163	0.981	0.9	0.501
9606.ENSP00000358903	9606.ENSP00000378488	CYP17A1	CYP1A1	9606	0.925	0.0	0.0	0.139	0.062	0.0	0.9	0.187
9606.ENSP00000358903	9606.ENSP00000363794	CYP17A1	HSD17B8	9606	0.935	0.0	0.0	0.0	0.091	0.0	0.911	0.264
9606.ENSP00000358903	9606.ENSP00000379683	CYP17A1	CYP19A1	9606	0.971	0.0	0.0	0.249	0.048	0.052	0.906	0.614
9606.ENSP00000360293	9606.ENSP00000403954	SORBS1	TENM1	9606	0.937	0.0	0.0	0.0	0.074	0.292	0.0	0.913
9606.ENSP00000361021	9606.ENSP00000478887	PTEN	MYC	9606	0.908	0.0	0.0	0.0	0.044	0.317	0.0	0.87
9606.ENSP00000361021	9606.ENSP00000418915	PTEN	CDKN2A	9606	0.923	0.0	0.0	0.0	0.053	0.188	0.0	0.908
9606.ENSP00000361021	9606.ENSP00000430684	PTEN	IKBKB	9606	0.952	0.0	0.0	0.0	0.057	0.092	0.9	0.514
9606.ENSP00000361021	9606.ENSP00000424827	PTEN	NEDD4	9606	0.984	0.0	0.0	0.0	0.047	0.909	0.4	0.741
9606.ENSP00000361021	9606.ENSP00000451828	PTEN	AKT1	9606	0.988	0.0	0.0	0.0	0.0	0.648	0.0	0.967
9606.ENSP00000361043	9606.ENSP00000493712	RAD54L	RAD51	9606	0.992	0.042	0.0	0.0	0.737	0.709	0.0	0.903
9606.ENSP00000362183	9606.ENSP00000397026	GRIK3	GRIK2	9606	0.985	0.0	0.0	0.05	0.092	0.095	0.54	0.966
9606.ENSP00000362299	9606.ENSP00000411355	ENG	PTPRC	9606	0.91	0.0	0.0	0.0	0.052	0.0	0.0	0.909
9606.ENSP00000362873	9606.ENSP00000418438	NDUFA8	NDUFA3	9606	0.999	0.0	0.0	0.0	0.502	0.986	0.967	0.927
9606.ENSP00000363089	9606.ENSP00000430684	TLR4	IKBKB	9606	0.903	0.0	0.0	0.0	0.092	0.1	0.5	0.791
9606.ENSP00000363089	9606.ENSP00000398698	TLR4	TNF	9606	0.969	0.0	0.0	0.0	0.125	0.0	0.0	0.966
9606.ENSP00000363089	9606.ENSP00000385675	TLR4	IL6	9606	0.973	0.0	0.0	0.0	0.104	0.0	0.0	0.971
9606.ENSP00000363089	9606.ENSP00000369581	TLR4	IFNB1	9606	0.998	0.0	0.0	0.0	0.086	0.0	0.0	0.998
9606.ENSP00000363794	9606.ENSP00000378488	HSD17B8	CYP1A1	9606	0.926	0.0	0.0	0.0	0.091	0.0	0.911	0.153
9606.ENSP00000363794	9606.ENSP00000379683	HSD17B8	CYP19A1	9606	0.932	0.0	0.0	0.0	0.091	0.0	0.911	0.221
9606.ENSP00000363794	9606.ENSP00000478561	HSD17B8	CYP1B1	9606	0.933	0.0	0.0	0.0	0.091	0.0	0.911	0.241
9606.ENSP00000363822	9606.ENSP00000418960	AR	BRCA1	9606	0.908	0.0	0.0	0.0	0.0	0.612	0.0	0.773
9606.ENSP00000363822	9606.ENSP00000405330	AR	ESR1	9606	0.981	0.0	0.0	0.0	0.172	0.0	0.0	0.978
9606.ENSP00000363929	9606.ENSP00000405330	NCOA6	ESR1	9606	0.913	0.0	0.0	0.0	0.056	0.789	0.0	0.6
9606.ENSP00000365230	9606.ENSP00000367545	BCL2L1	TP73	9606	0.929	0.0	0.0	0.0	0.054	0.902	0.0	0.291
9606.ENSP00000365230	9606.ENSP00000451828	BCL2L1	AKT1	9606	0.991	0.0	0.0	0.0	0.095	0.292	0.9	0.888
9606.ENSP00000368100	9606.ENSP00000418960	RAD50	BRCA1	9606	0.999	0.0	0.0	0.0	0.072	0.994	0.54	0.762
9606.ENSP00000368632	9606.ENSP00000405330	GATA3	ESR1	9606	0.982	0.0	0.0	0.0	0.102	0.608	0.5	0.91
9606.ENSP00000369497	9606.ENSP00000498215	BRCA2	FANCB	9606	0.91	0.0	0.0	0.0	0.216	0.0	0.0	0.89
9606.ENSP00000369497	9606.ENSP00000377492	BRCA2	HMMR	9606	0.929	0.0	0.0	0.0	0.256	0.0	0.0	0.909
9606.ENSP00000369497	9606.ENSP00000373952	BRCA2	FANCA	9606	0.968	0.0	0.0	0.0	0.186	0.0	0.0	0.962
9606.ENSP00000369497	9606.ENSP00000466399	BRCA2	RAD51D	9606	0.983	0.0	0.0	0.0	0.058	0.506	0.5	0.937
9606.ENSP00000369497	9606.ENSP00000372023	BRCA2	CHEK2	9606	0.985	0.0	0.0	0.0	0.1	0.532	0.0	0.968
9606.ENSP00000369497	9606.ENSP00000493712	BRCA2	RAD51	9606	0.999	0.0	0.0	0.0	0.28	0.996	0.9	0.999
9606.ENSP00000369497	9606.ENSP00000418960	BRCA2	BRCA1	9606	0.999	0.0	0.0	0.0	0.383	0.896	0.9	0.999
9606.ENSP00000369497	9606.ENSP00000451974	BRCA2	XRCC3	9606	0.999	0.0	0.0	0.0	0.047	0.886	0.5	0.988
9606.ENSP00000369554	9606.ENSP00000385675	IFNA2	IL6	9606	0.903	0.0	0.0	0.0	0.074	0.0	0.0	0.9
9606.ENSP00000369581	9606.ENSP00000398698	IFNB1	TNF	9606	0.919	0.0	0.0	0.0	0.191	0.0	0.0	0.905
9606.ENSP00000369581	9606.ENSP00000385675	IFNB1	IL6	9606	0.922	0.0	0.0	0.0	0.185	0.0	0.0	0.908
9606.ENSP00000369857	9606.ENSP00000418960	ABRAXAS1	BRCA1	9606	0.999	0.0	0.0	0.0	0.056	0.994	0.9	0.997
9606.ENSP00000371175	9606.ENSP00000438085	GGA1	GGA3	9606	0.983	0.0	0.0	0.056	0.099	0.626	0.9	0.558
9606.ENSP00000372023	9606.ENSP00000493712	CHEK2	RAD51	9606	0.93	0.0	0.0	0.0	0.273	0.252	0.0	0.882
9606.ENSP00000372023	9606.ENSP00000418960	CHEK2	BRCA1	9606	0.999	0.0	0.0	0.0	0.218	0.842	0.5	0.997
9606.ENSP00000373347	9606.ENSP00000420321	SRGAP3	ROBO1	9606	0.979	0.0	0.0	0.0	0.0	0.132	0.9	0.784
9606.ENSP00000373952	9606.ENSP00000493712	FANCA	RAD51	9606	0.936	0.0	0.0	0.0	0.33	0.162	0.0	0.895
9606.ENSP00000373952	9606.ENSP00000418960	FANCA	BRCA1	9606	0.995	0.0	0.0	0.0	0.328	0.702	0.0	0.977
9606.ENSP00000373952	9606.ENSP00000498215	FANCA	FANCB	9606	0.999	0.0	0.0	0.0	0.095	0.998	0.9	0.999
9606.ENSP00000375632	9606.ENSP00000385725	RPS9	POLR2F	9606	0.913	0.12	0.0	0.0	0.773	0.429	0.0	0.333
9606.ENSP00000375632	9606.ENSP00000429931	RPS9	EIF3H	9606	0.933	0.0	0.0	0.0	0.345	0.833	0.0	0.443
9606.ENSP00000375632	9606.ENSP00000436049	RPS9	EIF3M	9606	0.949	0.0	0.0	0.0	0.67	0.817	0.0	0.224
9606.ENSP00000375809	9606.ENSP00000385725	ERCC2	POLR2F	9606	0.972	0.0	0.0	0.0	0.049	0.939	0.5	0.16
9606.ENSP00000375809	9606.ENSP00000452454	ERCC2	GTF2A1	9606	0.991	0.0	0.0	0.0	0.049	0.915	0.9	0.0
9606.ENSP00000376272	9606.ENSP00000472445	RFC4	POLD1	9606	0.916	0.0	0.0	0.0	0.383	0.15	0.5	0.718
9606.ENSP00000376272	9606.ENSP00000418960	RFC4	BRCA1	9606	0.94	0.0	0.0	0.0	0.27	0.164	0.5	0.827
9606.ENSP00000376345	9606.ENSP00000451828	GRB2	AKT1	9606	0.907	0.0	0.0	0.0	0.049	0.1	0.0	0.9
9606.ENSP00000376345	9606.ENSP00000484824	GRB2	MUC1	9606	0.921	0.0	0.0	0.0	0.0	0.386	0.0	0.878
9606.ENSP00000376345	9606.ENSP00000380638	GRB2	PTK2B	9606	0.951	0.0	0.0	0.0	0.076	0.636	0.0	0.866
9606.ENSP00000376345	9606.ENSP00000391669	GRB2	BCAR1	9606	0.982	0.0	0.0	0.0	0.042	0.627	0.0	0.955
9606.ENSP00000376345	9606.ENSP00000410294	GRB2	FGFR2	9606	0.993	0.0	0.0	0.0	0.055	0.733	0.9	0.756
9606.ENSP00000376457	9606.ENSP00000378699	ECT2	CDK1	9606	0.963	0.0	0.0	0.0	0.774	0.071	0.0	0.838
9606.ENSP00000377245	9606.ENSP00000496779	KEAP1	LZTR1	9606	0.909	0.0	0.0	0.0	0.066	0.0	0.9	0.106
9606.ENSP00000377245	9606.ENSP00000401878	KEAP1	KBTBD8	9606	0.916	0.0	0.0	0.094	0.0	0.094	0.9	0.104
9606.ENSP00000377245	9606.ENSP00000430684	KEAP1	IKBKB	9606	0.997	0.0	0.0	0.0	0.092	0.833	0.0	0.983
9606.ENSP00000377492	9606.ENSP00000378699	HMMR	CDK1	9606	0.931	0.0	0.0	0.0	0.829	0.094	0.0	0.59
9606.ENSP00000377492	9606.ENSP00000418960	HMMR	BRCA1	9606	0.964	0.0	0.0	0.0	0.364	0.419	0.0	0.912
9606.ENSP00000378488	9606.ENSP00000478561	CYP1A1	CYP1B1	9606	0.937	0.0	0.0	0.095	0.135	0.0	0.913	0.177
9606.ENSP00000378488	9606.ENSP00000379683	CYP1A1	CYP19A1	9606	0.953	0.0	0.0	0.251	0.0	0.052	0.913	0.334
9606.ENSP00000378488	9606.ENSP00000381607	CYP1A1	GSTP1	9606	0.974	0.0	0.0	0.0	0.109	0.045	0.9	0.735
9606.ENSP00000378699	9606.ENSP00000434614	CDK1	CDC27	9606	0.942	0.0	0.0	0.0	0.07	0.417	0.65	0.734
9606.ENSP00000379612	9606.ENSP00000477613	TAX1BP1	BIRC2	9606	0.912	0.0	0.0	0.0	0.246	0.231	0.5	0.734
9606.ENSP00000379612	9606.ENSP00000481570	TAX1BP1	TNFAIP3	9606	0.996	0.0	0.0	0.0	0.056	0.831	0.9	0.81
9606.ENSP00000379683	9606.ENSP00000405330	CYP19A1	ESR1	9606	0.927	0.0	0.0	0.0	0.042	0.056	0.0	0.925
9606.ENSP00000380638	9606.ENSP00000391669	PTK2B	BCAR1	9606	0.998	0.0	0.0	0.0	0.0	0.736	0.9	0.95
9606.ENSP00000381607	9606.ENSP00000478561	GSTP1	CYP1B1	9606	0.973	0.0	0.0	0.0	0.109	0.045	0.9	0.722
9606.ENSP00000382423	9606.ENSP00000391669	MAP3K1	BCAR1	9606	0.909	0.0	0.0	0.0	0.0	0.071	0.9	0.101
9606.ENSP00000382423	9606.ENSP00000430684	MAP3K1	IKBKB	9606	0.982	0.0	0.0	0.0	0.125	0.636	0.9	0.514
9606.ENSP00000382800	9606.ENSP00000415151	RUNX3	CBFB	9606	0.999	0.0	0.0	0.0	0.048	0.905	0.9	0.997
9606.ENSP00000384964	9606.ENSP00000417404	TMPRSS6	HFE	9606	0.933	0.0	0.0	0.0	0.042	0.0	0.0	0.933
9606.ENSP00000385675	9606.ENSP00000398698	IL6	TNF	9606	0.994	0.0	0.0	0.0	0.261	0.0	0.4	0.989
9606.ENSP00000385725	9606.ENSP00000452454	POLR2F	GTF2A1	9606	0.946	0.0	0.0	0.0	0.0	0.896	0.5	0.045
9606.ENSP00000391669	9606.ENSP00000405330	BCAR1	ESR1	9606	0.941	0.0	0.0	0.0	0.0	0.513	0.0	0.885
9606.ENSP00000394794	9606.ENSP00000498466	PTPN13	FAS	9606	0.97	0.0	0.0	0.0	0.06	0.625	0.0	0.923
9606.ENSP00000395738	9606.ENSP00000401564	TRMT2A	RANBP1	9606	0.933	0.0	0.0	0.0	0.098	0.0	0.0	0.928
9606.ENSP00000398698	9606.ENSP00000451828	TNF	AKT1	9606	0.907	0.0	0.0	0.0	0.074	0.057	0.0	0.903
9606.ENSP00000398698	9606.ENSP00000403495	TNF	LTA	9606	0.984	0.0	0.0	0.11	0.223	0.292	0.9	0.73
9606.ENSP00000398698	9606.ENSP00000498466	TNF	FAS	9606	0.997	0.0	0.0	0.0	0.128	0.292	0.0	0.997
9606.ENSP00000398698	9606.ENSP00000430684	TNF	IKBKB	9606	0.999	0.0	0.0	0.0	0.089	0.994	0.5	0.934
9606.ENSP00000398698	9606.ENSP00000477613	TNF	BIRC2	9606	0.999	0.0	0.0	0.0	0.069	0.994	0.5	0.785
9606.ENSP00000398698	9606.ENSP00000481570	TNF	TNFAIP3	9606	0.999	0.0	0.0	0.0	0.479	0.994	0.5	0.664
9606.ENSP00000401878	9606.ENSP00000496779	KBTBD8	LZTR1	9606	0.912	0.0	0.0	0.0	0.0	0.0	0.9	0.162
9606.ENSP00000405330	9606.ENSP00000451828	ESR1	AKT1	9606	0.913	0.0	0.0	0.0	0.055	0.314	0.0	0.877
9606.ENSP00000405330	9606.ENSP00000478887	ESR1	MYC	9606	0.982	0.0	0.0	0.0	0.053	0.62	0.5	0.913
9606.ENSP00000405330	9606.ENSP00000418960	ESR1	BRCA1	9606	0.999	0.0	0.0	0.0	0.0	0.904	0.0	0.995
9606.ENSP00000418915	9606.ENSP00000478887	CDKN2A	MYC	9606	0.998	0.0	0.0	0.0	0.055	0.783	0.9	0.929
9606.ENSP00000418960	9606.ENSP00000434614	BRCA1	CDC27	9606	0.923	0.0	0.0	0.0	0.082	0.0	0.9	0.23
9606.ENSP00000418960	9606.ENSP00000472445	BRCA1	POLD1	9606	0.937	0.0	0.0	0.0	0.189	0.421	0.54	0.743
9606.ENSP00000418960	9606.ENSP00000466399	BRCA1	RAD51D	9606	0.953	0.0	0.0	0.0	0.108	0.045	0.5	0.903
9606.ENSP00000418960	9606.ENSP00000451974	BRCA1	XRCC3	9606	0.953	0.0	0.0	0.0	0.058	0.045	0.5	0.908
9606.ENSP00000418960	9606.ENSP00000451828	BRCA1	AKT1	9606	0.993	0.0	0.0	0.0	0.0	0.735	0.9	0.786
9606.ENSP00000418960	9606.ENSP00000478887	BRCA1	MYC	9606	0.999	0.0	0.0	0.0	0.049	0.825	0.0	0.995
9606.ENSP00000418960	9606.ENSP00000493712	BRCA1	RAD51	9606	0.999	0.0	0.0	0.0	0.501	0.923	0.8	0.999
9606.ENSP00000429931	9606.ENSP00000436049	EIF3H	EIF3M	9606	0.999	0.0	0.0	0.0	0.897	0.997	0.9	0.871
9606.ENSP00000430684	9606.ENSP00000484824	IKBKB	MUC1	9606	0.941	0.0	0.0	0.0	0.042	0.331	0.0	0.916
9606.ENSP00000430684	9606.ENSP00000451828	IKBKB	AKT1	9606	0.99	0.0	0.0	0.0	0.152	0.775	0.9	0.57
9606.ENSP00000451828	9606.ENSP00000478887	AKT1	MYC	9606	0.928	0.0	0.0	0.0	0.0	0.169	0.0	0.918
9606.ENSP00000451974	9606.ENSP00000482313	XRCC3	RECQL4	9606	0.905	0.042	0.0	0.0	0.266	0.759	0.0	0.505
9606.ENSP00000451974	9606.ENSP00000466399	XRCC3	RAD51D	9606	0.978	0.0	0.0	0.0	0.049	0.496	0.9	0.608
9606.ENSP00000451974	9606.ENSP00000493712	XRCC3	RAD51	9606	0.998	0.0	0.0	0.177	0.067	0.955	0.5	0.93
9606.ENSP00000472445	9606.ENSP00000493712	POLD1	RAD51	9606	0.921	0.054	0.0	0.0	0.214	0.622	0.4	0.607
9606.ENSP00000474725	9606.ENSP00000478887	FBXW7	MYC	9606	0.999	0.0	0.0	0.0	0.0	0.998	0.0	0.935
9606.ENSP00000477613	9606.ENSP00000481570	BIRC2	TNFAIP3	9606	0.931	0.0	0.0	0.0	0.101	0.663	0.5	0.599
9606.ENSP00000482313	9606.ENSP00000493712	RECQL4	RAD51	9606	0.982	0.042	0.0	0.0	0.278	0.844	0.0	0.855
9606.ENSP00000490491	9606.ENSP00000496168	ARID1B	BCL11A	9606	0.967	0.0	0.0	0.0	0.044	0.053	0.9	0.685
