node_label,queryItem,stringId,preferredName
AAR2,AAR2,4932.YBL074C,AAR2
ABF1,ABF1,4932.YKL112W,ABF1
ACT1,ACT1,4932.YFL039C,ACT1
ADA2,ADA2,4932.YDR448W,ADA2
AFG3,AFG3,4932.YER017C,AFG3
AHC1,AHC1,4932.YOR023C,AHC1
AIR1,AIR1,4932.YIL079C,AIR1
AIR2,AIR2,4932.YDL175C,AIR2
ALG13,ALG13,4932.YGL047W,ALG13
ALG14,ALG14,4932.YBR070C,ALG14
AME1,AME1,4932.YBR211C,AME1
ANP1,ANP1,4932.YEL036C,ANP1
AOS1,AOS1,4932.YPR180W,AOS1
APC1,APC1,4932.YNL172W,APC1
APC11,APC11,4932.YDL008W,APC11
APC2,APC2,4932.YLR127C,APC2
APC4,APC4,4932.YDR118W,APC4
APC5,APC5,4932.YOR249C,APC5
APC9,APC9,4932.YLR102C,APC9
APL1,APL1,4932.YJR005W,APL1
APL2,APL2,4932.YKL135C,APL2
APL3,APL3,4932.YBL037W,APL3
APL4,APL4,4932.YPR029C,APL4
APL5,APL5,4932.YPL195W,APL5
APL6,APL6,4932.YGR261C,APL6
APM1,APM1,4932.YPL259C,APM1
APM2,APM2,4932.YHL019C,APM2
APM3,APM3,4932.YBR288C,APM3
APM4,APM4,4932.YOL062C,APM4
APS1,APS1,4932.YLR170C,APS1
APS2,APS2,4932.YJR058C,APS2
APS3,APS3,4932.YJL024C,APS3
ARC1,ARC1,4932.YGL105W,ARC1
ARC15,ARC15,4932.YIL062C,ARC15
ARC18,ARC18,4932.YLR370C,ARC18
ARC19,ARC19,4932.YKL013C,ARC19
ARC35,ARC35,4932.YNR035C,ARC35
ARC40,ARC40,4932.YBR234C,ARC40
ARD1,ARD1,4932.YHR013C,ARD1
ARF1,ARF1,4932.YDL192W,ARF1
ARG80,ARG80,4932.YMR042W,ARG80
ARG81,ARG81,4932.YML099C,ARG81
ARG82,ARG82,4932.YDR173C,ARG82
ARP1,ARP1,4932.YHR129C,ARP1
ARP10,ARP10,4932.YDR106W,ARP10
ARP2,ARP2,4932.YDL029W,ARP2
ARP3,ARP3,4932.YJR065C,ARP3
ARP4,ARP4,4932.YJL081C,ARP4
ARP5,ARP5,4932.YNL059C,ARP5
ARP6,ARP6,4932.YLR085C,ARP6
ARP7,ARP7,4932.YPR034W,ARP7
ARP8,ARP8,4932.YOR141C,ARP8
ARP9,ARP9,4932.YMR033W,ARP9
ASC1,ASC1,4932.YMR116C,ASC1
ASF1,ASF1,4932.YJL115W,ASF1
ASH1,ASH1,4932.YKL185W,ASH1
ASK1,ASK1,4932.YKL052C,ASK1
ASM4,ASM4,4932.YDL088C,ASM4
ATG12,ATG12,4932.YBR217W,ATG12
ATG14,ATG14,4932.YBR128C,ATG14
ATG16,ATG16,4932.YMR159C,ATG16
ATG20,ATG20,4932.YDL113C,ATG20
ATG32,ECM17,4932.YIL146C,ATG32
ATG5,ATG5,4932.YPL149W,ATG5
ATP1,ATP1,4932.YBL099W,ATP1
ATP14,ATP14,4932.YLR295C,ATP14
ATP15,ATP15,4932.YPL271W,ATP15
ATP16,ATP16,4932.YDL004W,ATP16
ATP17,ATP17,4932.YDR377W,ATP17
ATP18,ATP18,4932.YML081C-A,ATP18
ATP19,ATP19,4932.YOL077W-A,ATP19
ATP2,ATP2,4932.YJR121W,ATP2
ATP20,ATP20,4932.YPR020W,ATP20
ATP3,ATP3,4932.YBR039W,ATP3
ATP4,ATP4,4932.YPL078C,ATP4
ATP5,ATP5,4932.YDR298C,ATP5
ATP6,ATP6,4932.Q0085,ATP6
ATP7,ATP7,4932.YKL016C,ATP7
ATP8,ATP8,4932.Q0080,ATP8
AVO1,AVO1,4932.YOL078W,AVO1
AVO2,AVO2,4932.YMR068W,AVO2
BBP1,BBP1,4932.YPL255W,BBP1
BCH1,BCH1,4932.YMR237W,BCH1
BCH2,BCH2,4932.YKR027W,BCH2
BCY1,BCY1,4932.YIL033C,BCY1
BDP1,BDP1,4932.YNL039W,BDP1
BET2,BET2,4932.YPR176C,BET2
BET3,BET3,4932.YKR068C,BET3
BET4,BET4,4932.YJL031C,BET4
BET5,BET5,4932.YML077W,BET5
BFA1,BFA1,4932.YJR053W,BFA1
BI3,BI3,4932.Q0115,BI3
BI4,BI4,4932.Q0120,BI4
BIR1,BIR1,4932.YJR089W,BIR1
BIT61,BIT61,4932.YJL058C,BIT61
BNI4,BNI4,4932.YNL233W,BNI4
BRE1,BRE1,4932.YDL074C,BRE1
BRE2,BRE2,4932.YLR015W,BRE2
BRE5,BRE5,4932.YNR051C,BRE5
BRF1,BRF1,4932.YGR246C,BRF1
BRN1,BRN1,4932.YBL097W,BRN1
BRR2,BRR2,4932.YER172C,BRR2
BTT1,BTT1,4932.YDR252W,BTT1
BUB1,BUB1,4932.YGR188C,BUB1
BUB2,BUB2,4932.YMR055C,BUB2
BUB3,BUB3,4932.YOR026W,BUB3
BUD13,BUD13,4932.YGL174W,BUD13
BUD14,BUD14,4932.YAR014C,BUD14
BUD6,BUD6,4932.YLR319C,BUD6
BUD7,BUD7,4932.YOR299W,BUD7
BUG1,BUG1,4932.YDL099W,BUG1
BUL1,BUL1,4932.YMR275C,BUL1
BUL2,BUL2,4932.YML111W,BUL2
BUR2,BUR2,4932.YLR226W,BUR2
BUR6,BUR6,4932.YER159C,BUR6
CAC2,CAC2,4932.YML102W,CAC2
CAF130,CAF130,4932.YGR134W,CAF130
CAF40,CAF40,4932.YNL288W,CAF40
CAM1,CAM1,4932.YPL048W,CAM1
CBC2,CBC2,4932.YPL178W,CBC2
CBF1,CBF1,4932.YJR060W,CBF1
CBF2,CBF2,4932.YGR140W,CBF2
CBK1,CBK1,4932.YNL161W,CBK1
CCL1,CCL1,4932.YPR025C,CCL1
CCR4,CCR4,4932.YAL021C,CCR4
CCS1,CCS1,4932.YMR038C,CCS1
CCT2,CCT2,4932.YIL142W,CCT2
CCT3,CCT3,4932.YJL014W,CCT3
CCT4,CCT4,4932.YDL143W,CCT4
CCT5,CCT5,4932.YJR064W,CCT5
CCT6,CCT6,4932.YDR188W,CCT6
CCT7,CCT7,4932.YJL111W,CCT7
CCT8,CCT8,4932.YJL008C,CCT8
CCZ1,CCZ1,4932.YBR131W,CCZ1
CDC14,CDC14,4932.YFR028C,CDC14
CDC16,CDC16,4932.YKL022C,CDC16
CDC20,CDC20,4932.YGL116W,CDC20
CDC23,CDC23,4932.YHR166C,CDC23
CDC24,CDC24,4932.YAL041W,CDC24
CDC26,CDC26,4932.YFR036W,CDC26
CDC27,CDC27,4932.YBL084C,CDC27
CDC28,CDC28,4932.YBR160W,CDC28
CDC33,CDC33,4932.YOL139C,CDC33
CDC34,CDC34,4932.YDR054C,CDC34
CDC36,CDC36,4932.YDL165W,CDC36
CDC39,CDC39,4932.YCR093W,CDC39
CDC4,CDC4,4932.YFL009W,CDC4
CDC42,CDC42,4932.YLR229C,CDC42
CDC48,CDC48,4932.YDL126C,CDC48
CDC53,CDC53,4932.YDL132W,CDC53
CDC55,CDC55,4932.YGL190C,CDC55
CDC7,CDC7,4932.YDL017W,CDC7
CDC73,CDC73,4932.YLR418C,CDC73
CDH1,CDH1,4932.YGL003C,CDH1
CEF1,CEF1,4932.YMR213W,CEF1
CEG1,CEG1,4932.YGL130W,CEG1
CEP3,CEP3,4932.YMR168C,CEP3
CET1,CET1,4932.YPL228W,CET1
CFT1,CFT1,4932.YDR301W,CFT1
CFT2,CFT2,4932.YLR115W,CFT2
CHC1,CHC1,4932.YGL206C,CHC1
CHD1,CHD1,4932.YER164W,CHD1
CHS5,CHS5,4932.YLR330W,CHS5
CHS6,CHS6,4932.YJL099W,CHS6
CHZ1,CHZ1,4932.YER030W,CHZ1
CKA1,CKA1,4932.YIL035C,CKA1
CKA2,CKA2,4932.YOR061W,CKA2
CKB1,CKB1,4932.YGL019W,CKB1
CKB2,CKB2,4932.YOR039W,CKB2
CLB1,CLB1,4932.YGR108W,CLB1
CLB2,CLB2,4932.YPR119W,CLB2
CLB3,CLB3,4932.YDL155W,CLB3
CLB4,CLB4,4932.YLR210W,CLB4
CLB5,CLB5,4932.YPR120C,CLB5
CLB6,CLB6,4932.YGR109C,CLB6
CLC1,CLC1,4932.YGR167W,CLC1
CLF1,CLF1,4932.YLR117C,CLF1
CLN1,CLN1,4932.YMR199W,CLN1
CLN2,CLN2,4932.YPL256C,CLN2
CLN3,CLN3,4932.YAL040C,CLN3
CLP1,CLP1,4932.YOR250C,CLP1
CLU1,CLU1,4932.YMR012W,CLU1
CMD1,CMD1,4932.YBR109C,CMD1
CMP2,CMP2,4932.YML057W,CMP2
CNA1,CNA1,4932.YLR433C,CNA1
CNB1,CNB1,4932.YKL190W,CNB1
CNM67,CNM67,4932.YNL225C,CNM67
COB,COB,4932.Q0105,COB
COG1,COG1,4932.YGL223C,COG1
COG2,COG2,4932.YGR120C,COG2
COG3,COG3,4932.YER157W,COG3
COG4,COG4,4932.YPR105C,COG4
COG5,COG5,4932.YNL051W,COG5
COG6,COG6,4932.YNL041C,COG6
COG7,COG7,4932.YGL005C,COG7
COG8,COG8,4932.YML071C,COG8
COP1,COP1,4932.YDL145C,COP1
COR1,COR1,4932.YBL045C,COR1
COX1,COX1,4932.Q0045,COX1
COX12,COX12,4932.YLR038C,COX12
COX13,COX13,4932.YGL191W,COX13
COX14,COX14,4932.YML129C,COX14
COX2,COX2,4932.Q0250,COX2
COX3,COX3,4932.Q0275,COX3
COX4,COX4,4932.YGL187C,COX4
COX5A,COX5A,4932.YNL052W,COX5A
COX6,COX6,4932.YHR051W,COX6
COX7,COX7,4932.YMR256C,COX7
COX8,COX8,4932.YLR395C,COX8
COX9,COX9,4932.YDL067C,COX9
CPR1,CPR1,4932.YDR155C,CPR1
CSE2,CSE2,4932.YNR010W,CSE2
CSI1,CSI1,4932.YMR025W,CSI1
CSL4,CSL4,4932.YNL232W,CSL4
CSM1,CSM1,4932.YCR086W,CSM1
CSM3,CSM3,4932.YMR048W,CSM3
CSN9,CSN9,4932.YDR179C,CSN9
CTF13,CTF13,4932.YMR094W,CTF13
CTF18,CTF18,4932.YMR078C,CTF18
CTF19,CTF19,4932.YPL018W,CTF19
CTF3,CTF3,4932.YLR381W,CTF3
CTF8,CTF8,4932.YHR191C,CTF8
CTI6,CTI6,4932.YPL181W,CTI6
CTK1,CTK1,4932.YKL139W,CTK1
CTK2,CTK2,4932.YJL006C,CTK2
CTK3,CTK3,4932.YML112W,CTK3
CTR9,CTR9,4932.YOL145C,CTR9
CUL3,CUL3,4932.YGR003W,CUL3
CUS1,CUS1,4932.YMR240C,CUS1
CUS2,CUS2,4932.YNL286W,CUS2
CYC8,CYC8,4932.YBR112C,CYC8
CYR1,CYR1,4932.YJL005W,CYR1
CYT1,CYT1,4932.YOR065W,CYT1
DAD1,DAD1,4932.YDR016C,DAD1
DAD2,DAD2,4932.YKR083C,DAD2
DAD3,DAD3,4932.YBR233W-A,DAD3
DAD4,DAD4,4932.YDR320C-A,DAD4
DAM1,DAM1,4932.YGR113W,DAM1
DBF2,DBF2,4932.YGR092W,DBF2
DBF4,DBF4,4932.YDR052C,DBF4
DBP6,DBP6,4932.YNR038W,DBP6
DCC1,DCC1,4932.YCL016C,DCC1
DCP1,DCP1,4932.YOL149W,DCP1
DCP2,DCP2,4932.YNL118C,DCP2
DCS1,DCS1,4932.YLR270W,DCS1
DCS2,DCS2,4932.YOR173W,DCS2
DDC1,DDC1,4932.YPL194W,DDC1
DEF1,DEF1,4932.YKL054C,DEF1
DEP1,DEP1,4932.YAL013W,DEP1
DER1,DER1,4932.YBR201W,DER1
DIB1,DIB1,4932.YPR082C,DIB1
DID4,DID4,4932.YKL002W,DID4
DIG1,DIG1,4932.YPL049C,DIG1
DIG2,DIG2,4932.YDR480W,DIG2
DIP2,DIP2,4932.YLR129W,DIP2
DIS3,DIS3,4932.YOL021C,DIS3
DLS1,DLS1,4932.YJL065C,DLS1
DNL4,DNL4,4932.YOR005C,DNL4
DOC1,DOC1,4932.YGL240W,DOC1
DPB11,DPB11,4932.YJL090C,DPB11
DPB2,DPB2,4932.YPR175W,DPB2
DPB3,DPB3,4932.YBR278W,DPB3
DPB4,DPB4,4932.YDR121W,DPB4
DSL1,DSL1,4932.YNL258C,DSL1
DSN1,DSN1,4932.YIR010W,DSN1
DSS1,DSS1,4932.YMR287C,DSS1
DUO1,DUO1,4932.YGL061C,DUO1
DYN1,DYN1,4932.YKR054C,DYN1
DYN2,DYN2,4932.YDR424C,DYN2
DYN3,DYN3,4932.YMR299C,DYN3
EAF1,EAF1,4932.YDR359C,EAF1
EAF3,EAF3,4932.YPR023C,EAF3
EAF5,EAF5,4932.YEL018W,EAF5
EAF6,EAF6,4932.YJR082C,EAF6
EAF7,EAF7,4932.YNL136W,EAF7
ECM29,ECM29,4932.YHL030W,ECM29
EFB1,EFB1,4932.YAL003W,EFB1
EGD1,EGD1,4932.YPL037C,EGD1
EGD2,EGD2,4932.YHR193C,EGD2
ELA1,ELA1,4932.YNL230C,ELA1
ELC1,ELC1,4932.YPL046C,ELC1
ELG1,ELG1,4932.YOR144C,ELG1
ELP2,ELP2,4932.YGR200C,ELP2
ELP3,ELP3,4932.YPL086C,ELP3
ELP4,ELP4,4932.YPL101W,ELP4
ELP6,ELP6,4932.YMR312W,ELP6
EMP24,EMP24,4932.YGL200C,EMP24
END3,END3,4932.YNL084C,END3
EPL1,EPL1,4932.YFL024C,EPL1
ERP1,ERP1,4932.YAR002C-A,ERP1
ERP2,ERP2,4932.YAL007C,ERP2
ERV25,ERV25,4932.YML012W,ERV25
ERV41,ERV41,4932.YML067C,ERV41
ERV46,ERV46,4932.YAL042W,ERV46
ESA1,ESA1,4932.YOR244W,ESA1
ESP1,ESP1,4932.YGR098C,ESP1
EST1,EST1,4932.YLR233C,EST1
EST2,EST2,4932.YLR318W,EST2
EST3,EST3,4932.YIL009C-A,EST3
EXO70,EXO70,4932.YJL085W,EXO70
EXO84,EXO84,4932.YBR102C,EXO84
FAR1,FAR1,4932.YJL157C,FAR1
FAR10,FAR10,4932.YLR238W,FAR10
FAR11,FAR11,4932.YNL127W,FAR11
FAR3,FAR3,4932.YMR052W,FAR3
FAR7,FAR7,4932.YFR008W,FAR7
FAR8,FAR8,4932.YMR029C,FAR8
FET3,FET3,4932.YMR058W,FET3
FET5,FET5,4932.YFL041W,FET5
FIG4,FIG4,4932.YNL325C,FIG4
FIP1,FIP1,4932.YJR093C,FIP1
FKS1,FKS1,4932.YLR342W,FKS1
FRS1,FRS1,4932.YLR060W,FRS1
FRS2,FRS2,4932.YFL022C,FRS2
FTH1,FTH1,4932.YBR207W,FTH1
FTR1,FTR1,4932.YER145C,FTR1
FUS3,FUS3,4932.YBL016W,FUS3
FZO1,FZO1,4932.YBR179C,FZO1
GAC1,GAC1,4932.YOR178C,GAC1
GAL11,GAL11,4932.YOL051W,GAL11
GAL3,GAL3,4932.YDR009W,GAL3
GAL4,GAL4,4932.YPL248C,GAL4
GAL80,GAL80,4932.YML051W,GAL80
GAL83,GAL83,4932.YER027C,GAL83
GCD1,GCD1,4932.YOR260W,GCD1
GCD10,GCD10,4932.YNL062C,GCD10
GCD11,GCD11,4932.YER025W,GCD11
GCD14,GCD14,4932.YJL125C,GCD14
GCD2,GCD2,4932.YGR083C,GCD2
GCD6,GCD6,4932.YDR211W,GCD6
GCD7,GCD7,4932.YLR291C,GCD7
GCN1,GCN1,4932.YGL195W,GCN1
GCN20,GCN20,4932.YFR009W,GCN20
GCN3,GCN3,4932.YKR026C,GCN3
GCN5,GCN5,4932.YGR252W,GCN5
GCV1,GCV1,4932.YDR019C,GCV1
GCV2,GCV2,4932.YMR189W,GCV2
GCV3,GCV3,4932.YAL044C,GCV3
GET1,GET1,4932.YGL020C,GET1
GET2,GET2,4932.YER083C,GET2
GET3,GET3,4932.YDL100C,GET3
GIM3,GIM3,4932.YNL153C,GIM3
GIM4,GIM4,4932.YEL003W,GIM4
GIM5,GIM5,4932.YML094W,GIM5
GIP1,GIP1,4932.YBR045C,GIP1
GLC7,GLC7,4932.YER133W,GLC7
GLE1,GLE1,4932.YDL207W,GLE1
GLO3,GLO3,4932.YER122C,GLO3
GPA1,GPA1,4932.YHR005C,GPA1
GRH1,GRH1,4932.YDR517W,GRH1
GRR1,GRR1,4932.YJR090C,GRR1
GSC2,GSC2,4932.YGR032W,GSC2
GTR1,GTR1,4932.YML121W,GTR1
GTR2,GTR2,4932.YGR163W,GTR2
GUS1,GUS1,4932.YGL245W,GUS1
GYL1,GYL1,4932.YMR192W,GYL1
GYP5,GYP5,4932.YPL249C,GYP5
HAP2,HAP2,4932.YGL237C,HAP2
HAP3,HAP3,4932.YBL021C,HAP3
HAP4,HAP4,4932.YKL109W,HAP4
HAP5,HAP5,4932.YOR358W,HAP5
HAT1,HAT1,4932.YPL001W,HAT1
HAT2,HAT2,4932.YEL056W,HAT2
HCR1,HCR1,4932.YLR192C,HCR1
HDA1,HDA1,4932.YNL021W,HDA1
HDA2,HDA2,4932.YDR295C,HDA2
HDA3,HDA3,4932.YPR179C,HDA3
HFI1,HFI1,4932.YPL254W,HFI1
HHF1,HHF1,4932.YBR009C,HHF1
HHF2,HHF2,4932.YNL030W,HHF2
HHT1,HHT1,4932.YBR010W,HHT1
HHT2,HHT2,4932.YNL031C,HHT2
HIF1,HIF1,4932.YLL022C,HIF1
HIR1,HIR1,4932.YBL008W,HIR1
HIR2,HIR2,4932.YOR038C,HIR2
HIR3,HIR3,4932.YJR140C,HIR3
HOC1,HOC1,4932.YJR075W,HOC1
HOP1,HOP1,4932.YIL072W,HOP1
HOP2,HOP2,4932.YGL033W,HOP2
HOS2,HOS2,4932.YGL194C,HOS2
HOS4,HOS4,4932.YIL112W,HOS4
HPC2,HPC2,4932.YBR215W,HPC2
HPR1,HPR1,4932.YDR138W,HPR1
HRD1,HRD1,4932.YOL013C,HRD1
HRD3,HRD3,4932.YLR207W,HRD3
HRP1,HRP1,4932.YOL123W,HRP1
HRR25,HRR25,4932.YPL204W,HRR25
HRT1,HRT1,4932.YOL133W,HRT1
HSC82,HSC82,4932.YMR186W,HSC82
HSE1,HSE1,4932.YHL002W,HSE1
HSH155,HSH155,4932.YMR288W,HSH155
HSH49,HSH49,4932.YOR319W,HSH49
HSK3,HSK3,4932.YKL138C-A,HSK3
HST1,HST1,4932.YOL068C,HST1
HTA1,HTA1,4932.YDR225W,HTA1
HTA2,HTA2,4932.YBL003C,HTA2
HTB1,HTB1,4932.YDR224C,HTB1
HTB2,HTB2,4932.YBL002W,HTB2
HTL1,HTL1,4932.YCR020W-B,HTL1
HTZ1,HTZ1,4932.YOL012C,HTZ1
HYM1,HYM1,4932.YKL189W,HYM1
IDH1,IDH1,4932.YNL037C,IDH1
IDH2,IDH2,4932.YOR136W,IDH2
IES1,IES1,4932.YFL013C,IES1
IES3,IES3,4932.YLR052W,IES3
IES4,IES4,4932.YOR189W,IES4
IFH1,IFH1,4932.YLR223C,IFH1
IKI1,IKI1,4932.YHR187W,IKI1
IKI3,IKI3,4932.YLR384C,IKI3
ILV2,ILV2,4932.YMR108W,ILV2
ILV6,ILV6,4932.YCL009C,ILV6
IME1,IME1,4932.YJR094C,IME1
IMG1,IMG1,4932.YCR046C,IMG1
IMG2,IMG2,4932.YCR071C,IMG2
INH1,INH1,4932.YDL181W,INH1
INO80,INO80,4932.YGL150C,INO80
IOC2,IOC2,4932.YLR095C,IOC2
IOC3,IOC3,4932.YFR013W,IOC3
IOC4,IOC4,4932.YMR044W,IOC4
IPI1,IPI1,4932.YHR085W,IPI1
IPI3,IPI3,4932.YNL182C,IPI3
IPL1,IPL1,4932.YPL209C,IPL1
IPP1,PPA1,4932.YBR011C,IPP1
IRR1,IRR1,4932.YIL026C,IRR1
ISD11,ISD11,4932.YER048W-A,ISD11
IST3,IST3,4932.YIR005W,IST3
ISW1,ISW1,4932.YBR245C,ISW1
ISW2,ISW2,4932.YOR304W,ISW2
ISY1,ISY1,4932.YJR050W,ISY1
ITC1,ITC1,4932.YGL133W,ITC1
JNM1,JNM1,4932.YMR294W,JNM1
KAR2,KAR2,4932.YJL034W,KAR2
KEL1,KEL1,4932.YHR158C,KEL1
KEL2,KEL2,4932.YGR238C,KEL2
KGD1,KGD1,4932.YIL125W,KGD1
KGD2,KGD2,4932.YDR148C,KGD2
KIC1,KIC1,4932.YHR102W,KIC1
KIN28,KIN28,4932.YDL108W,KIN28
KOG1,KOG1,4932.YHR186C,KOG1
KRE29,KRE29,4932.YER038C,KRE29
LAT1,LAT1,4932.YNL071W,LAT1
LCB1,LCB1,4932.YMR296C,LCB1
LCB2,LCB2,4932.YDR062W,LCB2
LDB7,LDB7,4932.YBL006C,LDB7
LEA1,LEA1,4932.YPL213W,LEA1
LEO1,LEO1,4932.YOR123C,LEO1
LGE1,LGE1,4932.YPL055C,LGE1
LIF1,LIF1,4932.YGL090W,LIF1
LIN1,LIN1,4932.YHR156C,LIN1
LPD1,LPD1,4932.YFL018C,LPD1
LRP1,LRP1,4932.YHR081W,LRP1
LRS4,LRS4,4932.YDR439W,LRS4
LSC1,LSC1,4932.YOR142W,LSC1
LSC2,LSC2,4932.YGR244C,LSC2
LSM2,LSM2,4932.YBL026W,LSM2
LSM3,LSM3,4932.YLR438C-A,LSM3
LSM4,LSM4,4932.YER112W,LSM4
LSM5,LSM5,4932.YER146W,LSM5
LSM6,LSM6,4932.YDR378C,LSM6
LSM7,LSM7,4932.YNL147W,LSM7
LSM8,LSM8,4932.YJR022W,LSM8
LST8,LST8,4932.YNL006W,LST8
LTE1,LTE1,4932.YAL024C,LTE1
LTV1,LTV1,4932.YKL143W,LTV1
LUC7,LUC7,4932.YDL087C,LUC7
MAD1,MAD1,4932.YGL086W,MAD1
MAD2,MAD2,4932.YJL030W,MAD2
MAD3,MAD3,4932.YJL013C,MAD3
MAK10,MAK10,4932.YEL053C,MAK10
MAK21,MAK21,4932.YDR060W,MAK21
MAK3,MAK3,4932.YPR051W,MAK3
MAK31,MAK31,4932.YCR020C-A,MAK31
MAM1,MAM1,4932.YER106W,MAM1
MAS1,MAS1,4932.YLR163C,MAS1
MAS2,MAS2,4932.YHR024C,MAS2
MBP1,MBP1,4932.YDL056W,MBP1
MCD1,MCD1,4932.YDL003W,MCD1
MCM1,MCM1,4932.YMR043W,MCM1
MCM16,MCM16,4932.YPR046W,MCM16
MCM2,MCM2,4932.YBL023C,MCM2
MCM21,MCM21,4932.YDR318W,MCM21
MCM22,MCM22,4932.YJR135C,MCM22
MCM3,MCM3,4932.YEL032W,MCM3
MCM4,MCM4,4932.YPR019W,MCM4
MCM5,MCM5,4932.YLR274W,MCM5
MCM6,MCM6,4932.YGL201C,MCM6
MCM7,MCM7,4932.YBR202W,MCM7
MDM10,MDM10,4932.YAL010C,MDM10
MDM12,MDM12,4932.YOL009C,MDM12
MDM20,MDM20,4932.YOL076W,MDM20
MEC3,MEC3,4932.YLR288C,MEC3
MED1,MED1,4932.YPR070W,MED1
MED11,MED11,4932.YMR112C,MED11
MED2,MED2,4932.YDL005C,MED2
MED4,MED4,4932.YOR174W,MED4
MED6,MED6,4932.YHR058C,MED6
MED7,MED7,4932.YOL135C,MED7
MED8,MED8,4932.YBR193C,MED8
MEH1,MEH1,4932.YKR007W,MEH1
MEI5,MEI5,4932.YPL121C,MEI5
MES1,MES1,4932.YGR264C,MES1
MET28,MET28,4932.YIR017C,MET28
MET31,MET31,4932.YPL038W,MET31
MET32,MET32,4932.YDR253C,MET32
MET4,MET4,4932.YNL103W,MET4
MEX67,MEX67,4932.YPL169C,MEX67
MFT1,MFT1,4932.YML062C,MFT1
MGE1,MGE1,4932.YOR232W,MGE1
MGM1,MGM1,4932.YOR211C,MGM1
MGR1,MGR1,4932.YCL044C,MGR1
MKS1,MKS1,4932.YNL076W,MKS1
MKT1,MKT1,4932.YNL085W,MKT1
MLH1,MLH1,4932.YMR167W,MLH1
MLH2,MLH2,4932.YLR035C,MLH2
MLH3,MLH3,4932.YPL164C,MLH3
MMM1,MMM1,4932.YLL006W,MMM1
MMS2,MMS2,4932.YGL087C,MMS2
MMS21,MMS21,4932.YEL019C,MMS21
MMS4,MMS4,4932.YBR098W,MMS4
MND1,MND1,4932.YGL183C,MND1
MND2,MND2,4932.YIR025W,MND2
MNN10,MNN10,4932.YDR245W,MNN10
MNN11,MNN11,4932.YJL183W,MNN11
MNN9,MNN9,4932.YPL050C,MNN9
MNP1,MNP1,4932.YGL068W,MNP1
MOB1,MOB1,4932.YIL106W,MOB1
MOB2,MOB2,4932.YFL034C-B,MOB2
MON1,MON1,4932.YGL124C,MON1
MOT1,MOT1,4932.YPL082C,MOT1
MOT2,MOT2,4932.YER068W,MOT2
MPE1,MPE1,4932.YKL059C,MPE1
MPS2,MPS2,4932.YGL075C,MPS2
MRC1,MRC1,4932.YCL061C,MRC1
MRE11,MRE11,4932.YMR224C,MRE11
MRP1,MRP1,4932.YDR347W,MRP1
MRP10,MRP10,4932.YDL045W-A,MRP10
MRP13,MRP13,4932.YGR084C,MRP13
MRP17,MRP17,4932.YKL003C,MRP17
MRP2,MRP2,4932.YPR166C,MRP2
MRP20,MRP20,4932.YDR405W,MRP20
MRP21,MRP21,4932.YBL090W,MRP21
MRP4,MRP4,4932.YHL004W,MRP4
MRP49,MRP49,4932.YKL167C,MRP49
MRP51,MRP51,4932.YPL118W,MRP51
MRP7,MRP7,4932.YNL005C,MRP7
MRPL1,MRPL1,4932.YDR116C,MRPL1
MRPL10,MRPL10,4932.YNL284C,MRPL10
MRPL11,MRPL11,4932.YDL202W,MRPL11
MRPL13,MRPL13,4932.YKR006C,MRPL13
MRPL15,MRPL15,4932.YLR312W-A,MRPL15
MRPL16,MRPL16,4932.YBL038W,MRPL16
MRPL17,MRPL17,4932.YNL252C,MRPL17
MRPL19,MRPL19,4932.YNL185C,MRPL19
MRPL20,MRPL20,4932.YKR085C,MRPL20
MRPL22,MRPL22,4932.YNL177C,MRPL22
MRPL23,MRPL23,4932.YOR150W,MRPL23
MRPL24,MRPL24,4932.YMR193W,MRPL24
MRPL25,MRPL25,4932.YGR076C,MRPL25
MRPL27,MRPL27,4932.YBR282W,MRPL27
MRPL28,MRPL28,4932.YDR462W,MRPL28
MRPL3,MRPL3,4932.YMR024W,MRPL3
MRPL31,MRPL31,4932.YKL138C,MRPL31
MRPL32,MRPL32,4932.YCR003W,MRPL32
MRPL33,MRPL33,4932.YMR286W,MRPL33
MRPL35,MRPL35,4932.YDR322W,MRPL35
MRPL36,MRPL36,4932.YBR122C,MRPL36
MRPL37,MRPL37,4932.YBR268W,MRPL37
MRPL38,MRPL38,4932.YKL170W,MRPL38
MRPL39,MRPL39,4932.YML009C,MRPL39
MRPL4,MRPL4,4932.YLR439W,MRPL4
MRPL40,MRPL40,4932.YPL173W,MRPL40
MRPL44,MRPL44,4932.YMR225C,MRPL44
MRPL49,MRPL49,4932.YJL096W,MRPL49
MRPL50,MRPL50,4932.YNR022C,MRPL50
MRPL51,MRPL51,4932.YPR100W,MRPL51
MRPL6,MRPL6,4932.YHR147C,MRPL6
MRPL7,MRPL7,4932.YDR237W,MRPL7
MRPL8,MRPL8,4932.YJL063C,MRPL8
MRPL9,MRPL9,4932.YGR220C,MRPL9
MRPS16,MRPS16,4932.YPL013C,MRPS16
MRPS17,MRPS17,4932.YMR188C,MRPS17
MRPS18,MRPS18,4932.YNL306W,MRPS18
MRPS28,MRPS28,4932.YDR337W,MRPS28
MRPS35,MRPS35,4932.YGR165W,MRPS35
MRPS5,MRPS5,4932.YBR251W,MRPS5
MRPS8,MRPS8,4932.YMR158W,MRPS8
MRPS9,MRPS9,4932.YBR146W,MRPS9
MRS1,MRS1,4932.YIR021W,MRS1
MRX14,YDR115W,4932.YDR115W,MRX14
MSH2,MSH2,4932.YOL090W,MSH2
MSH3,MSH3,4932.YCR092C,MSH3
MSH6,MSH6,4932.YDR097C,MSH6
MSI1,MSI1,4932.YBR195C,MSI1
MSL1,MSL1,4932.YIR009W,MSL1
MSL5,MSL5,4932.YLR116W,MSL5
MSS1,MSS1,4932.YMR023C,MSS1
MSS51,MSS51,4932.YLR203C,MSS51
MTO1,MTO1,4932.YGL236C,MTO1
MTR2,MTR2,4932.YKL186C,MTR2
MTR3,MTR3,4932.YGR158C,MTR3
MTR4,MTR4,4932.YJL050W,MTR4
MTW1,MTW1,4932.YAL034W-A,MTW1
MUD1,MUD1,4932.YBR119W,MUD1
MUD2,MUD2,4932.YKL074C,MUD2
MUS81,MUS81,4932.YDR386W,MUS81
MVB12,MVB12,4932.YGR206W,MVB12
NAF1,NAF1,4932.YNL124W,NAF1
NAM2,NAM2,4932.YLR382C,NAM2
NAM7,NAM7,4932.YMR080C,NAM7
NAM8,NAM8,4932.YHR086W,NAM8
NAM9,NAM9,4932.YNL137C,NAM9
NAN1,NAN1,4932.YPL126W,NAN1
NAS6,NAS6,4932.YGR232W,NAS6
NAT1,NAT1,4932.YDL040C,NAT1
NAT3,NAT3,4932.YPR131C,NAT3
NAT5,NAT5,4932.YOR253W,NAT5
NBP1,NBP1,4932.YLR457C,NBP1
NCB2,NCB2,4932.YDR397C,NCB2
NDC80,TID3,4932.YIL144W,NDC80
NEM1,NEM1,4932.YHR004C,NEM1
NET1,NET1,4932.YJL076W,NET1
NFS1,NFS1,4932.YCL017C,NFS1
NGG1,NGG1,4932.YDR176W,NGG1
NHP10,NHP10,4932.YDL002C,NHP10
NIC96,NIC96,4932.YFR002W,NIC96
NIP1,NIP1,4932.YMR309C,NIP1
NIP100,NIP100,4932.YPL174C,NIP100
NMD2,NMD2,4932.YHR077C,NMD2
NNF1,NNF1,4932.YJR112W,NNF1
NOC2,NOC2,4932.YOR206W,NOC2
NOC3,NOC3,4932.YLR002C,NOC3
NOC4,NOC4,4932.YPR144C,NOC4
NOP1,NOP1,4932.YDL014W,NOP1
NOP14,NOP14,4932.YDL148C,NOP14
NOP56,SIK1,4932.YLR197W,NOP56
NOP58,NOP58,4932.YOR310C,NOP58
NOP8,NOP8,4932.YOL144W,NOP8
NOT3,NOT3,4932.YIL038C,NOT3
NOT5,NOT5,4932.YPR072W,NOT5
NPL4,NPL4,4932.YBR170C,NPL4
NPL6,NPL6,4932.YMR091C,NPL6
NSE1,NSE1,4932.YLR007W,NSE1
NSE3,NSE3,4932.YDR288W,NSE3
NSE4,NSE4,4932.YDL105W,NSE4
NSE5,NSE5,4932.YML023C,NSE5
NSL1,NSL1,4932.YPL233W,NSL1
NSP1,NSP1,4932.YJL041W,NSP1
NTC20,NTC20,4932.YBR188C,NTC20
NTO1,NTO1,4932.YPR031W,NTO1
NTR2,NTR2,4932.YKR022C,NTR2
NUD1,NUD1,4932.YOR373W,NUD1
NUF2,NUF2,4932.YOL069W,NUF2
NUP120,NUP120,4932.YKL057C,NUP120
NUP145,NUP145,4932.YGL092W,NUP145
NUP159,NUP159,4932.YIL115C,NUP159
NUP170,NUP170,4932.YBL079W,NUP170
NUP49,NUP49,4932.YGL172W,NUP49
NUP53,NUP53,4932.YMR153W,NUP53
NUP57,NUP57,4932.YGR119C,NUP57
NUP82,NUP82,4932.YJL061W,NUP82
NUP84,NUP84,4932.YDL116W,NUP84
NUP85,NUP85,4932.YJR042W,NUP85
NUT1,NUT1,4932.YGL151W,NUT1
NUT2,NUT2,4932.YPR168W,NUT2
OKP1,OKP1,4932.YGR179C,OKP1
OLI1,OLI1,4932.Q0130,OLI1
ORC1,ORC1,4932.YML065W,ORC1
ORC2,ORC2,4932.YBR060C,ORC2
ORC3,ORC3,4932.YLL004W,ORC3
ORC4,ORC4,4932.YPR162C,ORC4
ORC5,ORC5,4932.YNL261W,ORC5
ORC6,ORC6,4932.YHR118C,ORC6
OST1,OST1,4932.YJL002C,OST1
OST2,OST2,4932.YOR103C,OST2
OST3,OST3,4932.YOR085W,OST3
OST4,OST4,4932.YDL232W,OST4
OST5,OST5,4932.YGL226C-A,OST5
OST6,OST6,4932.YML019W,OST6
PAC10,PAC10,4932.YGR078C,PAC10
PAC11,PAC11,4932.YDR488C,PAC11
PAF1,PAF1,4932.YBR279W,PAF1
PAM16,PAM16,4932.YJL104W,PAM16
PAM17,PAM17,4932.YKR065C,PAM17
PAM18,PAM18,4932.YLR008C,PAM18
PAN1,PAN1,4932.YIR006C,PAN1
PAN2,PAN2,4932.YGL094C,PAN2
PAN3,PAN3,4932.YKL025C,PAN3
PAP1,PAP1,4932.YKR002W,PAP1
PAP2,PAP2,4932.YOL115W,PAP2
PBP1,PBP1,4932.YGR178C,PBP1
PCF11,PCF11,4932.YDR228C,PCF11
PCI8,PCI8,4932.YIL071C,PCI8
PCL1,PCL1,4932.YNL289W,PCL1
PCL10,PCL10,4932.YGL134W,PCL10
PCL2,PCL2,4932.YDL127W,PCL2
PCL8,PCL8,4932.YPL219W,PCL8
PDA1,PDA1,4932.YER178W,PDA1
PDB1,PDB1,4932.YBR221C,PDB1
PDS1,PDS1,4932.YDR113C,PDS1
PDX1,PDX1,4932.YGR193C,PDX1
PEA2,PEA2,4932.YER149C,PEA2
PEP3,PEP3,4932.YLR148W,PEP3
PEP5,PEP5,4932.YMR231W,PEP5
PEP8,PEP8,4932.YJL053W,PEP8
PET123,PET123,4932.YOR158W,PET123
PET309,PET309,4932.YLR067C,PET309
PEX10,PEX10,4932.YDR265W,PEX10
PEX12,PEX12,4932.YMR026C,PEX12
PEX13,PEX13,4932.YLR191W,PEX13
PEX14,PEX14,4932.YGL153W,PEX14
PEX17,PEX17,4932.YNL214W,PEX17
PEX2,PEX2,4932.YJL210W,PEX2
PFD1,PFD1,4932.YJL179W,PFD1
PFS2,PFS2,4932.YNL317W,PFS2
PGD1,PGD1,4932.YGL025C,PGD1
PHB1,PHB1,4932.YGR132C,PHB1
PHB2,PHB2,4932.YGR231C,PHB2
PHO23,PHO23,4932.YNL097C,PHO23
PHO80,PHO80,4932.YOL001W,PHO80
PHO85,PHO85,4932.YPL031C,PHO85
PML1,PML1,4932.YLR016C,PML1
PMS1,PMS1,4932.YNL082W,PMS1
PMT1,PMT1,4932.YDL095W,PMT1
PMT2,PMT2,4932.YAL023C,PMT2
PMT3,PMT3,4932.YOR321W,PMT3
PMT5,PMT5,4932.YDL093W,PMT5
PNG1,PNG1,4932.YPL096W,PNG1
POB3,POB3,4932.YML069W,POB3
POL1,POL1,4932.YNL102W,POL1
POL12,POL12,4932.YBL035C,POL12
POL2,POL2,4932.YNL262W,POL2
POL3,POL3,4932.YDL102W,POL3
POL31,POL31,4932.YJR006W,POL31
POL32,POL32,4932.YJR043C,POL32
POL5,POL5,4932.YEL055C,POL5
POP1,POP1,4932.YNL221C,POP1
POP2,POP2,4932.YNR052C,POP2
POP3,POP3,4932.YNL282W,POP3
POP4,POP4,4932.YBR257W,POP4
POP5,POP5,4932.YAL033W,POP5
POP6,POP6,4932.YGR030C,POP6
POP7,POP7,4932.YBR167C,POP7
POP8,POP8,4932.YBL018C,POP8
PPE1,PPE1,4932.YHR075C,PPE1
PPH21,PPH21,4932.YDL134C,PPH21
PPH3,PPH3,4932.YDR075W,PPH3
PRE1,PRE1,4932.YER012W,PRE1
PRE10,PRE10,4932.YOR362C,PRE10
PRE2,PRE2,4932.YPR103W,PRE2
PRE3,PRE3,4932.YJL001W,PRE3
PRE4,PRE4,4932.YFR050C,PRE4
PRE5,PRE5,4932.YMR314W,PRE5
PRE6,PRE6,4932.YOL038W,PRE6
PRE7,PRE7,4932.YBL041W,PRE7
PRE8,PRE8,4932.YML092C,PRE8
PRE9,PRE9,4932.YGR135W,PRE9
PRI1,PRI1,4932.YIR008C,PRI1
PRI2,PRI2,4932.YKL045W,PRI2
PRP11,PRP11,4932.YDL043C,PRP11
PRP18,PRP18,4932.YGR006W,PRP18
PRP19,PRP19,4932.YLL036C,PRP19
PRP21,PRP21,4932.YJL203W,PRP21
PRP24,PRP24,4932.YMR268C,PRP24
PRP28,PRP28,4932.YDR243C,PRP28
PRP3,PRP3,4932.YDR473C,PRP3
PRP31,PRP31,4932.YGR091W,PRP31
PRP38,PRP38,4932.YGR075C,PRP38
PRP39,PRP39,4932.YML046W,PRP39
PRP4,PRP4,4932.YPR178W,PRP4
PRP40,PRP40,4932.YKL012W,PRP40
PRP42,PRP42,4932.YDR235W,PRP42
PRP43,PRP43,4932.YGL120C,PRP43
PRP6,PRP6,4932.YBR055C,PRP6
PRP8,PRP8,4932.YHR165C,PRP8
PRP9,PRP9,4932.YDL030W,PRP9
PRT1,PRT1,4932.YOR361C,PRT1
PSF1,PSF1,4932.YDR013W,PSF1
PSF2,PSF2,4932.YJL072C,PSF2
PSF3,PSF3,4932.YOL146W,PSF3
PSY2,PSY2,4932.YNL201C,PSY2
PSY4,PSY4,4932.YBL046W,PSY4
PTA1,PTA1,4932.YAL043C,PTA1
PTI1,PTI1,4932.YGR156W,PTI1
PUP1,PUP1,4932.YOR157C,PUP1
PUP2,PUP2,4932.YGR253C,PUP2
PUP3,PUP3,4932.YER094C,PUP3
PWP2,PWP2,4932.YCR057C,PWP2
QCR10,QCR10,4932.YHR001W-A,QCR10
QCR2,QCR2,4932.YPR191W,QCR2
QCR6,QCR6,4932.YFR033C,QCR6
QCR7,QCR7,4932.YDR529C,QCR7
QCR8,QCR8,4932.YJL166W,QCR8
QCR9,QCR9,4932.YGR183C,QCR9
RAD1,RAD1,4932.YPL022W,RAD1
RAD10,RAD10,4932.YML095C,RAD10
RAD14,RAD14,4932.YMR201C,RAD14
RAD16,RAD16,4932.YBR114W,RAD16
RAD17,RAD17,4932.YOR368W,RAD17
RAD18,RAD18,4932.YCR066W,RAD18
RAD2,RAD2,4932.YGR258C,RAD2
RAD23,RAD23,4932.YEL037C,RAD23
RAD24,RAD24,4932.YER173W,RAD24
RAD26,RAD26,4932.YJR035W,RAD26
RAD3,RAD3,4932.YER171W,RAD3
RAD4,RAD4,4932.YER162C,RAD4
RAD50,RAD50,4932.YNL250W,RAD50
RAD53,RAD53,4932.YPL153C,RAD53
RAD55,RAD55,4932.YDR076W,RAD55
RAD57,RAD57,4932.YDR004W,RAD57
RAD6,RAD6,4932.YGL058W,RAD6
RAD7,RAD7,4932.YJR052W,RAD7
RAI1,RAI1,4932.YGL246C,RAI1
RAT1,RAT1,4932.YOR048C,RAT1
RAV1,RAV1,4932.YJR033C,RAV1
RAV2,RAV2,4932.YDR202C,RAV2
RCO1,RCO1,4932.YMR075W,RCO1
RDS3,RDS3,4932.YPR094W,RDS3
REC102,REC102,4932.YLR329W,REC102
REC104,REC104,4932.YHR157W,REC104
REC8,REC8,4932.YPR007C,REC8
RED1,RED1,4932.YLR263W,RED1
REF2,REF2,4932.YDR195W,REF2
REG1,REG1,4932.YDR028C,REG1
REG2,REG2,4932.YBR050C,REG2
RET1,RET1,4932.YOR207C,RET1
RET2,RET2,4932.YFR051C,RET2
RET3,RET3,4932.YPL010W,RET3
REV1,REV1,4932.YOR346W,REV1
REV3,REV3,4932.YPL167C,REV3
REV7,REV7,4932.YIL139C,REV7
RFA1,RFA1,4932.YAR007C,RFA1
RFA2,RFA2,4932.YNL312W,RFA2
RFA3,RFA3,4932.YJL173C,RFA3
RFC1,RFC1,4932.YOR217W,RFC1
RFC2,RFC2,4932.YJR068W,RFC2
RFC3,RFC3,4932.YNL290W,RFC3
RFC4,RFC4,4932.YOL094C,RFC4
RFC5,RFC5,4932.YBR087W,RFC5
RFM1,RFM1,4932.YOR279C,RFM1
RGP1,RGP1,4932.YDR137W,RGP1
RGR1,RGR1,4932.YLR071C,RGR1
RHO1,RHO1,4932.YPR165W,RHO1
RIC1,RIC1,4932.YLR039C,RIC1
RIP1,RIP1,4932.YEL024W,RIP1
RIX1,RIX1,4932.YHR197W,RIX1
RLF2,RLF2,4932.YPR018W,RLF2
RMI1,RMI1,4932.YPL024W,RMI1
RML2,RML2,4932.YEL050C,RML2
RMP1,RMP1,4932.YLR145W,RMP1
RNA14,RNA14,4932.YMR061W,RNA14
RNA15,RNA15,4932.YGL044C,RNA15
RNH201,RNH201,4932.YNL072W,RNH201
RNH202,RNH202,4932.YDR279W,RNH202
RNH203,RNH203,4932.YLR154C,RNH203
RNR1,RNR1,4932.YER070W,RNR1
RNR2,RNR2,4932.YJL026W,RNR2
RNR4,RNR4,4932.YGR180C,RNR4
ROX3,ROX3,4932.YBL093C,ROX3
RPA12,RPA12,4932.YJR063W,RPA12
RPA135,RPA135,4932.YPR010C,RPA135
RPA14,RPA14,4932.YDR156W,RPA14
RPA190,RPA190,4932.YOR341W,RPA190
RPA34,RPA34,4932.YJL148W,RPA34
RPA43,RPA43,4932.YOR340C,RPA43
RPA49,RPA49,4932.YNL248C,RPA49
RPB10,RPB10,4932.YOR210W,RPB10
RPB11,RPB11,4932.YOL005C,RPB11
RPB2,RPB2,4932.YOR151C,RPB2
RPB3,RPB3,4932.YIL021W,RPB3
RPB4,RPB4,4932.YJL140W,RPB4
RPB5,RPB5,4932.YBR154C,RPB5
RPB7,RPB7,4932.YDR404C,RPB7
RPB8,RPB8,4932.YOR224C,RPB8
RPB9,RPB9,4932.YGL070C,RPB9
RPC10,RPC10,4932.YHR143W-A,RPC10
RPC11,RPC11,4932.YDR045C,RPC11
RPC17,RPC17,4932.YJL011C,RPC17
RPC19,RPC19,4932.YNL113W,RPC19
RPC25,RPC25,4932.YKL144C,RPC25
RPC31,RPC31,4932.YNL151C,RPC31
RPC34,RPC34,4932.YNR003C,RPC34
RPC37,RPC37,4932.YKR025W,RPC37
RPC40,RPC40,4932.YPR110C,RPC40
RPC53,RPC53,4932.YDL150W,RPC53
RPC82,RPC82,4932.YPR190C,RPC82
RPD3,RPD3,4932.YNL330C,RPD3
RPG1,RPG1,4932.YBR079C,RPG1
RPL10,RPL10,4932.YLR075W,RPL10
RPL11A,RPL11A,4932.YPR102C,RPL11A
RPL11B,RPL11B,4932.YGR085C,RPL11B
RPL12A,RPL12A,4932.YEL054C,RPL12A
RPL12B,RPL12B,4932.YDR418W,RPL12B
RPL13A,RPL13A,4932.YDL082W,RPL13A
RPL13B,RPL13B,4932.YMR142C,RPL13B
RPL14A,RPL14A,4932.YKL006W,RPL14A
RPL14B,RPL14B,4932.YHL001W,RPL14B
RPL15A,RPL15A,4932.YLR029C,RPL15A
RPL15B,RPL15B,4932.YMR121C,RPL15B
RPL16A,RPL16A,4932.YIL133C,RPL16A
RPL16B,RPL16B,4932.YNL069C,RPL16B
RPL17A,RPL17A,4932.YKL180W,RPL17A
RPL17B,RPL17B,4932.YJL177W,RPL17B
RPL18A,RPL18A,4932.YOL120C,RPL18A
RPL18B,RPL18B,4932.YNL301C,RPL18B
RPL19A,RPL19A,4932.YBR084C-A,RPL19A
RPL19B,RPL19B,4932.YBL027W,RPL19B
RPL1A,RPL1A,4932.YPL220W,RPL1A
RPL1B,RPL1B,4932.YGL135W,RPL1B
RPL20A,RPL20A,4932.YMR242C,RPL20A
RPL20B,RPL20B,4932.YOR312C,RPL20B
RPL21A,RPL21A,4932.YBR191W,RPL21A
RPL21B,RPL21B,4932.YPL079W,RPL21B
RPL22A,RPL22A,4932.YLR061W,RPL22A
RPL22B,RPL22B,4932.YFL034C-A,RPL22B
RPL23A,RPL23A,4932.YBL087C,RPL23A
RPL23B,RPL23B,4932.YER117W,RPL23B
RPL24A,RPL24A,4932.YGL031C,RPL24A
RPL24B,RPL24B,4932.YGR148C,RPL24B
RPL25,RPL25,4932.YOL127W,RPL25
RPL26A,RPL26A,4932.YLR344W,RPL26A
RPL26B,RPL26B,4932.YGR034W,RPL26B
RPL27A,RPL27A,4932.YHR010W,RPL27A
RPL27B,RPL27B,4932.YDR471W,RPL27B
RPL28,RPL28,4932.YGL103W,RPL28
RPL29,RPL29,4932.YFR032C-A,RPL29
RPL2A,RPL2A,4932.YFR031C-A,RPL2A
RPL2B,RPL2B,4932.YIL018W,RPL2B
RPL3,RPL3,4932.YOR063W,RPL3
RPL30,RPL30,4932.YGL030W,RPL30
RPL31A,RPL31A,4932.YDL075W,RPL31A
RPL31B,RPL31B,4932.YLR406C,RPL31B
RPL32,RPL32,4932.YBL092W,RPL32
RPL33A,RPL33A,4932.YPL143W,RPL33A
RPL33B,RPL33B,4932.YOR234C,RPL33B
RPL34A,RPL34A,4932.YER056C-A,RPL34A
RPL34B,RPL34B,4932.YIL052C,RPL34B
RPL35A,RPL35A,4932.YDL191W,RPL35A
RPL35B,RPL35B,4932.YDL136W,RPL35B
RPL36A,RPL36A,4932.YMR194W,RPL36A
RPL36B,RPL36B,4932.YPL249C-A,RPL36B
RPL37A,RPL37A,4932.YLR185W,RPL37A
RPL37B,RPL37B,4932.YDR500C,RPL37B
RPL38,RPL38,4932.YLR325C,RPL38
RPL39,RPL39,4932.YJL189W,RPL39
RPL40A,RPL40A,4932.YIL148W,RPL40A
RPL40B,RPL40B,4932.YKR094C,RPL40B
RPL41A,RPL41A,4932.YDL184C,RPL41A
RPL41B,RPL41B,4932.YDL133C-A,RPL41B
RPL42A,RPL42A,4932.YNL162W,RPL42A
RPL42B,RPL42B,4932.YHR141C,RPL42B
RPL43A,RPL43A,4932.YPR043W,RPL43A
RPL43B,RPL43B,4932.YJR094W-A,RPL43B
RPL4A,RPL4A,4932.YBR031W,RPL4A
RPL4B,RPL4B,4932.YDR012W,RPL4B
RPL5,RPL5,4932.YPL131W,RPL5
RPL6A,RPL6A,4932.YML073C,RPL6A
RPL6B,RPL6B,4932.YLR448W,RPL6B
RPL7A,RPL7A,4932.YGL076C,RPL7A
RPL7B,RPL7B,4932.YPL198W,RPL7B
RPL8A,RPL8A,4932.YHL033C,RPL8A
RPL8B,RPL8B,4932.YLL045C,RPL8B
RPL9A,RPL9A,4932.YGL147C,RPL9A
RPL9B,RPL9B,4932.YNL067W,RPL9B
RPN1,RPN1,4932.YHR027C,RPN1
RPN10,RPN10,4932.YHR200W,RPN10
RPN11,RPN11,4932.YFR004W,RPN11
RPN12,RPN12,4932.YFR052W,RPN12
RPN13,RPN13,4932.YLR421C,RPN13
RPN2,RPN2,4932.YIL075C,RPN2
RPN3,RPN3,4932.YER021W,RPN3
RPN5,RPN5,4932.YDL147W,RPN5
RPN6,RPN6,4932.YDL097C,RPN6
RPN7,RPN7,4932.YPR108W,RPN7
RPN8,RPN8,4932.YOR261C,RPN8
RPN9,RPN9,4932.YDR427W,RPN9
RPO21,RPO21,4932.YDL140C,RPO21
RPO26,RPO26,4932.YPR187W,RPO26
RPO31,RPO31,4932.YOR116C,RPO31
RPP0,RPP0,4932.YLR340W,RPP0
RPP1,RPP1,4932.YHR062C,RPP1
RPP1A,RPP1A,4932.YDL081C,RPP1A
RPP1B,RPP1B,4932.YDL130W,RPP1B
RPP2A,RPP2A,4932.YOL039W,RPP2A
RPP2B,RPP2B,4932.YDR382W,RPP2B
RPR2,RPR2,4932.YIR015W,RPR2
RPS0A,RPS0A,4932.YGR214W,RPS0A
RPS0B,RPS0B,4932.YLR048W,RPS0B
RPS10A,RPS10A,4932.YOR293W,RPS10A
RPS10B,RPS10B,4932.YMR230W,RPS10B
RPS11A,RPS11A,4932.YDR025W,RPS11A
RPS11B,RPS11B,4932.YBR048W,RPS11B
RPS12,RPS12,4932.YOR369C,RPS12
RPS13,RPS13,4932.YDR064W,RPS13
RPS14A,RPS14A,4932.YCR031C,RPS14A
RPS14B,RPS14B,4932.YJL191W,RPS14B
RPS15,RPS15,4932.YOL040C,RPS15
RPS16A,RPS16A,4932.YMR143W,RPS16A
RPS16B,RPS16B,4932.YDL083C,RPS16B
RPS17A,RPS17A,4932.YML024W,RPS17A
RPS17B,RPS17B,4932.YDR447C,RPS17B
RPS18A,RPS18A,4932.YDR450W,RPS18A
RPS18B,RPS18B,4932.YML026C,RPS18B
RPS19A,RPS19A,4932.YOL121C,RPS19A
RPS19B,RPS19B,4932.YNL302C,RPS19B
RPS1A,RPS1A,4932.YLR441C,RPS1A
RPS1B,RPS1B,4932.YML063W,RPS1B
RPS2,RPS2,4932.YGL123W,RPS2
RPS20,RPS20,4932.YHL015W,RPS20
RPS21A,RPS21A,4932.YKR057W,RPS21A
RPS21B,RPS21B,4932.YJL136C,RPS21B
RPS22A,RPS22A,4932.YJL190C,RPS22A
RPS22B,RPS22B,4932.YLR367W,RPS22B
RPS23A,RPS23A,4932.YGR118W,RPS23A
RPS23B,RPS23B,4932.YPR132W,RPS23B
RPS24A,RPS24A,4932.YER074W,RPS24A
RPS24B,RPS24B,4932.YIL069C,RPS24B
RPS25A,RPS25A,4932.YGR027C,RPS25A
RPS25B,RPS25B,4932.YLR333C,RPS25B
RPS26A,RPS26A,4932.YGL189C,RPS26A
RPS26B,RPS26B,4932.YER131W,RPS26B
RPS27A,RPS27A,4932.YKL156W,RPS27A
RPS27B,RPS27B,4932.YHR021C,RPS27B
RPS28A,RPS28A,4932.YOR167C,RPS28A
RPS28B,RPS28B,4932.YLR264W,RPS28B
RPS29A,RPS29A,4932.YLR388W,RPS29A
RPS29B,RPS29B,4932.YDL061C,RPS29B
RPS3,RPS3,4932.YNL178W,RPS3
RPS30A,RPS30A,4932.YLR287C-A,RPS30A
RPS30B,RPS30B,4932.YOR182C,RPS30B
RPS31,RPS31,4932.YLR167W,RPS31
RPS4A,RPS4A,4932.YJR145C,RPS4A
RPS4B,RPS4B,4932.YHR203C,RPS4B
RPS5,RPS5,4932.YJR123W,RPS5
RPS6A,RPS6A,4932.YPL090C,RPS6A
RPS6B,RPS6B,4932.YBR181C,RPS6B
RPS7A,RPS7A,4932.YOR096W,RPS7A
RPS7B,RPS7B,4932.YNL096C,RPS7B
RPS8A,RPS8A,4932.YBL072C,RPS8A
RPS8B,RPS8B,4932.YER102W,RPS8B
RPS9A,RPS9A,4932.YPL081W,RPS9A
RPS9B,RPS9B,4932.YBR189W,RPS9B
RPT1,RPT1,4932.YKL145W,RPT1
RPT2,RPT2,4932.YDL007W,RPT2
RPT3,RPT3,4932.YDR394W,RPT3
RPT4,RPT4,4932.YOR259C,RPT4
RPT5,RPT5,4932.YOR117W,RPT5
RPT6,RPT6,4932.YGL048C,RPT6
RRD1,RRD1,4932.YIL153W,RRD1
RRD2,RRD2,4932.YPL152W,RRD2
RRI1,RRI1,4932.YDL216C,RRI1
RRI2,RRI2,4932.YOL117W,RRI2
RRN10,RRN10,4932.YBL025W,RRN10
RRN11,RRN11,4932.YML043C,RRN11
RRN5,RRN5,4932.YLR141W,RRN5
RRN6,RRN6,4932.YBL014C,RRN6
RRN7,RRN7,4932.YJL025W,RRN7
RRN9,RRN9,4932.YMR270C,RRN9
RRP4,RRP4,4932.YHR069C,RRP4
RRP40,RRP40,4932.YOL142W,RRP40
RRP42,RRP42,4932.YDL111C,RRP42
RRP43,RRP43,4932.YCR035C,RRP43
RRP45,RRP45,4932.YDR280W,RRP45
RRP46,RRP46,4932.YGR095C,RRP46
RRP6,RRP6,4932.YOR001W,RRP6
RRP7,RRP7,4932.YCL031C,RRP7
RSA3,RSA3,4932.YLR221C,RSA3
RSC1,RSC1,4932.YGR056W,RSC1
RSC2,RSC2,4932.YLR357W,RSC2
RSC3,RSC3,4932.YDR303C,RSC3
RSC30,RSC30,4932.YHR056C,RSC30
RSC4,RSC4,4932.YKR008W,RSC4
RSC58,RSC58,4932.YLR033W,RSC58
RSC6,RSC6,4932.YCR052W,RSC6
RSC8,RSC8,4932.YFR037C,RSC8
RSC9,RSC9,4932.YML127W,RSC9
RSE1,RSE1,4932.YML049C,RSE1
RSM10,RSM10,4932.YDR041W,RSM10
RSM18,RSM18,4932.YER050C,RSM18
RSM19,RSM19,4932.YNR037C,RSM19
RSM22,RSM22,4932.YKL155C,RSM22
RSM23,RSM23,4932.YGL129C,RSM23
RSM24,RSM24,4932.YDR175C,RSM24
RSM25,RSM25,4932.YIL093C,RSM25
RSM26,RSM26,4932.YJR101W,RSM26
RSM27,RSM27,4932.YGR215W,RSM27
RSM7,RSM7,4932.YJR113C,RSM7
RSP5,RSP5,4932.YER125W,RSP5
RTC6,YPL183W-A,4932.YPL183W-A,RTC6
RTF1,RTF1,4932.YGL244W,RTF1
RTG1,RTG1,4932.YOL067C,RTG1
RTG2,RTG2,4932.YGL252C,RTG2
RTG3,RTG3,4932.YBL103C,RTG3
RTS1,RTS1,4932.YOR014W,RTS1
RTT102,RTT102,4932.YGR275W,RTT102
RTT103,RTT103,4932.YDR289C,RTT103
RTT109,RTT109,4932.YLL002W,RTT109
RVB1,RVB1,4932.YDR190C,RVB1
RVB2,RVB2,4932.YPL235W,RVB2
RVS161,RVS161,4932.YCR009C,RVS161
RVS167,RVS167,4932.YDR388W,RVS167
RXT2,RXT2,4932.YBR095C,RXT2
RXT3,RXT3,4932.YDL076C,RXT3
SAC3,SAC3,4932.YDR159W,SAC3
SAE3,SAE3,4932.YHR079C-A,SAE3
SAM35,SAM35,4932.YHR083W,SAM35
SAM37,SAM37,4932.YMR060C,SAM37
SAM50,SAM50,4932.YNL026W,SAM50
SAP155,SAP155,4932.YFR040W,SAP155
SAP185,SAP185,4932.YJL098W,SAP185
SAP190,SAP190,4932.YKR028W,SAP190
SAP30,SAP30,4932.YMR263W,SAP30
SAR1,SAR1,4932.YPL218W,SAR1
SAS2,SAS2,4932.YMR127C,SAS2
SAS3,SAS3,4932.YBL052C,SAS3
SAS4,SAS4,4932.YDR181C,SAS4
SAS5,SAS5,4932.YOR213C,SAS5
SBH1,SBH1,4932.YER087C-B,SBH1
SBH2,SBH2,4932.YER019C-A,SBH2
SCC2,SCC2,4932.YDR180W,SCC2
SCC4,SCC4,4932.YER147C,SCC4
SCL1,SCL1,4932.YGL011C,SCL1
SDC1,SDC1,4932.YDR469W,SDC1
SDH1,SDH1,4932.YKL148C,SDH1
SDH2,SDH2,4932.YLL041C,SDH2
SDH3,SDH3,4932.YKL141W,SDH3
SDH4,SDH4,4932.YDR178W,SDH4
SDS22,SDS22,4932.YKL193C,SDS22
SDS3,SDS3,4932.YIL084C,SDS3
SEC10,SEC10,4932.YLR166C,SEC10
SEC13,SEC13,4932.YLR208W,SEC13
SEC15,SEC15,4932.YGL233W,SEC15
SEC16,SEC16,4932.YPL085W,SEC16
SEC20,SEC20,4932.YDR498C,SEC20
SEC21,SEC21,4932.YNL287W,SEC21
SEC23,SEC23,4932.YPR181C,SEC23
SEC24,SEC24,4932.YIL109C,SEC24
SEC26,SEC26,4932.YDR238C,SEC26
SEC27,SEC27,4932.YGL137W,SEC27
SEC28,SEC28,4932.YIL076W,SEC28
SEC3,SEC3,4932.YER008C,SEC3
SEC31,SEC31,4932.YDL195W,SEC31
SEC39,SEC39,4932.YLR440C,SEC39
SEC4,SEC4,4932.YFL005W,SEC4
SEC5,SEC5,4932.YDR166C,SEC5
SEC6,SEC6,4932.YIL068C,SEC6
SEC61,SEC61,4932.YLR378C,SEC61
SEC62,SEC62,4932.YPL094C,SEC62
SEC63,SEC63,4932.YOR254C,SEC63
SEC65,SEC65,4932.YML105C,SEC65
SEC66,SEC66,4932.YBR171W,SEC66
SEC72,SEC72,4932.YLR292C,SEC72
SEC8,SEC8,4932.YPR055W,SEC8
SEC9,SEC9,4932.YGR009C,SEC9
SEH1,SEH1,4932.YGL100W,SEH1
SEM1,SEM1,4932.YDR363W-A,SEM1
SEN15,SEN15,4932.YMR059W,SEN15
SEN2,SEN2,4932.YLR105C,SEN2
SEN34,SEN34,4932.YAR008W,SEN34
SEN54,SEN54,4932.YPL083C,SEN54
SET1,SET1,4932.YHR119W,SET1
SET3,SET3,4932.YKR029C,SET3
SFB3,SFB3,4932.YHR098C,SFB3
SFH1,SFH1,4932.YLR321C,SFH1
SGF11,SGF11,4932.YPL047W,SGF11
SGF29,SGF29,4932.YCL010C,SGF29
SGF73,SGF73,4932.YGL066W,SGF73
SGS1,SGS1,4932.YMR190C,SGS1
SGT1,SGT1,4932.YOR057W,SGT1
SGV1,SGV1,4932.YPR161C,SGV1
SHG1,SHG1,4932.YBR258C,SHG1
SHQ1,SHQ1,4932.YIL104C,SHQ1
SIF2,SIF2,4932.YBR103W,SIF2
SIN3,SIN3,4932.YOL004W,SIN3
SIN4,SIN4,4932.YNL236W,SIN4
SIP1,SIP1,4932.YDR422C,SIP1
SIP2,SIP2,4932.YGL208W,SIP2
SIR2,SIR2,4932.YDL042C,SIR2
SIR3,SIR3,4932.YLR442C,SIR3
SIR4,SIR4,4932.YDR227W,SIR4
SIT4,SIT4,4932.YDL047W,SIT4
SKI2,SKI2,4932.YLR398C,SKI2
SKI3,SKI3,4932.YPR189W,SKI3
SKI6,SKI6,4932.YGR195W,SKI6
SKI8,SKI8,4932.YGL213C,SKI8
SKO1,SKO1,4932.YNL167C,SKO1
SKP1,SKP1,4932.YDR328C,SKP1
SLA1,SLA1,4932.YBL007C,SLA1
SLD2,SLD2,4932.YKL108W,SLD2
SLD5,SLD5,4932.YDR489W,SLD5
SLI15,SLI15,4932.YBR156C,SLI15
SLM1,SLM1,4932.YIL105C,SLM1
SLM2,SLM2,4932.YNL047C,SLM2
SLM4,SLM4,4932.YBR077C,SLM4
SLX1,SLX1,4932.YBR228W,SLX1
SLX4,SLX4,4932.YLR135W,SLX4
SLX5,SLX5,4932.YDL013W,SLX5
SLX8,SLX8,4932.YER116C,SLX8
SMB1,SMB1,4932.YER029C,SMB1
SMC1,SMC1,4932.YFL008W,SMC1
SMC2,SMC2,4932.YFR031C,SMC2
SMC3,SMC3,4932.YJL074C,SMC3
SMC4,SMC4,4932.YLR086W,SMC4
SMC5,SMC5,4932.YOL034W,SMC5
SMC6,SMC6,4932.YLR383W,SMC6
SMD1,SMD1,4932.YGR074W,SMD1
SMD2,SMD2,4932.YLR275W,SMD2
SMD3,SMD3,4932.YLR147C,SMD3
SME1,SME1,4932.YOR159C,SME1
SMX2,SMX2,4932.YFL017W-A,SMX2
SMX3,SMX3,4932.YPR182W,SMX3
SNC1,SNC1,4932.YAL030W,SNC1
SNF1,SNF1,4932.YDR477W,SNF1
SNF11,SNF11,4932.YDR073W,SNF11
SNF12,SNF12,4932.YNR023W,SNF12
SNF2,SNF2,4932.YOR290C,SNF2
SNF4,SNF4,4932.YGL115W,SNF4
SNF5,SNF5,4932.YBR289W,SNF5
SNF6,SNF6,4932.YHL025W,SNF6
SNF7,SNF7,4932.YLR025W,SNF7
SNF8,SNF8,4932.YPL002C,SNF8
SNM1,SNM1,4932.YDR478W,SNM1
SNO1,SNO1,4932.YMR095C,SNO1
SNP1,SNP1,4932.YIL061C,SNP1
SNT1,SNT1,4932.YCR033W,SNT1
SNT309,SNT309,4932.YPR101W,SNT309
SNU114,SNU114,4932.YKL173W,SNU114
SNU13,SNU13,4932.YEL026W,SNU13
SNU23,SNU23,4932.YDL098C,SNU23
SNU56,SNU56,4932.YDR240C,SNU56
SNU66,SNU66,4932.YOR308C,SNU66
SNU71,SNU71,4932.YGR013W,SNU71
SNX4,SNX4,4932.YJL036W,SNX4
SNX41,SNX41,4932.YDR425W,SNX41
SNZ1,SNZ1,4932.YMR096W,SNZ1
SOD1,SOD1,4932.YJR104C,SOD1
SOG2,SOG2,4932.YOR353C,SOG2
SOH1,SOH1,4932.YGL127C,SOH1
SPA2,SPA2,4932.YLL021W,SPA2
SPC110,SPC110,4932.YDR356W,SPC110
SPC19,SPC19,4932.YDR201W,SPC19
SPC24,SPC24,4932.YMR117C,SPC24
SPC25,SPC25,4932.YER018C,SPC25
SPC29,SPC29,4932.YPL124W,SPC29
SPC34,SPC34,4932.YKR037C,SPC34
SPC42,SPC42,4932.YKL042W,SPC42
SPC72,SPC72,4932.YAL047C,SPC72
SPC97,SPC97,4932.YHR172W,SPC97
SPC98,SPC98,4932.YNL126W,SPC98
SPO11,SPO11,4932.YHL022C,SPO11
SPO7,SPO7,4932.YAL009W,SPO7
SPP1,SPP1,4932.YPL138C,SPP1
SPP381,SPP381,4932.YBR152W,SPP381
SPP382,SPP382,4932.YLR424W,SPP382
SPT15,SPT15,4932.YER148W,SPT15
SPT16,SPT16,4932.YGL207W,SPT16
SPT20,SPT20,4932.YOL148C,SPT20
SPT3,SPT3,4932.YDR392W,SPT3
SPT4,SPT4,4932.YGR063C,SPT4
SPT5,SPT5,4932.YML010W,SPT5
SPT7,SPT7,4932.YBR081C,SPT7
SPT8,SPT8,4932.YLR055C,SPT8
SRB2,SRB2,4932.YHR041C,SRB2
SRB4,SRB4,4932.YER022W,SRB4
SRB5,SRB5,4932.YGR104C,SRB5
SRB6,SRB6,4932.YBR253W,SRB6
SRB7,SRB7,4932.YDR308C,SRB7
SRB8,SRB8,4932.YCR081W,SRB8
SRN2,SRN2,4932.YLR119W,SRN2
SRO7,SRO7,4932.YPR032W,SRO7
SRO9,SRO9,4932.YCL037C,SRO9
SRP101,SRP101,4932.YDR292C,SRP101
SRP102,SRP102,4932.YKL154W,SRP102
SRP14,SRP14,4932.YDL092W,SRP14
SRP21,SRP21,4932.YKL122C,SRP21
SRP54,SRP54,4932.YPR088C,SRP54
SRP68,SRP68,4932.YPL243W,SRP68
SRP72,SRP72,4932.YPL210C,SRP72
SRV2,SRV2,4932.YNL138W,SRV2
SSA3,SSA3,4932.YBL075C,SSA3
SSC1,SSC1,4932.YJR045C,SSC1
SSH1,SSH1,4932.YBR283C,SSH1
SSL1,SSL1,4932.YLR005W,SSL1
SSL2,SSL2,4932.YIL143C,SSL2
SSN2,SSN2,4932.YDR443C,SSN2
SSN3,SSN3,4932.YPL042C,SSN3
SSN8,SSN8,4932.YNL025C,SSN8
SSO1,SSO1,4932.YPL232W,SSO1
SSS1,SSS1,4932.YDR086C,SSS1
SSU72,SSU72,4932.YNL222W,SSU72
SSZ1,SSZ1,4932.YHR064C,SSZ1
STE11,STE11,4932.YLR362W,STE11
STE12,STE12,4932.YHR084W,STE12
STE18,STE18,4932.YJR086W,STE18
STE20,STE20,4932.YHL007C,STE20
STE4,STE4,4932.YOR212W,STE4
STE5,STE5,4932.YDR103W,STE5
STE7,STE7,4932.YDL159W,STE7
STF1,STF1,4932.YDL130W-A,STF1
STF2,STF2,4932.YGR008C,STF2
STH1,STH1,4932.YIL126W,STH1
STO1,STO1,4932.YMR125W,STO1
STP22,STP22,4932.YCL008C,STP22
STT3,STT3,4932.YGL022W,STT3
STV1,STV1,4932.YMR054W,STV1
SUB2,SUB2,4932.YDL084W,SUB2
SUI1,SUI1,4932.YNL244C,SUI1
SUI2,SUI2,4932.YJR007W,SUI2
SUI3,SUI3,4932.YPL237W,SUI3
SUM1,SUM1,4932.YDR310C,SUM1
SUP35,SUP35,4932.YDR172W,SUP35
SUP45,SUP45,4932.YBR143C,SUP45
SUS1,SUS1,4932.YBR111W-A,SUS1
SUV3,SUV3,4932.YPL029W,SUV3
SWC3,SWC3,4932.YAL011W,SWC3
SWC4,SWC4,4932.YGR002C,SWC4
SWC5,SWC5,4932.YBR231C,SWC5
SWC7,SWC7,4932.YLR385C,SWC7
SWD1,SWD1,4932.YAR003W,SWD1
SWD2,SWD2,4932.YKL018W,SWD2
SWD3,SWD3,4932.YBR175W,SWD3
SWI1,SWI1,4932.YPL016W,SWI1
SWI3,SWI3,4932.YJL176C,SWI3
SWI4,SWI4,4932.YER111C,SWI4
SWI6,SWI6,4932.YLR182W,SWI6
SWM1,SWM1,4932.YDR260C,SWM1
SWP1,SWP1,4932.YMR149W,SWP1
SWP82,SWP82,4932.YFL049W,SWP82
SWR1,SWR1,4932.YDR334W,SWR1
SWS2,SWS2,4932.YNL081C,SWS2
SYC1,SYC1,4932.YOR179C,SYC1
SYF1,SYF1,4932.YDR416W,SYF1
SYF2,SYF2,4932.YGR129W,SYF2
TAF1,TAF1,4932.YGR274C,TAF1
TAF10,TAF10,4932.YDR167W,TAF10
TAF11,TAF11,4932.YML015C,TAF11
TAF12,TAF12,4932.YDR145W,TAF12
TAF13,TAF13,4932.YML098W,TAF13
TAF14,TAF14,4932.YPL129W,TAF14
TAF2,TAF2,4932.YCR042C,TAF2
TAF3,TAF3,4932.YPL011C,TAF3
TAF4,TAF4,4932.YMR005W,TAF4
TAF5,TAF5,4932.YBR198C,TAF5
TAF6,TAF6,4932.YGL112C,TAF6
TAF7,TAF7,4932.YMR227C,TAF7
TAF8,TAF8,4932.YML114C,TAF8
TAF9,TAF9,4932.YMR236W,TAF9
TAP42,TAP42,4932.YMR028W,TAP42
TCO89,TCO89,4932.YPL180W,TCO89
TCP1,TCP1,4932.YDR212W,TCP1
TEF1,TEF1,4932.YPR080W,TEF1
TEF2,TEF2,4932.YBR118W,TEF2
TEF4,TEF4,4932.YKL081W,TEF4
TEX1,TEX1,4932.YNL253W,TEX1
TFA1,TFA1,4932.YKL028W,TFA1
TFA2,TFA2,4932.YKR062W,TFA2
TFB1,TFB1,4932.YDR311W,TFB1
TFB2,TFB2,4932.YPL122C,TFB2
TFB3,TFB3,4932.YDR460W,TFB3
TFB4,TFB4,4932.YPR056W,TFB4
TFB5,TFB5,4932.YDR079C-A,TFB5
TFC1,TFC1,4932.YBR123C,TFC1
TFC3,TFC3,4932.YAL001C,TFC3
TFC4,TFC4,4932.YGR047C,TFC4
TFC6,TFC6,4932.YDR362C,TFC6
TFC7,TFC7,4932.YOR110W,TFC7
TFC8,TFC8,4932.YPL007C,TFC8
TFG1,TFG1,4932.YGR186W,TFG1
TFG2,TFG2,4932.YGR005C,TFG2
THO2,RLR1,4932.YNL139C,THO2
THP1,THP1,4932.YOL072W,THP1
THP2,THP2,4932.YHR167W,THP2
TIF1,TIF1,4932.YKR059W,TIF1
TIF11,TIF11,4932.YMR260C,TIF11
TIF34,TIF34,4932.YMR146C,TIF34
TIF35,TIF35,4932.YDR429C,TIF35
TIF4631,TIF4631,4932.YGR162W,TIF4631
TIF5,TIF5,4932.YPR041W,TIF5
TIM10,MRS11,4932.YHR005C-A,TIM10
TIM11,TIM11,4932.YDR322C-A,TIM11
TIM12,MRS5,4932.YBR091C,TIM12
TIM13,TIM13,4932.YGR181W,TIM13
TIM17,TIM17,4932.YJL143W,TIM17
TIM18,TIM18,4932.YOR297C,TIM18
TIM21,TIM21,4932.YGR033C,TIM21
TIM22,TIM22,4932.YDL217C,TIM22
TIM23,TIM23,4932.YNR017W,TIM23
TIM44,TIM44,4932.YIL022W,TIM44
TIM50,TIM50,4932.YPL063W,TIM50
TIM54,TIM54,4932.YJL054W,TIM54
TIM8,TIM8,4932.YJR135W-A,TIM8
TIM9,TIM9,4932.YEL020W-A,TIM9
TIP20,TIP20,4932.YGL145W,TIP20
TOA1,TOA1,4932.YOR194C,TOA1
TOA2,TOA2,4932.YKL058W,TOA2
TOF1,TOF1,4932.YNL273W,TOF1
TOM20,TOM20,4932.YGR082W,TOM20
TOM22,TOM22,4932.YNL131W,TOM22
TOM40,TOM40,4932.YMR203W,TOM40
TOM5,TOM5,4932.YPR133W-A,TOM5
TOM6,TOM6,4932.YOR045W,TOM6
TOM7,TOM7,4932.YNL070W,TOM7
TOM70,TOM70,4932.YNL121C,TOM70
TOP3,TOP3,4932.YLR234W,TOP3
TOR1,TOR1,4932.YJR066W,TOR1
TOR2,TOR2,4932.YKL203C,TOR2
TPD3,TPD3,4932.YAL016W,TPD3
TPK1,TPK1,4932.YJL164C,TPK1
TPK2,TPK2,4932.YPL203W,TPK2
TPK3,TPK3,4932.YKL166C,TPK3
TPS1,TPS1,4932.YBR126C,TPS1
TPS2,TPS2,4932.YDR074W,TPS2
TPS3,TPS3,4932.YMR261C,TPS3
TRA1,TRA1,4932.YHR099W,TRA1
TRM11,TRM11,4932.YOL124C,TRM11
TRM112,TRM112,4932.YNR046W,TRM112
TRM8,TRM8,4932.YDL201W,TRM8
TRM82,TRM82,4932.YDR165W,TRM82
TRS120,TRS120,4932.YDR407C,TRS120
TRS130,TRS130,4932.YMR218C,TRS130
TRS20,TRS20,4932.YBR254C,TRS20
TRS23,TRS23,4932.YDR246W,TRS23
TRS31,TRS31,4932.YDR472W,TRS31
TRS33,TRS33,4932.YOR115C,TRS33
TRS65,KRE11,4932.YGR166W,TRS65
TRS85,GSG1,4932.YDR108W,TRS85
TSC11,TSC11,4932.YER093C,TSC11
TSL1,TSL1,4932.YML100W,TSL1
TUB1,TUB1,4932.YML085C,TUB1
TUB2,TUB2,4932.YFL037W,TUB2
TUB4,TUB4,4932.YLR212C,TUB4
TUP1,TUP1,4932.YCR084C,TUP1
UAF30,UAF30,4932.YOR295W,UAF30
UBA2,UBA2,4932.YDR390C,UBA2
UBA3,UBA3,4932.YPR066W,UBA3
UBC13,UBC13,4932.YDR092W,UBC13
UBP3,UBP3,4932.YER151C,UBP3
UBP6,UBP6,4932.YFR010W,UBP6
UBP8,UBP8,4932.YMR223W,UBP8
UFD1,UFD1,4932.YGR048W,UFD1
UFE1,UFE1,4932.YOR075W,UFE1
UGO1,UGO1,4932.YDR470C,UGO1
ULA1,ULA1,4932.YPL003W,ULA1
UME1,UME1,4932.YPL139C,UME1
UME6,UME6,4932.YDR207C,UME6
UPF3,UPF3,4932.YGR072W,UPF3
URB1,URB1,4932.YKL014C,URB1
URB2,URB2,4932.YJR041C,URB2
USA1,USA1,4932.YML029W,USA1
USE1,USE1,4932.YGL098W,USE1
UTP10,UTP10,4932.YJL109C,UTP10
UTP13,UTP13,4932.YLR222C,UTP13
UTP15,UTP15,4932.YMR093W,UTP15
UTP18,UTP18,4932.YJL069C,UTP18
UTP21,UTP21,4932.YLR409C,UTP21
UTP22,UTP22,4932.YGR090W,UTP22
UTP4,UTP4,4932.YDR324C,UTP4
UTP6,UTP6,4932.YDR449C,UTP6
UTP8,UTP8,4932.YGR128C,UTP8
UTP9,UTP9,4932.YHR196W,UTP9
VAC14,VAC14,4932.YLR386W,VAC14
VAM3,VAM3,4932.YOR106W,VAM3
VAM6,VAM6,4932.YDL077C,VAM6
VAM7,VAM7,4932.YGL212W,VAM7
VAN1,VAN1,4932.YML115C,VAN1
VAR1,VAR1,4932.Q0140,VAR1
VMA1,TFP1,4932.YDL185W,VMA1
VMA10,VMA10,4932.YHR039C-A,VMA10
VMA11,TFP3,4932.YPL234C,VMA11
VMA13,VMA13,4932.YPR036W,VMA13
VMA2,VMA2,4932.YBR127C,VMA2
VMA22,VMA22,4932.YHR060W,VMA22
VMA3,CUP5,4932.YEL027W,VMA3
VMA4,VMA4,4932.YOR332W,VMA4
VMA5,VMA5,4932.YKL080W,VMA5
VMA6,VMA6,4932.YLR447C,VMA6
VMA7,VMA7,4932.YGR020C,VMA7
VMA8,VMA8,4932.YEL051W,VMA8
VPH1,VPH1,4932.YOR270C,VPH1
VPH2,VPH2,4932.YKL119C,VPH2
VPS15,VPS15,4932.YBR097W,VPS15
VPS16,VPS16,4932.YPL045W,VPS16
VPS17,VPS17,4932.YOR132W,VPS17
VPS20,VPS20,4932.YMR077C,VPS20
VPS24,VPS24,4932.YKL041W,VPS24
VPS25,VPS25,4932.YJR102C,VPS25
VPS27,VPS27,4932.YNR006W,VPS27
VPS28,VPS28,4932.YPL065W,VPS28
VPS29,VPS29,4932.YHR012W,VPS29
VPS3,VPS3,4932.YDR495C,VPS3
VPS30,VPS30,4932.YPL120W,VPS30
VPS33,VPS33,4932.YLR396C,VPS33
VPS34,VPS34,4932.YLR240W,VPS34
VPS35,VPS35,4932.YJL154C,VPS35
VPS36,VPS36,4932.YLR417W,VPS36
VPS38,VPS38,4932.YLR360W,VPS38
VPS41,VPS41,4932.YDR080W,VPS41
VPS5,VPS5,4932.YOR069W,VPS5
VPS51,VPS51,4932.YKR020W,VPS51
VPS52,VPS52,4932.YDR484W,VPS52
VPS53,VPS53,4932.YJL029C,VPS53
VPS54,VPS54,4932.YDR027C,VPS54
VPS64,VPS64,4932.YDR200C,VPS64
VPS71,VPS71,4932.YML041C,VPS71
VPS72,VPS72,4932.YDR485C,VPS72
VPS75,VPS75,4932.YNL246W,VPS75
VPS8,VPS8,4932.YAL002W,VPS8
WBP1,WBP1,4932.YEL002C,WBP1
XRS2,XRS2,4932.YDR369C,XRS2
YAF9,YAF9,4932.YNL107W,YAF9
YCG1,YCG1,4932.YDR325W,YCG1
YCS4,YCS4,4932.YLR272C,YCS4
YDJ1,YDJ1,4932.YNL064C,YDJ1
YHC1,YHC1,4932.YLR298C,YHC1
YJR084W,CSN12,4932.YJR084W,YJR084W
YKE2,YKE2,4932.YLR200W,YKE2
YKU70,YKU70,4932.YMR284W,YKU70
YKU80,YKU80,4932.YMR106C,YKU80
YME1,YME1,4932.YPR024W,YME1
YML6,YML6,4932.YML025C,YML6
YMR31,YMR31,4932.YFR049W,YMR31
YNG1,YNG1,4932.YOR064C,YNG1
YNG2,YNG2,4932.YHR090C,YNG2
YOS9,YOS9,4932.YDR057W,YOS9
YRA1,YRA1,4932.YDR381W,YRA1
YSF3,YSF3,4932.YNL138W-A,YSF3
YSH1,YSH1,4932.YLR277C,YSH1
YTA12,YTA12,4932.YMR089C,YTA12
YTH1,YTH1,4932.YPR107C,YTH1
ZIP1,ZIP1,4932.YDR285W,ZIP1
ZIP2,ZIP2,4932.YGL249W,ZIP2
ZUO1,ZUO1,4932.YGR285C,ZUO1
