community_id,node_label,preferredName,queryItem,stringId
1,ABF1,ABF1,ABF1,4932.YKL112W
1,ACT1,ACT1,ACT1,4932.YFL039C
1,ADA2,ADA2,ADA2,4932.YDR448W
1,AFG3,AFG3,AFG3,4932.YER017C
1,AHC1,AHC1,AHC1,4932.YOR023C
1,AME1,AME1,AME1,4932.YBR211C
1,AOS1,AOS1,AOS1,4932.YPR180W
1,APC1,APC1,APC1,4932.YNL172W
1,APC11,APC11,APC11,4932.YDL008W
1,APC2,APC2,APC2,4932.YLR127C
1,APC4,APC4,APC4,4932.YDR118W
1,APC5,APC5,APC5,4932.YOR249C
1,APC9,APC9,APC9,4932.YLR102C
1,APL3,APL3,APL3,4932.YBL037W
1,APM4,APM4,APM4,4932.YOL062C
1,APS2,APS2,APS2,4932.YJR058C
1,ARC15,ARC15,ARC15,4932.YIL062C
1,ARC18,ARC18,ARC18,4932.YLR370C
1,ARC19,ARC19,ARC19,4932.YKL013C
1,ARC35,ARC35,ARC35,4932.YNR035C
1,ARC40,ARC40,ARC40,4932.YBR234C
1,ARG2,ARG2,ARG2,4932.YJL071W
1,ARG3,ARG3,ARG3,4932.YJL088W
1,"ARG5,6","ARG5,6","ARG5,6",4932.YER069W
1,ARG80,ARG80,ARG80,4932.YMR042W
1,ARG81,ARG81,ARG81,4932.YML099C
1,ARG82,ARG82,ARG82,4932.YDR173C
1,ARP1,ARP1,ARP1,4932.YHR129C
1,ARP10,ARP10,ARP10,4932.YDR106W
1,ARP2,ARP2,ARP2,4932.YDL029W
1,ARP3,ARP3,ARP3,4932.YJR065C
1,ARP4,ARP4,ARP4,4932.YJL081C
1,ARP5,ARP5,ARP5,4932.YNL059C
1,ARP6,ARP6,ARP6,4932.YLR085C
1,ARP7,ARP7,ARP7,4932.YPR034W
1,ARP8,ARP8,ARP8,4932.YOR141C
1,ARP9,ARP9,ARP9,4932.YMR033W
1,ASF1,ASF1,ASF1,4932.YJL115W
1,ASH1,ASH1,ASH1,4932.YKL185W
1,ASK1,ASK1,ASK1,4932.YKL052C
1,ATG12,ATG12,ATG12,4932.YBR217W
1,ATG14,ATG14,ATG14,4932.YBR128C
1,ATG16,ATG16,ATG16,4932.YMR159C
1,ATG20,ATG20,ATG20,4932.YDL113C
1,ATG32,ATG32,ECM17,4932.YIL146C
1,ATG5,ATG5,ATG5,4932.YPL149W
1,ATP1,ATP1,ATP1,4932.YBL099W
1,ATP14,ATP14,ATP14,4932.YLR295C
1,ATP15,ATP15,ATP15,4932.YPL271W
1,ATP16,ATP16,ATP16,4932.YDL004W
1,ATP17,ATP17,ATP17,4932.YDR377W
1,ATP18,ATP18,ATP18,4932.YML081C-A
1,ATP19,ATP19,ATP19,4932.YOL077W-A
1,ATP2,ATP2,ATP2,4932.YJR121W
1,ATP20,ATP20,ATP20,4932.YPR020W
1,ATP3,ATP3,ATP3,4932.YBR039W
1,ATP4,ATP4,ATP4,4932.YPL078C
1,ATP5,ATP5,ATP5,4932.YDR298C
1,ATP6,ATP6,ATP6,4932.Q0085
1,ATP7,ATP7,ATP7,4932.YKL016C
1,ATP8,ATP8,ATP8,4932.Q0080
1,AVO1,AVO1,AVO1,4932.YOL078W
1,AVO2,AVO2,AVO2,4932.YMR068W
1,BBP1,BBP1,BBP1,4932.YPL255W
1,BCY1,BCY1,BCY1,4932.YIL033C
1,BDP1,BDP1,BDP1,4932.YNL039W
1,BFA1,BFA1,BFA1,4932.YJR053W
1,BI3,BI3,BI3,4932.Q0115
1,BI4,BI4,BI4,4932.Q0120
1,BIR1,BIR1,BIR1,4932.YJR089W
1,BIT61,BIT61,BIT61,4932.YJL058C
1,BNI4,BNI4,BNI4,4932.YNL233W
1,BRE1,BRE1,BRE1,4932.YDL074C
1,BRE2,BRE2,BRE2,4932.YLR015W
1,BRF1,BRF1,BRF1,4932.YGR246C
1,BRN1,BRN1,BRN1,4932.YBL097W
1,BUB1,BUB1,BUB1,4932.YGR188C
1,BUB2,BUB2,BUB2,4932.YMR055C
1,BUB3,BUB3,BUB3,4932.YOR026W
1,BUD14,BUD14,BUD14,4932.YAR014C
1,BUD6,BUD6,BUD6,4932.YLR319C
1,BUL1,BUL1,BUL1,4932.YMR275C
1,BUL2,BUL2,BUL2,4932.YML111W
1,BUR2,BUR2,BUR2,4932.YLR226W
1,BUR6,BUR6,BUR6,4932.YER159C
1,CAC2,CAC2,CAC2,4932.YML102W
1,CAR1,CAR1,CAR1,4932.YPL111W
1,CBF1,CBF1,CBF1,4932.YJR060W
1,CBF2,CBF2,CBF2,4932.YGR140W
1,CBK1,CBK1,CBK1,4932.YNL161W
1,CBP1,CBP1,CBP1,4932.YJL209W
1,CCL1,CCL1,CCL1,4932.YPR025C
1,CCR4,CCR4,CCR4,4932.YAL021C
1,CCS1,CCS1,CCS1,4932.YMR038C
1,CCT2,CCT2,CCT2,4932.YIL142W
1,CCT3,CCT3,CCT3,4932.YJL014W
1,CCT4,CCT4,CCT4,4932.YDL143W
1,CCT5,CCT5,CCT5,4932.YJR064W
1,CCT6,CCT6,CCT6,4932.YDR188W
1,CCT7,CCT7,CCT7,4932.YJL111W
1,CCT8,CCT8,CCT8,4932.YJL008C
1,CDC14,CDC14,CDC14,4932.YFR028C
1,CDC16,CDC16,CDC16,4932.YKL022C
1,CDC20,CDC20,CDC20,4932.YGL116W
1,CDC23,CDC23,CDC23,4932.YHR166C
1,CDC24,CDC24,CDC24,4932.YAL041W
1,CDC26,CDC26,CDC26,4932.YFR036W
1,CDC27,CDC27,CDC27,4932.YBL084C
1,CDC28,CDC28,CDC28,4932.YBR160W
1,CDC34,CDC34,CDC34,4932.YDR054C
1,CDC4,CDC4,CDC4,4932.YFL009W
1,CDC42,CDC42,CDC42,4932.YLR229C
1,CDC43,CDC43,CDC43,4932.YGL155W
1,CDC48,CDC48,CDC48,4932.YDL126C
1,CDC53,CDC53,CDC53,4932.YDL132W
1,CDC55,CDC55,CDC55,4932.YGL190C
1,CDC7,CDC7,CDC7,4932.YDL017W
1,CDC73,CDC73,CDC73,4932.YLR418C
1,CDH1,CDH1,CDH1,4932.YGL003C
1,CEG1,CEG1,CEG1,4932.YGL130W
1,CEP3,CEP3,CEP3,4932.YMR168C
1,CET1,CET1,CET1,4932.YPL228W
1,CFT1,CFT1,CFT1,4932.YDR301W
1,CFT2,CFT2,CFT2,4932.YLR115W
1,CHC1,CHC1,CHC1,4932.YGL206C
1,CHD1,CHD1,CHD1,4932.YER164W
1,CHZ1,CHZ1,CHZ1,4932.YER030W
1,CLB1,CLB1,CLB1,4932.YGR108W
1,CLB2,CLB2,CLB2,4932.YPR119W
1,CLB3,CLB3,CLB3,4932.YDL155W
1,CLB4,CLB4,CLB4,4932.YLR210W
1,CLB5,CLB5,CLB5,4932.YPR120C
1,CLB6,CLB6,CLB6,4932.YGR109C
1,CLC1,CLC1,CLC1,4932.YGR167W
1,CLN1,CLN1,CLN1,4932.YMR199W
1,CLN2,CLN2,CLN2,4932.YPL256C
1,CLN3,CLN3,CLN3,4932.YAL040C
1,CLP1,CLP1,CLP1,4932.YOR250C
1,CMD1,CMD1,CMD1,4932.YBR109C
1,CMP2,CMP2,CMP2,4932.YML057W
1,CNA1,CNA1,CNA1,4932.YLR433C
1,CNB1,CNB1,CNB1,4932.YKL190W
1,CNM67,CNM67,CNM67,4932.YNL225C
1,COB,COB,COB,4932.Q0105
1,COQ3,COQ3,COQ3,4932.YOL096C
1,COQ4,COQ4,COQ4,4932.YDR204W
1,COR1,COR1,COR1,4932.YBL045C
1,COX1,COX1,COX1,4932.Q0045
1,COX12,COX12,COX12,4932.YLR038C
1,COX13,COX13,COX13,4932.YGL191W
1,COX14,COX14,COX14,4932.YML129C
1,COX2,COX2,COX2,4932.Q0250
1,COX3,COX3,COX3,4932.Q0275
1,COX4,COX4,COX4,4932.YGL187C
1,COX5A,COX5A,COX5A,4932.YNL052W
1,COX6,COX6,COX6,4932.YHR051W
1,COX7,COX7,COX7,4932.YMR256C
1,COX8,COX8,COX8,4932.YLR395C
1,COX9,COX9,COX9,4932.YDL067C
1,CPA1,CPA1,CPA1,4932.YOR303W
1,CPA2,CPA2,CPA2,4932.YJR109C
1,CSE2,CSE2,CSE2,4932.YNR010W
1,CSG2,CSG2,CSG2,4932.YBR036C
1,CSH1,CSH1,CSH1,4932.YBR161W
1,CSM1,CSM1,CSM1,4932.YCR086W
1,CSM3,CSM3,CSM3,4932.YMR048W
1,CTF13,CTF13,CTF13,4932.YMR094W
1,CTF18,CTF18,CTF18,4932.YMR078C
1,CTF19,CTF19,CTF19,4932.YPL018W
1,CTF3,CTF3,CTF3,4932.YLR381W
1,CTF8,CTF8,CTF8,4932.YHR191C
1,CTI6,CTI6,CTI6,4932.YPL181W
1,CTK1,CTK1,CTK1,4932.YKL139W
1,CTK2,CTK2,CTK2,4932.YJL006C
1,CTK3,CTK3,CTK3,4932.YML112W
1,CTR9,CTR9,CTR9,4932.YOL145C
1,CUL3,CUL3,CUL3,4932.YGR003W
1,CYC8,CYC8,CYC8,4932.YBR112C
1,CYR1,CYR1,CYR1,4932.YJL005W
1,CYT1,CYT1,CYT1,4932.YOR065W
1,DAD1,DAD1,DAD1,4932.YDR016C
1,DAD2,DAD2,DAD2,4932.YKR083C
1,DAD3,DAD3,DAD3,4932.YBR233W-A
1,DAD4,DAD4,DAD4,4932.YDR320C-A
1,DAM1,DAM1,DAM1,4932.YGR113W
1,DBF2,DBF2,DBF2,4932.YGR092W
1,DBF4,DBF4,DBF4,4932.YDR052C
1,DCC1,DCC1,DCC1,4932.YCL016C
1,DCS1,DCS1,DCS1,4932.YLR270W
1,DCS2,DCS2,DCS2,4932.YOR173W
1,DDC1,DDC1,DDC1,4932.YPL194W
1,DEF1,DEF1,DEF1,4932.YKL054C
1,DEP1,DEP1,DEP1,4932.YAL013W
1,DER1,DER1,DER1,4932.YBR201W
1,DIG1,DIG1,DIG1,4932.YPL049C
1,DIG2,DIG2,DIG2,4932.YDR480W
1,DLS1,DLS1,DLS1,4932.YJL065C
1,DNL4,DNL4,DNL4,4932.YOR005C
1,DOC1,DOC1,DOC1,4932.YGL240W
1,DPB11,DPB11,DPB11,4932.YJL090C
1,DPB2,DPB2,DPB2,4932.YPR175W
1,DPB3,DPB3,DPB3,4932.YBR278W
1,DPB4,DPB4,DPB4,4932.YDR121W
1,DSN1,DSN1,DSN1,4932.YIR010W
1,DUG1,DUG1,DUG1,4932.YFR044C
1,DUG2,DUG2,DUG2,4932.YBR281C
1,DUG3,DUG3,DUG3,4932.YNL191W
1,DUO1,DUO1,DUO1,4932.YGL061C
1,DYN1,DYN1,DYN1,4932.YKR054C
1,DYN2,DYN2,DYN2,4932.YDR424C
1,DYN3,DYN3,DYN3,4932.YMR299C
1,EAF1,EAF1,EAF1,4932.YDR359C
1,EAF3,EAF3,EAF3,4932.YPR023C
1,EAF5,EAF5,EAF5,4932.YEL018W
1,EAF6,EAF6,EAF6,4932.YJR082C
1,EAF7,EAF7,EAF7,4932.YNL136W
1,ELC1,ELC1,ELC1,4932.YPL046C
1,ELG1,ELG1,ELG1,4932.YOR144C
1,ELP2,ELP2,ELP2,4932.YGR200C
1,ELP3,ELP3,ELP3,4932.YPL086C
1,ELP4,ELP4,ELP4,4932.YPL101W
1,ELP6,ELP6,ELP6,4932.YMR312W
1,END3,END3,END3,4932.YNL084C
1,EPL1,EPL1,EPL1,4932.YFL024C
1,ERF2,ERF2,ERF2,4932.YLR246W
1,ESA1,ESA1,ESA1,4932.YOR244W
1,ESP1,ESP1,ESP1,4932.YGR098C
1,EST1,EST1,EST1,4932.YLR233C
1,EST2,EST2,EST2,4932.YLR318W
1,EST3,EST3,EST3,4932.YIL009C-A
1,FAR1,FAR1,FAR1,4932.YJL157C
1,FAR10,FAR10,FAR10,4932.YLR238W
1,FAR11,FAR11,FAR11,4932.YNL127W
1,FAR3,FAR3,FAR3,4932.YMR052W
1,FAR7,FAR7,FAR7,4932.YFR008W
1,FAR8,FAR8,FAR8,4932.YMR029C
1,FET3,FET3,FET3,4932.YMR058W
1,FIG4,FIG4,FIG4,4932.YNL325C
1,FIP1,FIP1,FIP1,4932.YJR093C
1,FKS1,FKS1,FKS1,4932.YLR342W
1,FTH1,FTH1,FTH1,4932.YBR207W
1,FTR1,FTR1,FTR1,4932.YER145C
1,FUS3,FUS3,FUS3,4932.YBL016W
1,FZO1,FZO1,FZO1,4932.YBR179C
1,GAC1,GAC1,GAC1,4932.YOR178C
1,GAL11,GAL11,GAL11,4932.YOL051W
1,GAL3,GAL3,GAL3,4932.YDR009W
1,GAL4,GAL4,GAL4,4932.YPL248C
1,GAL80,GAL80,GAL80,4932.YML051W
1,GAL83,GAL83,GAL83,4932.YER027C
1,GCN5,GCN5,GCN5,4932.YGR252W
1,GCR1,GCR1,GCR1,4932.YPL075W
1,GCR2,GCR2,GCR2,4932.YNL199C
1,GCV1,GCV1,GCV1,4932.YDR019C
1,GCV2,GCV2,GCV2,4932.YMR189W
1,GCV3,GCV3,GCV3,4932.YAL044C
1,GIM3,GIM3,GIM3,4932.YNL153C
1,GIM4,GIM4,GIM4,4932.YEL003W
1,GIM5,GIM5,GIM5,4932.YML094W
1,GIP1,GIP1,GIP1,4932.YBR045C
1,GLC7,GLC7,GLC7,4932.YER133W
1,GPA1,GPA1,GPA1,4932.YHR005C
1,GRR1,GRR1,GRR1,4932.YJR090C
1,GSC2,GSC2,GSC2,4932.YGR032W
1,GTR1,GTR1,GTR1,4932.YML121W
1,GTR2,GTR2,GTR2,4932.YGR163W
1,GYL1,GYL1,GYL1,4932.YMR192W
1,GYP5,GYP5,GYP5,4932.YPL249C
1,HAP2,HAP2,HAP2,4932.YGL237C
1,HAP3,HAP3,HAP3,4932.YBL021C
1,HAP4,HAP4,HAP4,4932.YKL109W
1,HAP5,HAP5,HAP5,4932.YOR358W
1,HAT1,HAT1,HAT1,4932.YPL001W
1,HAT2,HAT2,HAT2,4932.YEL056W
1,HDA1,HDA1,HDA1,4932.YNL021W
1,HDA2,HDA2,HDA2,4932.YDR295C
1,HDA3,HDA3,HDA3,4932.YPR179C
1,HFI1,HFI1,HFI1,4932.YPL254W
1,HHF1,HHF1,HHF1,4932.YBR009C
1,HHF2,HHF2,HHF2,4932.YNL030W
1,HHT1,HHT1,HHT1,4932.YBR010W
1,HHT2,HHT2,HHT2,4932.YNL031C
1,HIF1,HIF1,HIF1,4932.YLL022C
1,HIR1,HIR1,HIR1,4932.YBL008W
1,HIR2,HIR2,HIR2,4932.YOR038C
1,HIR3,HIR3,HIR3,4932.YJR140C
1,HOP1,HOP1,HOP1,4932.YIL072W
1,HOP2,HOP2,HOP2,4932.YGL033W
1,HOS2,HOS2,HOS2,4932.YGL194C
1,HOS4,HOS4,HOS4,4932.YIL112W
1,HPC2,HPC2,HPC2,4932.YBR215W
1,HRD1,HRD1,HRD1,4932.YOL013C
1,HRD3,HRD3,HRD3,4932.YLR207W
1,HRP1,HRP1,HRP1,4932.YOL123W
1,HRR25,HRR25,HRR25,4932.YPL204W
1,HRT1,HRT1,HRT1,4932.YOL133W
1,HSC82,HSC82,HSC82,4932.YMR186W
1,HSK3,HSK3,HSK3,4932.YKL138C-A
1,HST1,HST1,HST1,4932.YOL068C
1,HTA1,HTA1,HTA1,4932.YDR225W
1,HTA2,HTA2,HTA2,4932.YBL003C
1,HTB1,HTB1,HTB1,4932.YDR224C
1,HTB2,HTB2,HTB2,4932.YBL002W
1,HTL1,HTL1,HTL1,4932.YCR020W-B
1,HTZ1,HTZ1,HTZ1,4932.YOL012C
1,HYM1,HYM1,HYM1,4932.YKL189W
1,IDH1,IDH1,IDH1,4932.YNL037C
1,IDH2,IDH2,IDH2,4932.YOR136W
1,IES1,IES1,IES1,4932.YFL013C
1,IES3,IES3,IES3,4932.YLR052W
1,IES4,IES4,IES4,4932.YOR189W
1,IFH1,IFH1,IFH1,4932.YLR223C
1,IKI1,IKI1,IKI1,4932.YHR187W
1,IKI3,IKI3,IKI3,4932.YLR384C
1,ILV2,ILV2,ILV2,4932.YMR108W
1,ILV6,ILV6,ILV6,4932.YCL009C
1,IME1,IME1,IME1,4932.YJR094C
1,IMP1,IMP1,IMP1,4932.YMR150C
1,IMP2,IMP2,IMP2,4932.YIL154C
1,INH1,INH1,INH1,4932.YDL181W
1,INO2,INO2,INO2,4932.YDR123C
1,INO4,INO4,INO4,4932.YOL108C
1,INO80,INO80,INO80,4932.YGL150C
1,IOC2,IOC2,IOC2,4932.YLR095C
1,IOC3,IOC3,IOC3,4932.YFR013W
1,IOC4,IOC4,IOC4,4932.YMR044W
1,IPL1,IPL1,IPL1,4932.YPL209C
1,IPP1,IPP1,PPA1,4932.YBR011C
1,IRR1,IRR1,IRR1,4932.YIL026C
1,ISD11,ISD11,ISD11,4932.YER048W-A
1,ISW1,ISW1,ISW1,4932.YBR245C
1,ISW2,ISW2,ISW2,4932.YOR304W
1,ITC1,ITC1,ITC1,4932.YGL133W
1,JNM1,JNM1,JNM1,4932.YMR294W
1,KAR2,KAR2,KAR2,4932.YJL034W
1,KEL1,KEL1,KEL1,4932.YHR158C
1,KEL2,KEL2,KEL2,4932.YGR238C
1,KGD1,KGD1,KGD1,4932.YIL125W
1,KGD2,KGD2,KGD2,4932.YDR148C
1,KIC1,KIC1,KIC1,4932.YHR102W
1,KIN28,KIN28,KIN28,4932.YDL108W
1,KOG1,KOG1,KOG1,4932.YHR186C
1,LAT1,LAT1,LAT1,4932.YNL071W
1,LCB1,LCB1,LCB1,4932.YMR296C
1,LCB2,LCB2,LCB2,4932.YDR062W
1,LDB7,LDB7,LDB7,4932.YBL006C
1,LEO1,LEO1,LEO1,4932.YOR123C
1,LGE1,LGE1,LGE1,4932.YPL055C
1,LIF1,LIF1,LIF1,4932.YGL090W
1,LPD1,LPD1,LPD1,4932.YFL018C
1,LRS4,LRS4,LRS4,4932.YDR439W
1,LSC1,LSC1,LSC1,4932.YOR142W
1,LSC2,LSC2,LSC2,4932.YGR244C
1,LSP1,LSP1,LSP1,4932.YPL004C
1,LST8,LST8,LST8,4932.YNL006W
1,LTE1,LTE1,LTE1,4932.YAL024C
1,MAD1,MAD1,MAD1,4932.YGL086W
1,MAD2,MAD2,MAD2,4932.YJL030W
1,MAD3,MAD3,MAD3,4932.YJL013C
1,MAM1,MAM1,MAM1,4932.YER106W
1,MAS1,MAS1,MAS1,4932.YLR163C
1,MAS2,MAS2,MAS2,4932.YHR024C
1,MBP1,MBP1,MBP1,4932.YDL056W
1,MCD1,MCD1,MCD1,4932.YDL003W
1,MCM1,MCM1,MCM1,4932.YMR043W
1,MCM16,MCM16,MCM16,4932.YPR046W
1,MCM2,MCM2,MCM2,4932.YBL023C
1,MCM21,MCM21,MCM21,4932.YDR318W
1,MCM22,MCM22,MCM22,4932.YJR135C
1,MCM3,MCM3,MCM3,4932.YEL032W
1,MCM4,MCM4,MCM4,4932.YPR019W
1,MCM5,MCM5,MCM5,4932.YLR274W
1,MCM6,MCM6,MCM6,4932.YGL201C
1,MCM7,MCM7,MCM7,4932.YBR202W
1,MDM10,MDM10,MDM10,4932.YAL010C
1,MDM12,MDM12,MDM12,4932.YOL009C
1,MEC3,MEC3,MEC3,4932.YLR288C
1,MED1,MED1,MED1,4932.YPR070W
1,MED11,MED11,MED11,4932.YMR112C
1,MED2,MED2,MED2,4932.YDL005C
1,MED4,MED4,MED4,4932.YOR174W
1,MED6,MED6,MED6,4932.YHR058C
1,MED7,MED7,MED7,4932.YOL135C
1,MED8,MED8,MED8,4932.YBR193C
1,MEH1,MEH1,MEH1,4932.YKR007W
1,MEI5,MEI5,MEI5,4932.YPL121C
1,MET10,MET10,MET10,4932.YFR030W
1,MET28,MET28,MET28,4932.YIR017C
1,MET31,MET31,MET31,4932.YPL038W
1,MET32,MET32,MET32,4932.YDR253C
1,MET4,MET4,MET4,4932.YNL103W
1,MFT1,MFT1,MFT1,4932.YML062C
1,MGE1,MGE1,MGE1,4932.YOR232W
1,MGM1,MGM1,MGM1,4932.YOR211C
1,MGR1,MGR1,MGR1,4932.YCL044C
1,MKS1,MKS1,MKS1,4932.YNL076W
1,MKT1,MKT1,MKT1,4932.YNL085W
1,MLH1,MLH1,MLH1,4932.YMR167W
1,MLH2,MLH2,MLH2,4932.YLR035C
1,MLH3,MLH3,MLH3,4932.YPL164C
1,MMM1,MMM1,MMM1,4932.YLL006W
1,MMS2,MMS2,MMS2,4932.YGL087C
1,MMS21,MMS21,MMS21,4932.YEL019C
1,MMS4,MMS4,MMS4,4932.YBR098W
1,MND1,MND1,MND1,4932.YGL183C
1,MND2,MND2,MND2,4932.YIR025W
1,MNP1,MNP1,MNP1,4932.YGL068W
1,MOB1,MOB1,MOB1,4932.YIL106W
1,MOB2,MOB2,MOB2,4932.YFL034C-B
1,MOT1,MOT1,MOT1,4932.YPL082C
1,MPE1,MPE1,MPE1,4932.YKL059C
1,MPS2,MPS2,MPS2,4932.YGL075C
1,MRC1,MRC1,MRC1,4932.YCL061C
1,MRE11,MRE11,MRE11,4932.YMR224C
1,MRPL49,MRPL49,MRPL49,4932.YJL096W
1,MRS1,MRS1,MRS1,4932.YIR021W
1,MSH2,MSH2,MSH2,4932.YOL090W
1,MSH3,MSH3,MSH3,4932.YCR092C
1,MSH6,MSH6,MSH6,4932.YDR097C
1,MSI1,MSI1,MSI1,4932.YBR195C
1,MSS51,MSS51,MSS51,4932.YLR203C
1,MTO1,MTO1,MTO1,4932.YGL236C
1,MTW1,MTW1,MTW1,4932.YAL034W-A
1,MUS81,MUS81,MUS81,4932.YDR386W
1,NBP1,NBP1,NBP1,4932.YLR457C
1,NCB2,NCB2,NCB2,4932.YDR397C
1,NDC80,NDC80,TID3,4932.YIL144W
1,NEM1,NEM1,NEM1,4932.YHR004C
1,NET1,NET1,NET1,4932.YJL076W
1,NFS1,NFS1,NFS1,4932.YCL017C
1,NGG1,NGG1,NGG1,4932.YDR176W
1,NHP10,NHP10,NHP10,4932.YDL002C
1,NIP100,NIP100,NIP100,4932.YPL174C
1,NNF1,NNF1,NNF1,4932.YJR112W
1,NPL4,NPL4,NPL4,4932.YBR170C
1,NPL6,NPL6,NPL6,4932.YMR091C
1,NSE1,NSE1,NSE1,4932.YLR007W
1,NSE3,NSE3,NSE3,4932.YDR288W
1,NSE4,NSE4,NSE4,4932.YDL105W
1,NSE5,NSE5,NSE5,4932.YML023C
1,NSL1,NSL1,NSL1,4932.YPL233W
1,NTO1,NTO1,NTO1,4932.YPR031W
1,NUD1,NUD1,NUD1,4932.YOR373W
1,NUF2,NUF2,NUF2,4932.YOL069W
1,NUT1,NUT1,NUT1,4932.YGL151W
1,NUT2,NUT2,NUT2,4932.YPR168W
1,NVJ1,NVJ1,NVJ1,4932.YHR195W
1,OAF1,OAF1,OAF1,4932.YAL051W
1,OCA5,OCA5,YHL029C,4932.YHL029C
1,OKP1,OKP1,OKP1,4932.YGR179C
1,OLI1,OLI1,OLI1,4932.Q0130
1,ORC1,ORC1,ORC1,4932.YML065W
1,ORC2,ORC2,ORC2,4932.YBR060C
1,ORC3,ORC3,ORC3,4932.YLL004W
1,ORC4,ORC4,ORC4,4932.YPR162C
1,ORC5,ORC5,ORC5,4932.YNL261W
1,ORC6,ORC6,ORC6,4932.YHR118C
1,PAC10,PAC10,PAC10,4932.YGR078C
1,PAC11,PAC11,PAC11,4932.YDR488C
1,PAF1,PAF1,PAF1,4932.YBR279W
1,PAM16,PAM16,PAM16,4932.YJL104W
1,PAM17,PAM17,PAM17,4932.YKR065C
1,PAM18,PAM18,PAM18,4932.YLR008C
1,PAN1,PAN1,PAN1,4932.YIR006C
1,PAP1,PAP1,PAP1,4932.YKR002W
1,PBI2,PBI2,PBI2,4932.YNL015W
1,PCF11,PCF11,PCF11,4932.YDR228C
1,PCL1,PCL1,PCL1,4932.YNL289W
1,PCL10,PCL10,PCL10,4932.YGL134W
1,PCL2,PCL2,PCL2,4932.YDL127W
1,PCL8,PCL8,PCL8,4932.YPL219W
1,PDA1,PDA1,PDA1,4932.YER178W
1,PDB1,PDB1,PDB1,4932.YBR221C
1,PDS1,PDS1,PDS1,4932.YDR113C
1,PDX1,PDX1,PDX1,4932.YGR193C
1,PEA2,PEA2,PEA2,4932.YER149C
1,PET309,PET309,PET309,4932.YLR067C
1,PFD1,PFD1,PFD1,4932.YJL179W
1,PFK1,PFK1,PFK1,4932.YGR240C
1,PFK2,PFK2,PFK2,4932.YMR205C
1,PFS2,PFS2,PFS2,4932.YNL317W
1,PGD1,PGD1,PGD1,4932.YGL025C
1,PHB1,PHB1,PHB1,4932.YGR132C
1,PHB2,PHB2,PHB2,4932.YGR231C
1,PHO23,PHO23,PHO23,4932.YNL097C
1,PHO80,PHO80,PHO80,4932.YOL001W
1,PHO85,PHO85,PHO85,4932.YPL031C
1,PIL1,PIL1,PIL1,4932.YGR086C
1,PIP2,PIP2,PIP2,4932.YOR363C
1,PKP1,PKP1,PKP1,4932.YIL042C
1,PMS1,PMS1,PMS1,4932.YNL082W
1,PNG1,PNG1,PNG1,4932.YPL096W
1,POB3,POB3,POB3,4932.YML069W
1,POL1,POL1,POL1,4932.YNL102W
1,POL12,POL12,POL12,4932.YBL035C
1,POL2,POL2,POL2,4932.YNL262W
1,POL3,POL3,POL3,4932.YDL102W
1,POL31,POL31,POL31,4932.YJR006W
1,POL32,POL32,POL32,4932.YJR043C
1,PPE1,PPE1,PPE1,4932.YHR075C
1,PPH21,PPH21,PPH21,4932.YDL134C
1,PPH3,PPH3,PPH3,4932.YDR075W
1,PRI1,PRI1,PRI1,4932.YIR008C
1,PRI2,PRI2,PRI2,4932.YKL045W
1,PSF1,PSF1,PSF1,4932.YDR013W
1,PSF2,PSF2,PSF2,4932.YJL072C
1,PSF3,PSF3,PSF3,4932.YOL146W
1,PSR1,PSR1,PSR1,4932.YLL010C
1,PSY2,PSY2,PSY2,4932.YNL201C
1,PSY4,PSY4,PSY4,4932.YBL046W
1,PTA1,PTA1,PTA1,4932.YAL043C
1,PTC5,PTC5,PTC5,4932.YOR090C
1,PTI1,PTI1,PTI1,4932.YGR156W
1,QCR10,QCR10,QCR10,4932.YHR001W-A
1,QCR2,QCR2,QCR2,4932.YPR191W
1,QCR6,QCR6,QCR6,4932.YFR033C
1,QCR7,QCR7,QCR7,4932.YDR529C
1,QCR8,QCR8,QCR8,4932.YJL166W
1,QCR9,QCR9,QCR9,4932.YGR183C
1,RAD1,RAD1,RAD1,4932.YPL022W
1,RAD10,RAD10,RAD10,4932.YML095C
1,RAD14,RAD14,RAD14,4932.YMR201C
1,RAD16,RAD16,RAD16,4932.YBR114W
1,RAD17,RAD17,RAD17,4932.YOR368W
1,RAD18,RAD18,RAD18,4932.YCR066W
1,RAD2,RAD2,RAD2,4932.YGR258C
1,RAD24,RAD24,RAD24,4932.YER173W
1,RAD26,RAD26,RAD26,4932.YJR035W
1,RAD3,RAD3,RAD3,4932.YER171W
1,RAD4,RAD4,RAD4,4932.YER162C
1,RAD50,RAD50,RAD50,4932.YNL250W
1,RAD53,RAD53,RAD53,4932.YPL153C
1,RAD55,RAD55,RAD55,4932.YDR076W
1,RAD57,RAD57,RAD57,4932.YDR004W
1,RAD6,RAD6,RAD6,4932.YGL058W
1,RAD7,RAD7,RAD7,4932.YJR052W
1,RAI1,RAI1,RAI1,4932.YGL246C
1,RAT1,RAT1,RAT1,4932.YOR048C
1,RAV1,RAV1,RAV1,4932.YJR033C
1,RAV2,RAV2,RAV2,4932.YDR202C
1,RCO1,RCO1,RCO1,4932.YMR075W
1,REC102,REC102,REC102,4932.YLR329W
1,REC104,REC104,REC104,4932.YHR157W
1,REC8,REC8,REC8,4932.YPR007C
1,RED1,RED1,RED1,4932.YLR263W
1,REF2,REF2,REF2,4932.YDR195W
1,REG1,REG1,REG1,4932.YDR028C
1,REG2,REG2,REG2,4932.YBR050C
1,RET1,RET1,RET1,4932.YOR207C
1,REV1,REV1,REV1,4932.YOR346W
1,REV3,REV3,REV3,4932.YPL167C
1,REV7,REV7,REV7,4932.YIL139C
1,RFA1,RFA1,RFA1,4932.YAR007C
1,RFA2,RFA2,RFA2,4932.YNL312W
1,RFA3,RFA3,RFA3,4932.YJL173C
1,RFC1,RFC1,RFC1,4932.YOR217W
1,RFC2,RFC2,RFC2,4932.YJR068W
1,RFC3,RFC3,RFC3,4932.YNL290W
1,RFC4,RFC4,RFC4,4932.YOL094C
1,RFC5,RFC5,RFC5,4932.YBR087W
1,RFM1,RFM1,RFM1,4932.YOR279C
1,RGR1,RGR1,RGR1,4932.YLR071C
1,RHO1,RHO1,RHO1,4932.YPR165W
1,RIP1,RIP1,RIP1,4932.YEL024W
1,RLF2,RLF2,RLF2,4932.YPR018W
1,RMI1,RMI1,RMI1,4932.YPL024W
1,RNA14,RNA14,RNA14,4932.YMR061W
1,RNA15,RNA15,RNA15,4932.YGL044C
1,RNH201,RNH201,RNH201,4932.YNL072W
1,RNH202,RNH202,RNH202,4932.YDR279W
1,RNH203,RNH203,RNH203,4932.YLR154C
1,RNR1,RNR1,RNR1,4932.YER070W
1,RNR2,RNR2,RNR2,4932.YJL026W
1,RNR4,RNR4,RNR4,4932.YGR180C
1,ROX3,ROX3,ROX3,4932.YBL093C
1,RPA12,RPA12,RPA12,4932.YJR063W
1,RPA135,RPA135,RPA135,4932.YPR010C
1,RPA14,RPA14,RPA14,4932.YDR156W
1,RPA34,RPA34,RPA34,4932.YJL148W
1,RPA43,RPA43,RPA43,4932.YOR340C
1,RPA49,RPA49,RPA49,4932.YNL248C
1,RPB10,RPB10,RPB10,4932.YOR210W
1,RPB11,RPB11,RPB11,4932.YOL005C
1,RPB2,RPB2,RPB2,4932.YOR151C
1,RPB3,RPB3,RPB3,4932.YIL021W
1,RPB4,RPB4,RPB4,4932.YJL140W
1,RPB5,RPB5,RPB5,4932.YBR154C
1,RPB7,RPB7,RPB7,4932.YDR404C
1,RPB8,RPB8,RPB8,4932.YOR224C
1,RPB9,RPB9,RPB9,4932.YGL070C
1,RPC10,RPC10,RPC10,4932.YHR143W-A
1,RPC11,RPC11,RPC11,4932.YDR045C
1,RPC17,RPC17,RPC17,4932.YJL011C
1,RPC19,RPC19,RPC19,4932.YNL113W
1,RPC25,RPC25,RPC25,4932.YKL144C
1,RPC31,RPC31,RPC31,4932.YNL151C
1,RPC34,RPC34,RPC34,4932.YNR003C
1,RPC37,RPC37,RPC37,4932.YKR025W
1,RPC40,RPC40,RPC40,4932.YPR110C
1,RPC53,RPC53,RPC53,4932.YDL150W
1,RPC82,RPC82,RPC82,4932.YPR190C
1,RPD3,RPD3,RPD3,4932.YNL330C
1,RPN11,RPN11,RPN11,4932.YFR004W
1,RPO21,RPO21,RPO21,4932.YDL140C
1,RPO26,RPO26,RPO26,4932.YPR187W
1,RRD1,RRD1,RRD1,4932.YIL153W
1,RRD2,RRD2,RRD2,4932.YPL152W
1,RRN10,RRN10,RRN10,4932.YBL025W
1,RRN11,RRN11,RRN11,4932.YML043C
1,RRN5,RRN5,RRN5,4932.YLR141W
1,RRN6,RRN6,RRN6,4932.YBL014C
1,RRN9,RRN9,RRN9,4932.YMR270C
1,RSC1,RSC1,RSC1,4932.YGR056W
1,RSC2,RSC2,RSC2,4932.YLR357W
1,RSC3,RSC3,RSC3,4932.YDR303C
1,RSC30,RSC30,RSC30,4932.YHR056C
1,RSC4,RSC4,RSC4,4932.YKR008W
1,RSC58,RSC58,RSC58,4932.YLR033W
1,RSC6,RSC6,RSC6,4932.YCR052W
1,RSC8,RSC8,RSC8,4932.YFR037C
1,RSC9,RSC9,RSC9,4932.YML127W
1,RSP5,RSP5,RSP5,4932.YER125W
1,RTF1,RTF1,RTF1,4932.YGL244W
1,RTG1,RTG1,RTG1,4932.YOL067C
1,RTG2,RTG2,RTG2,4932.YGL252C
1,RTG3,RTG3,RTG3,4932.YBL103C
1,RTS1,RTS1,RTS1,4932.YOR014W
1,RTT102,RTT102,RTT102,4932.YGR275W
1,RTT103,RTT103,RTT103,4932.YDR289C
1,RTT109,RTT109,RTT109,4932.YLL002W
1,RVB1,RVB1,RVB1,4932.YDR190C
1,RVB2,RVB2,RVB2,4932.YPL235W
1,RVS161,RVS161,RVS161,4932.YCR009C
1,RVS167,RVS167,RVS167,4932.YDR388W
1,RXT2,RXT2,RXT2,4932.YBR095C
1,RXT3,RXT3,RXT3,4932.YDL076C
1,SAC3,SAC3,SAC3,4932.YDR159W
1,SAE3,SAE3,SAE3,4932.YHR079C-A
1,SAM35,SAM35,SAM35,4932.YHR083W
1,SAM37,SAM37,SAM37,4932.YMR060C
1,SAM50,SAM50,SAM50,4932.YNL026W
1,SAP155,SAP155,SAP155,4932.YFR040W
1,SAP185,SAP185,SAP185,4932.YJL098W
1,SAP190,SAP190,SAP190,4932.YKR028W
1,SAP30,SAP30,SAP30,4932.YMR263W
1,SAS2,SAS2,SAS2,4932.YMR127C
1,SAS3,SAS3,SAS3,4932.YBL052C
1,SAS4,SAS4,SAS4,4932.YDR181C
1,SAS5,SAS5,SAS5,4932.YOR213C
1,SCC2,SCC2,SCC2,4932.YDR180W
1,SCC4,SCC4,SCC4,4932.YER147C
1,SDC1,SDC1,SDC1,4932.YDR469W
1,SDH1,SDH1,SDH1,4932.YKL148C
1,SDH2,SDH2,SDH2,4932.YLL041C
1,SDH3,SDH3,SDH3,4932.YKL141W
1,SDH4,SDH4,SDH4,4932.YDR178W
1,SDS22,SDS22,SDS22,4932.YKL193C
1,SDS3,SDS3,SDS3,4932.YIL084C
1,SET1,SET1,SET1,4932.YHR119W
1,SET3,SET3,SET3,4932.YKR029C
1,SFH1,SFH1,SFH1,4932.YLR321C
1,SGF11,SGF11,SGF11,4932.YPL047W
1,SGF29,SGF29,SGF29,4932.YCL010C
1,SGF73,SGF73,SGF73,4932.YGL066W
1,SGS1,SGS1,SGS1,4932.YMR190C
1,SGT1,SGT1,SGT1,4932.YOR057W
1,SGV1,SGV1,SGV1,4932.YPR161C
1,SHG1,SHG1,SHG1,4932.YBR258C
1,SHR5,SHR5,SHR5,4932.YOL110W
1,SIF2,SIF2,SIF2,4932.YBR103W
1,SIN3,SIN3,SIN3,4932.YOL004W
1,SIN4,SIN4,SIN4,4932.YNL236W
1,SIP1,SIP1,SIP1,4932.YDR422C
1,SIP2,SIP2,SIP2,4932.YGL208W
1,SIR2,SIR2,SIR2,4932.YDL042C
1,SIR3,SIR3,SIR3,4932.YLR442C
1,SIR4,SIR4,SIR4,4932.YDR227W
1,SIT4,SIT4,SIT4,4932.YDL047W
1,SKO1,SKO1,SKO1,4932.YNL167C
1,SKP1,SKP1,SKP1,4932.YDR328C
1,SLA1,SLA1,SLA1,4932.YBL007C
1,SLD2,SLD2,SLD2,4932.YKL108W
1,SLD5,SLD5,SLD5,4932.YDR489W
1,SLI15,SLI15,SLI15,4932.YBR156C
1,SLM1,SLM1,SLM1,4932.YIL105C
1,SLM4,SLM4,SLM4,4932.YBR077C
1,SLX1,SLX1,SLX1,4932.YBR228W
1,SLX4,SLX4,SLX4,4932.YLR135W
1,SLX5,SLX5,SLX5,4932.YDL013W
1,SLX8,SLX8,SLX8,4932.YER116C
1,SMC1,SMC1,SMC1,4932.YFL008W
1,SMC2,SMC2,SMC2,4932.YFR031C
1,SMC3,SMC3,SMC3,4932.YJL074C
1,SMC4,SMC4,SMC4,4932.YLR086W
1,SMC5,SMC5,SMC5,4932.YOL034W
1,SMC6,SMC6,SMC6,4932.YLR383W
1,SMK1,SMK1,SMK1,4932.YPR054W
1,SNF1,SNF1,SNF1,4932.YDR477W
1,SNF11,SNF11,SNF11,4932.YDR073W
1,SNF12,SNF12,SNF12,4932.YNR023W
1,SNF2,SNF2,SNF2,4932.YOR290C
1,SNF4,SNF4,SNF4,4932.YGL115W
1,SNF5,SNF5,SNF5,4932.YBR289W
1,SNF6,SNF6,SNF6,4932.YHL025W
1,SNO1,SNO1,SNO1,4932.YMR095C
1,SNT1,SNT1,SNT1,4932.YCR033W
1,SNX4,SNX4,SNX4,4932.YJL036W
1,SNZ1,SNZ1,SNZ1,4932.YMR096W
1,SOD1,SOD1,SOD1,4932.YJR104C
1,SOG2,SOG2,SOG2,4932.YOR353C
1,SOH1,SOH1,SOH1,4932.YGL127C
1,SOM1,SOM1,SOM1,4932.YEL059C-A
1,SPA2,SPA2,SPA2,4932.YLL021W
1,SPC110,SPC110,SPC110,4932.YDR356W
1,SPC19,SPC19,SPC19,4932.YDR201W
1,SPC24,SPC24,SPC24,4932.YMR117C
1,SPC25,SPC25,SPC25,4932.YER018C
1,SPC29,SPC29,SPC29,4932.YPL124W
1,SPC34,SPC34,SPC34,4932.YKR037C
1,SPC42,SPC42,SPC42,4932.YKL042W
1,SPC72,SPC72,SPC72,4932.YAL047C
1,SPC97,SPC97,SPC97,4932.YHR172W
1,SPC98,SPC98,SPC98,4932.YNL126W
1,SPO11,SPO11,SPO11,4932.YHL022C
1,SPO7,SPO7,SPO7,4932.YAL009W
1,SPP1,SPP1,SPP1,4932.YPL138C
1,SPT15,SPT15,SPT15,4932.YER148W
1,SPT16,SPT16,SPT16,4932.YGL207W
1,SPT20,SPT20,SPT20,4932.YOL148C
1,SPT3,SPT3,SPT3,4932.YDR392W
1,SPT4,SPT4,SPT4,4932.YGR063C
1,SPT5,SPT5,SPT5,4932.YML010W
1,SPT7,SPT7,SPT7,4932.YBR081C
1,SPT8,SPT8,SPT8,4932.YLR055C
1,SRB2,SRB2,SRB2,4932.YHR041C
1,SRB4,SRB4,SRB4,4932.YER022W
1,SRB5,SRB5,SRB5,4932.YGR104C
1,SRB6,SRB6,SRB6,4932.YBR253W
1,SRB7,SRB7,SRB7,4932.YDR308C
1,SRB8,SRB8,SRB8,4932.YCR081W
1,SRV2,SRV2,SRV2,4932.YNL138W
1,SSA3,SSA3,SSA3,4932.YBL075C
1,SSC1,SSC1,SSC1,4932.YJR045C
1,SSL1,SSL1,SSL1,4932.YLR005W
1,SSL2,SSL2,SSL2,4932.YIL143C
1,SSN2,SSN2,SSN2,4932.YDR443C
1,SSN3,SSN3,SSN3,4932.YPL042C
1,SSN8,SSN8,SSN8,4932.YNL025C
1,SSU72,SSU72,SSU72,4932.YNL222W
1,SSZ1,SSZ1,SSZ1,4932.YHR064C
1,STE11,STE11,STE11,4932.YLR362W
1,STE12,STE12,STE12,4932.YHR084W
1,STE18,STE18,STE18,4932.YJR086W
1,STE20,STE20,STE20,4932.YHL007C
1,STE4,STE4,STE4,4932.YOR212W
1,STE5,STE5,STE5,4932.YDR103W
1,STE7,STE7,STE7,4932.YDL159W
1,STF1,STF1,STF1,4932.YDL130W-A
1,STF2,STF2,STF2,4932.YGR008C
1,STH1,STH1,STH1,4932.YIL126W
1,STV1,STV1,STV1,4932.YMR054W
1,SUM1,SUM1,SUM1,4932.YDR310C
1,SUR1,SUR1,SUR1,4932.YPL057C
1,SUS1,SUS1,SUS1,4932.YBR111W-A
1,SWC3,SWC3,SWC3,4932.YAL011W
1,SWC4,SWC4,SWC4,4932.YGR002C
1,SWC5,SWC5,SWC5,4932.YBR231C
1,SWC7,SWC7,SWC7,4932.YLR385C
1,SWD1,SWD1,SWD1,4932.YAR003W
1,SWD2,SWD2,SWD2,4932.YKL018W
1,SWD3,SWD3,SWD3,4932.YBR175W
1,SWH1,SWH1,SWH1,4932.YAR042W
1,SWI1,SWI1,SWI1,4932.YPL016W
1,SWI3,SWI3,SWI3,4932.YJL176C
1,SWI4,SWI4,SWI4,4932.YER111C
1,SWI6,SWI6,SWI6,4932.YLR182W
1,SWM1,SWM1,SWM1,4932.YDR260C
1,SWP82,SWP82,SWP82,4932.YFL049W
1,SWR1,SWR1,SWR1,4932.YDR334W
1,SYC1,SYC1,SYC1,4932.YOR179C
1,TAF1,TAF1,TAF1,4932.YGR274C
1,TAF10,TAF10,TAF10,4932.YDR167W
1,TAF11,TAF11,TAF11,4932.YML015C
1,TAF12,TAF12,TAF12,4932.YDR145W
1,TAF13,TAF13,TAF13,4932.YML098W
1,TAF14,TAF14,TAF14,4932.YPL129W
1,TAF2,TAF2,TAF2,4932.YCR042C
1,TAF3,TAF3,TAF3,4932.YPL011C
1,TAF4,TAF4,TAF4,4932.YMR005W
1,TAF5,TAF5,TAF5,4932.YBR198C
1,TAF6,TAF6,TAF6,4932.YGL112C
1,TAF7,TAF7,TAF7,4932.YMR227C
1,TAF8,TAF8,TAF8,4932.YML114C
1,TAF9,TAF9,TAF9,4932.YMR236W
1,TAP42,TAP42,TAP42,4932.YMR028W
1,TCO89,TCO89,TCO89,4932.YPL180W
1,TCP1,TCP1,TCP1,4932.YDR212W
1,TFA1,TFA1,TFA1,4932.YKL028W
1,TFA2,TFA2,TFA2,4932.YKR062W
1,TFB1,TFB1,TFB1,4932.YDR311W
1,TFB2,TFB2,TFB2,4932.YPL122C
1,TFB3,TFB3,TFB3,4932.YDR460W
1,TFB4,TFB4,TFB4,4932.YPR056W
1,TFB5,TFB5,TFB5,4932.YDR079C-A
1,TFC1,TFC1,TFC1,4932.YBR123C
1,TFC3,TFC3,TFC3,4932.YAL001C
1,TFC4,TFC4,TFC4,4932.YGR047C
1,TFC6,TFC6,TFC6,4932.YDR362C
1,TFC7,TFC7,TFC7,4932.YOR110W
1,TFC8,TFC8,TFC8,4932.YPL007C
1,TFG1,TFG1,TFG1,4932.YGR186W
1,TFG2,TFG2,TFG2,4932.YGR005C
1,THO2,THO2,RLR1,4932.YNL139C
1,THP1,THP1,THP1,4932.YOL072W
1,THP2,THP2,THP2,4932.YHR167W
1,TIM10,TIM10,MRS11,4932.YHR005C-A
1,TIM11,TIM11,TIM11,4932.YDR322C-A
1,TIM12,TIM12,MRS5,4932.YBR091C
1,TIM13,TIM13,TIM13,4932.YGR181W
1,TIM17,TIM17,TIM17,4932.YJL143W
1,TIM18,TIM18,TIM18,4932.YOR297C
1,TIM21,TIM21,TIM21,4932.YGR033C
1,TIM22,TIM22,TIM22,4932.YDL217C
1,TIM23,TIM23,TIM23,4932.YNR017W
1,TIM44,TIM44,TIM44,4932.YIL022W
1,TIM50,TIM50,TIM50,4932.YPL063W
1,TIM54,TIM54,TIM54,4932.YJL054W
1,TIM8,TIM8,TIM8,4932.YJR135W-A
1,TIM9,TIM9,TIM9,4932.YEL020W-A
1,TOA1,TOA1,TOA1,4932.YOR194C
1,TOA2,TOA2,TOA2,4932.YKL058W
1,TOF1,TOF1,TOF1,4932.YNL273W
1,TOM20,TOM20,TOM20,4932.YGR082W
1,TOM22,TOM22,TOM22,4932.YNL131W
1,TOM40,TOM40,TOM40,4932.YMR203W
1,TOM5,TOM5,TOM5,4932.YPR133W-A
1,TOM6,TOM6,TOM6,4932.YOR045W
1,TOM7,TOM7,TOM7,4932.YNL070W
1,TOM70,TOM70,TOM70,4932.YNL121C
1,TOP3,TOP3,TOP3,4932.YLR234W
1,TOR1,TOR1,TOR1,4932.YJR066W
1,TOR2,TOR2,TOR2,4932.YKL203C
1,TPD3,TPD3,TPD3,4932.YAL016W
1,TPK1,TPK1,TPK1,4932.YJL164C
1,TPK2,TPK2,TPK2,4932.YPL203W
1,TPK3,TPK3,TPK3,4932.YKL166C
1,TPS1,TPS1,TPS1,4932.YBR126C
1,TPS2,TPS2,TPS2,4932.YDR074W
1,TPS3,TPS3,TPS3,4932.YMR261C
1,TRA1,TRA1,TRA1,4932.YHR099W
1,TRP2,TRP2,TRP2,4932.YER090W
1,TRP3,TRP3,TRP3,4932.YKL211C
1,TRX1,TRX1,TRX1,4932.YLR043C
1,TSC11,TSC11,TSC11,4932.YER093C
1,TSL1,TSL1,TSL1,4932.YML100W
1,TUB1,TUB1,TUB1,4932.YML085C
1,TUB2,TUB2,TUB2,4932.YFL037W
1,TUB4,TUB4,TUB4,4932.YLR212C
1,TUP1,TUP1,TUP1,4932.YCR084C
1,UAF30,UAF30,UAF30,4932.YOR295W
1,UBA2,UBA2,UBA2,4932.YDR390C
1,UBA3,UBA3,UBA3,4932.YPR066W
1,UBC13,UBC13,UBC13,4932.YDR092W
1,UBP3,UBP3,UBP3,4932.YER151C
1,UBP8,UBP8,UBP8,4932.YMR223W
1,UFD1,UFD1,UFD1,4932.YGR048W
1,UGO1,UGO1,UGO1,4932.YDR470C
1,ULA1,ULA1,ULA1,4932.YPL003W
1,UME1,UME1,UME1,4932.YPL139C
1,UME6,UME6,UME6,4932.YDR207C
1,USA1,USA1,USA1,4932.YML029W
1,VAC14,VAC14,VAC14,4932.YLR386W
1,VAM6,VAM6,VAM6,4932.YDL077C
1,VAR1,VAR1,VAR1,4932.Q0140
1,VMA1,VMA1,TFP1,4932.YDL185W
1,VMA10,VMA10,VMA10,4932.YHR039C-A
1,VMA11,VMA11,TFP3,4932.YPL234C
1,VMA13,VMA13,VMA13,4932.YPR036W
1,VMA2,VMA2,VMA2,4932.YBR127C
1,VMA22,VMA22,VMA22,4932.YHR060W
1,VMA3,VMA3,CUP5,4932.YEL027W
1,VMA4,VMA4,VMA4,4932.YOR332W
1,VMA5,VMA5,VMA5,4932.YKL080W
1,VMA6,VMA6,VMA6,4932.YLR447C
1,VMA7,VMA7,VMA7,4932.YGR020C
1,VMA8,VMA8,VMA8,4932.YEL051W
1,VPH1,VPH1,VPH1,4932.YOR270C
1,VPH2,VPH2,VPH2,4932.YKL119C
1,VPS15,VPS15,VPS15,4932.YBR097W
1,VPS24,VPS24,VPS24,4932.YKL041W
1,VPS30,VPS30,VPS30,4932.YPL120W
1,VPS34,VPS34,VPS34,4932.YLR240W
1,VPS36,VPS36,VPS36,4932.YLR417W
1,VPS38,VPS38,VPS38,4932.YLR360W
1,VPS64,VPS64,VPS64,4932.YDR200C
1,VPS71,VPS71,VPS71,4932.YML041C
1,VPS72,VPS72,VPS72,4932.YDR485C
1,VPS75,VPS75,VPS75,4932.YNL246W
1,VTC1,VTC1,VTC1,4932.YER072W
1,VTC2,VTC2,VTC2,4932.YFL004W
1,VTC3,VTC3,VTC3,4932.YPL019C
1,VTC4,VTC4,VTC4,4932.YJL012C
1,WHI2,WHI2,WHI2,4932.YOR043W
1,XRS2,XRS2,XRS2,4932.YDR369C
1,YAF9,YAF9,YAF9,4932.YNL107W
1,YCG1,YCG1,YCG1,4932.YDR325W
1,YCS4,YCS4,YCS4,4932.YLR272C
1,YDJ1,YDJ1,YDJ1,4932.YNL064C
1,YKE2,YKE2,YKE2,4932.YLR200W
1,YKU70,YKU70,YKU70,4932.YMR284W
1,YKU80,YKU80,YKU80,4932.YMR106C
1,YME1,YME1,YME1,4932.YPR024W
1,YMR31,YMR31,YMR31,4932.YFR049W
1,YNG1,YNG1,YNG1,4932.YOR064C
1,YNG2,YNG2,YNG2,4932.YHR090C
1,YOS9,YOS9,YOS9,4932.YDR057W
1,YSH1,YSH1,YSH1,4932.YLR277C
1,YTA12,YTA12,YTA12,4932.YMR089C
1,YTH1,YTH1,YTH1,4932.YPR107C
1,ZIP1,ZIP1,ZIP1,4932.YDR285W
1,ZIP2,ZIP2,ZIP2,4932.YGL249W
2,AIR1,AIR1,AIR1,4932.YIL079C
2,AIR2,AIR2,AIR2,4932.YDL175C
2,ALG13,ALG13,ALG13,4932.YGL047W
2,ALG14,ALG14,ALG14,4932.YBR070C
2,ANP1,ANP1,ANP1,4932.YEL036C
2,APL1,APL1,APL1,4932.YJR005W
2,APL2,APL2,APL2,4932.YKL135C
2,APL4,APL4,APL4,4932.YPR029C
2,APL5,APL5,APL5,4932.YPL195W
2,APL6,APL6,APL6,4932.YGR261C
2,APM1,APM1,APM1,4932.YPL259C
2,APM2,APM2,APM2,4932.YHL019C
2,APM3,APM3,APM3,4932.YBR288C
2,APS1,APS1,APS1,4932.YLR170C
2,APS3,APS3,APS3,4932.YJL024C
2,ARC1,ARC1,ARC1,4932.YGL105W
2,ARD1,ARD1,ARD1,4932.YHR013C
2,ARF1,ARF1,ARF1,4932.YDL192W
2,ASC1,ASC1,ASC1,4932.YMR116C
2,BCH1,BCH1,BCH1,4932.YMR237W
2,BCH2,BCH2,BCH2,4932.YKR027W
2,BET2,BET2,BET2,4932.YPR176C
2,BET3,BET3,BET3,4932.YKR068C
2,BET4,BET4,BET4,4932.YJL031C
2,BET5,BET5,BET5,4932.YML077W
2,BTT1,BTT1,BTT1,4932.YDR252W
2,BUD7,BUD7,BUD7,4932.YOR299W
2,BUG1,BUG1,BUG1,4932.YDL099W
2,CAM1,CAM1,CAM1,4932.YPL048W
2,CCZ1,CCZ1,CCZ1,4932.YBR131W
2,CDC33,CDC33,CDC33,4932.YOL139C
2,CHS5,CHS5,CHS5,4932.YLR330W
2,CHS6,CHS6,CHS6,4932.YJL099W
2,CKA1,CKA1,CKA1,4932.YIL035C
2,CKA2,CKA2,CKA2,4932.YOR061W
2,CKB1,CKB1,CKB1,4932.YGL019W
2,CKB2,CKB2,CKB2,4932.YOR039W
2,COG1,COG1,COG1,4932.YGL223C
2,COG2,COG2,COG2,4932.YGR120C
2,COG3,COG3,COG3,4932.YER157W
2,COG4,COG4,COG4,4932.YPR105C
2,COG5,COG5,COG5,4932.YNL051W
2,COG6,COG6,COG6,4932.YNL041C
2,COG7,COG7,COG7,4932.YGL005C
2,COG8,COG8,COG8,4932.YML071C
2,COP1,COP1,COP1,4932.YDL145C
2,CPR1,CPR1,CPR1,4932.YDR155C
2,CSL4,CSL4,CSL4,4932.YNL232W
2,DBP6,DBP6,DBP6,4932.YNR038W
2,DID4,DID4,DID4,4932.YKL002W
2,DIP2,DIP2,DIP2,4932.YLR129W
2,DIS3,DIS3,DIS3,4932.YOL021C
2,DSL1,DSL1,DSL1,4932.YNL258C
2,DSS1,DSS1,DSS1,4932.YMR287C
2,EFB1,EFB1,EFB1,4932.YAL003W
2,EGD1,EGD1,EGD1,4932.YPL037C
2,EGD2,EGD2,EGD2,4932.YHR193C
2,ELA1,ELA1,ELA1,4932.YNL230C
2,EMP24,EMP24,EMP24,4932.YGL200C
2,ERP1,ERP1,ERP1,4932.YAR002C-A
2,ERP2,ERP2,ERP2,4932.YAL007C
2,ERV25,ERV25,ERV25,4932.YML012W
2,ERV41,ERV41,ERV41,4932.YML067C
2,ERV46,ERV46,ERV46,4932.YAL042W
2,EXO70,EXO70,EXO70,4932.YJL085W
2,EXO84,EXO84,EXO84,4932.YBR102C
2,FRS1,FRS1,FRS1,4932.YLR060W
2,FRS2,FRS2,FRS2,4932.YFL022C
2,GCD1,GCD1,GCD1,4932.YOR260W
2,GCD10,GCD10,GCD10,4932.YNL062C
2,GCD11,GCD11,GCD11,4932.YER025W
2,GCD14,GCD14,GCD14,4932.YJL125C
2,GCD2,GCD2,GCD2,4932.YGR083C
2,GCD6,GCD6,GCD6,4932.YDR211W
2,GCD7,GCD7,GCD7,4932.YLR291C
2,GCN1,GCN1,GCN1,4932.YGL195W
2,GCN20,GCN20,GCN20,4932.YFR009W
2,GCN3,GCN3,GCN3,4932.YKR026C
2,GET1,GET1,GET1,4932.YGL020C
2,GET2,GET2,GET2,4932.YER083C
2,GET3,GET3,GET3,4932.YDL100C
2,GLO3,GLO3,GLO3,4932.YER122C
2,GPI2,GPI2,GPI2,4932.YPL076W
2,GRH1,GRH1,GRH1,4932.YDR517W
2,GTB1,GTB1,GTB1,4932.YDR221W
2,GUS1,GUS1,GUS1,4932.YGL245W
2,HCR1,HCR1,HCR1,4932.YLR192C
2,HOC1,HOC1,HOC1,4932.YJR075W
2,HPR1,HPR1,HPR1,4932.YDR138W
2,HSE1,HSE1,HSE1,4932.YHL002W
2,IMG1,IMG1,IMG1,4932.YCR046C
2,IMG2,IMG2,IMG2,4932.YCR071C
2,IPI1,IPI1,IPI1,4932.YHR085W
2,IPI3,IPI3,IPI3,4932.YNL182C
2,KRE29,KRE29,KRE29,4932.YER038C
2,LRP1,LRP1,LRP1,4932.YHR081W
2,LTV1,LTV1,LTV1,4932.YKL143W
2,MAK21,MAK21,MAK21,4932.YDR060W
2,MES1,MES1,MES1,4932.YGR264C
2,MNN10,MNN10,MNN10,4932.YDR245W
2,MNN11,MNN11,MNN11,4932.YJL183W
2,MNN9,MNN9,MNN9,4932.YPL050C
2,MON1,MON1,MON1,4932.YGL124C
2,MON2,MON2,MON2,4932.YNL297C
2,MRP1,MRP1,MRP1,4932.YDR347W
2,MRP10,MRP10,MRP10,4932.YDL045W-A
2,MRP13,MRP13,MRP13,4932.YGR084C
2,MRP17,MRP17,MRP17,4932.YKL003C
2,MRP2,MRP2,MRP2,4932.YPR166C
2,MRP20,MRP20,MRP20,4932.YDR405W
2,MRP21,MRP21,MRP21,4932.YBL090W
2,MRP4,MRP4,MRP4,4932.YHL004W
2,MRP49,MRP49,MRP49,4932.YKL167C
2,MRP51,MRP51,MRP51,4932.YPL118W
2,MRP7,MRP7,MRP7,4932.YNL005C
2,MRPL1,MRPL1,MRPL1,4932.YDR116C
2,MRPL10,MRPL10,MRPL10,4932.YNL284C
2,MRPL11,MRPL11,MRPL11,4932.YDL202W
2,MRPL13,MRPL13,MRPL13,4932.YKR006C
2,MRPL15,MRPL15,MRPL15,4932.YLR312W-A
2,MRPL16,MRPL16,MRPL16,4932.YBL038W
2,MRPL17,MRPL17,MRPL17,4932.YNL252C
2,MRPL19,MRPL19,MRPL19,4932.YNL185C
2,MRPL20,MRPL20,MRPL20,4932.YKR085C
2,MRPL22,MRPL22,MRPL22,4932.YNL177C
2,MRPL23,MRPL23,MRPL23,4932.YOR150W
2,MRPL24,MRPL24,MRPL24,4932.YMR193W
2,MRPL25,MRPL25,MRPL25,4932.YGR076C
2,MRPL27,MRPL27,MRPL27,4932.YBR282W
2,MRPL28,MRPL28,MRPL28,4932.YDR462W
2,MRPL3,MRPL3,MRPL3,4932.YMR024W
2,MRPL31,MRPL31,MRPL31,4932.YKL138C
2,MRPL32,MRPL32,MRPL32,4932.YCR003W
2,MRPL33,MRPL33,MRPL33,4932.YMR286W
2,MRPL35,MRPL35,MRPL35,4932.YDR322W
2,MRPL36,MRPL36,MRPL36,4932.YBR122C
2,MRPL37,MRPL37,MRPL37,4932.YBR268W
2,MRPL38,MRPL38,MRPL38,4932.YKL170W
2,MRPL39,MRPL39,MRPL39,4932.YML009C
2,MRPL4,MRPL4,MRPL4,4932.YLR439W
2,MRPL40,MRPL40,MRPL40,4932.YPL173W
2,MRPL44,MRPL44,MRPL44,4932.YMR225C
2,MRPL50,MRPL50,MRPL50,4932.YNR022C
2,MRPL51,MRPL51,MRPL51,4932.YPR100W
2,MRPL6,MRPL6,MRPL6,4932.YHR147C
2,MRPL7,MRPL7,MRPL7,4932.YDR237W
2,MRPL8,MRPL8,MRPL8,4932.YJL063C
2,MRPL9,MRPL9,MRPL9,4932.YGR220C
2,MRPS16,MRPS16,MRPS16,4932.YPL013C
2,MRPS17,MRPS17,MRPS17,4932.YMR188C
2,MRPS18,MRPS18,MRPS18,4932.YNL306W
2,MRPS28,MRPS28,MRPS28,4932.YDR337W
2,MRPS35,MRPS35,MRPS35,4932.YGR165W
2,MRPS5,MRPS5,MRPS5,4932.YBR251W
2,MRPS8,MRPS8,MRPS8,4932.YMR158W
2,MRPS9,MRPS9,MRPS9,4932.YBR146W
2,MRX14,MRX14,YDR115W,4932.YDR115W
2,MSS1,MSS1,MSS1,4932.YMR023C
2,MTR3,MTR3,MTR3,4932.YGR158C
2,MTR4,MTR4,MTR4,4932.YJL050W
2,MVB12,MVB12,MVB12,4932.YGR206W
2,NAM2,NAM2,NAM2,4932.YLR382C
2,NAM9,NAM9,NAM9,4932.YNL137C
2,NAN1,NAN1,NAN1,4932.YPL126W
2,NAT1,NAT1,NAT1,4932.YDL040C
2,NAT5,NAT5,NAT5,4932.YOR253W
2,NIP1,NIP1,NIP1,4932.YMR309C
2,NOC2,NOC2,NOC2,4932.YOR206W
2,NOC3,NOC3,NOC3,4932.YLR002C
2,NOC4,NOC4,NOC4,4932.YPR144C
2,NOP1,NOP1,NOP1,4932.YDL014W
2,NOP14,NOP14,NOP14,4932.YDL148C
2,NOP56,NOP56,SIK1,4932.YLR197W
2,NOP58,NOP58,NOP58,4932.YOR310C
2,NOP8,NOP8,NOP8,4932.YOL144W
2,NOT5,NOT5,NOT5,4932.YPR072W
2,OST1,OST1,OST1,4932.YJL002C
2,OST2,OST2,OST2,4932.YOR103C
2,OST3,OST3,OST3,4932.YOR085W
2,OST4,OST4,OST4,4932.YDL232W
2,OST5,OST5,OST5,4932.YGL226C-A
2,OST6,OST6,OST6,4932.YML019W
2,PAP2,PAP2,PAP2,4932.YOL115W
2,PEP3,PEP3,PEP3,4932.YLR148W
2,PEP5,PEP5,PEP5,4932.YMR231W
2,PEP8,PEP8,PEP8,4932.YJL053W
2,PET123,PET123,PET123,4932.YOR158W
2,PMT1,PMT1,PMT1,4932.YDL095W
2,PMT2,PMT2,PMT2,4932.YAL023C
2,PMT3,PMT3,PMT3,4932.YOR321W
2,PMT5,PMT5,PMT5,4932.YDL093W
2,POL5,POL5,POL5,4932.YEL055C
2,PRP43,PRP43,PRP43,4932.YGL120C
2,PRT1,PRT1,PRT1,4932.YOR361C
2,PWP2,PWP2,PWP2,4932.YCR057C
2,RAD23,RAD23,RAD23,4932.YEL037C
2,RAM1,RAM1,RAM1,4932.YDL090C
2,RAM2,RAM2,RAM2,4932.YKL019W
2,RET2,RET2,RET2,4932.YFR051C
2,RET3,RET3,RET3,4932.YPL010W
2,RGP1,RGP1,RGP1,4932.YDR137W
2,RIC1,RIC1,RIC1,4932.YLR039C
2,RIX1,RIX1,RIX1,4932.YHR197W
2,RML2,RML2,RML2,4932.YEL050C
2,ROT2,ROT2,ROT2,4932.YBR229C
2,RPA190,RPA190,RPA190,4932.YOR341W
2,RPG1,RPG1,RPG1,4932.YBR079C
2,RPL10,RPL10,RPL10,4932.YLR075W
2,RPL11A,RPL11A,RPL11A,4932.YPR102C
2,RPL11B,RPL11B,RPL11B,4932.YGR085C
2,RPL12A,RPL12A,RPL12A,4932.YEL054C
2,RPL12B,RPL12B,RPL12B,4932.YDR418W
2,RPL13A,RPL13A,RPL13A,4932.YDL082W
2,RPL13B,RPL13B,RPL13B,4932.YMR142C
2,RPL14A,RPL14A,RPL14A,4932.YKL006W
2,RPL14B,RPL14B,RPL14B,4932.YHL001W
2,RPL15A,RPL15A,RPL15A,4932.YLR029C
2,RPL15B,RPL15B,RPL15B,4932.YMR121C
2,RPL16A,RPL16A,RPL16A,4932.YIL133C
2,RPL16B,RPL16B,RPL16B,4932.YNL069C
2,RPL17A,RPL17A,RPL17A,4932.YKL180W
2,RPL17B,RPL17B,RPL17B,4932.YJL177W
2,RPL18A,RPL18A,RPL18A,4932.YOL120C
2,RPL18B,RPL18B,RPL18B,4932.YNL301C
2,RPL19A,RPL19A,RPL19A,4932.YBR084C-A
2,RPL19B,RPL19B,RPL19B,4932.YBL027W
2,RPL1A,RPL1A,RPL1A,4932.YPL220W
2,RPL1B,RPL1B,RPL1B,4932.YGL135W
2,RPL20A,RPL20A,RPL20A,4932.YMR242C
2,RPL20B,RPL20B,RPL20B,4932.YOR312C
2,RPL21A,RPL21A,RPL21A,4932.YBR191W
2,RPL21B,RPL21B,RPL21B,4932.YPL079W
2,RPL22A,RPL22A,RPL22A,4932.YLR061W
2,RPL22B,RPL22B,RPL22B,4932.YFL034C-A
2,RPL23A,RPL23A,RPL23A,4932.YBL087C
2,RPL23B,RPL23B,RPL23B,4932.YER117W
2,RPL24A,RPL24A,RPL24A,4932.YGL031C
2,RPL24B,RPL24B,RPL24B,4932.YGR148C
2,RPL25,RPL25,RPL25,4932.YOL127W
2,RPL26A,RPL26A,RPL26A,4932.YLR344W
2,RPL26B,RPL26B,RPL26B,4932.YGR034W
2,RPL27A,RPL27A,RPL27A,4932.YHR010W
2,RPL27B,RPL27B,RPL27B,4932.YDR471W
2,RPL28,RPL28,RPL28,4932.YGL103W
2,RPL29,RPL29,RPL29,4932.YFR032C-A
2,RPL2A,RPL2A,RPL2A,4932.YFR031C-A
2,RPL2B,RPL2B,RPL2B,4932.YIL018W
2,RPL3,RPL3,RPL3,4932.YOR063W
2,RPL30,RPL30,RPL30,4932.YGL030W
2,RPL31A,RPL31A,RPL31A,4932.YDL075W
2,RPL31B,RPL31B,RPL31B,4932.YLR406C
2,RPL32,RPL32,RPL32,4932.YBL092W
2,RPL33A,RPL33A,RPL33A,4932.YPL143W
2,RPL33B,RPL33B,RPL33B,4932.YOR234C
2,RPL34A,RPL34A,RPL34A,4932.YER056C-A
2,RPL34B,RPL34B,RPL34B,4932.YIL052C
2,RPL35A,RPL35A,RPL35A,4932.YDL191W
2,RPL35B,RPL35B,RPL35B,4932.YDL136W
2,RPL36A,RPL36A,RPL36A,4932.YMR194W
2,RPL36B,RPL36B,RPL36B,4932.YPL249C-A
2,RPL37A,RPL37A,RPL37A,4932.YLR185W
2,RPL37B,RPL37B,RPL37B,4932.YDR500C
2,RPL38,RPL38,RPL38,4932.YLR325C
2,RPL39,RPL39,RPL39,4932.YJL189W
2,RPL40A,RPL40A,RPL40A,4932.YIL148W
2,RPL40B,RPL40B,RPL40B,4932.YKR094C
2,RPL41A,RPL41A,RPL41A,4932.YDL184C
2,RPL41B,RPL41B,RPL41B,4932.YDL133C-A
2,RPL42A,RPL42A,RPL42A,4932.YNL162W
2,RPL42B,RPL42B,RPL42B,4932.YHR141C
2,RPL43A,RPL43A,RPL43A,4932.YPR043W
2,RPL43B,RPL43B,RPL43B,4932.YJR094W-A
2,RPL4A,RPL4A,RPL4A,4932.YBR031W
2,RPL4B,RPL4B,RPL4B,4932.YDR012W
2,RPL5,RPL5,RPL5,4932.YPL131W
2,RPL6A,RPL6A,RPL6A,4932.YML073C
2,RPL6B,RPL6B,RPL6B,4932.YLR448W
2,RPL7A,RPL7A,RPL7A,4932.YGL076C
2,RPL7B,RPL7B,RPL7B,4932.YPL198W
2,RPL8A,RPL8A,RPL8A,4932.YHL033C
2,RPL8B,RPL8B,RPL8B,4932.YLL045C
2,RPL9A,RPL9A,RPL9A,4932.YGL147C
2,RPL9B,RPL9B,RPL9B,4932.YNL067W
2,RPO31,RPO31,RPO31,4932.YOR116C
2,RPP0,RPP0,RPP0,4932.YLR340W
2,RPP1A,RPP1A,RPP1A,4932.YDL081C
2,RPP1B,RPP1B,RPP1B,4932.YDL130W
2,RPP2A,RPP2A,RPP2A,4932.YOL039W
2,RPP2B,RPP2B,RPP2B,4932.YDR382W
2,RPS0A,RPS0A,RPS0A,4932.YGR214W
2,RPS0B,RPS0B,RPS0B,4932.YLR048W
2,RPS10A,RPS10A,RPS10A,4932.YOR293W
2,RPS10B,RPS10B,RPS10B,4932.YMR230W
2,RPS11A,RPS11A,RPS11A,4932.YDR025W
2,RPS11B,RPS11B,RPS11B,4932.YBR048W
2,RPS12,RPS12,RPS12,4932.YOR369C
2,RPS13,RPS13,RPS13,4932.YDR064W
2,RPS14A,RPS14A,RPS14A,4932.YCR031C
2,RPS14B,RPS14B,RPS14B,4932.YJL191W
2,RPS15,RPS15,RPS15,4932.YOL040C
2,RPS16A,RPS16A,RPS16A,4932.YMR143W
2,RPS16B,RPS16B,RPS16B,4932.YDL083C
2,RPS17A,RPS17A,RPS17A,4932.YML024W
2,RPS17B,RPS17B,RPS17B,4932.YDR447C
2,RPS18A,RPS18A,RPS18A,4932.YDR450W
2,RPS18B,RPS18B,RPS18B,4932.YML026C
2,RPS19A,RPS19A,RPS19A,4932.YOL121C
2,RPS19B,RPS19B,RPS19B,4932.YNL302C
2,RPS1A,RPS1A,RPS1A,4932.YLR441C
2,RPS1B,RPS1B,RPS1B,4932.YML063W
2,RPS2,RPS2,RPS2,4932.YGL123W
2,RPS20,RPS20,RPS20,4932.YHL015W
2,RPS21A,RPS21A,RPS21A,4932.YKR057W
2,RPS21B,RPS21B,RPS21B,4932.YJL136C
2,RPS22A,RPS22A,RPS22A,4932.YJL190C
2,RPS22B,RPS22B,RPS22B,4932.YLR367W
2,RPS23A,RPS23A,RPS23A,4932.YGR118W
2,RPS23B,RPS23B,RPS23B,4932.YPR132W
2,RPS24A,RPS24A,RPS24A,4932.YER074W
2,RPS24B,RPS24B,RPS24B,4932.YIL069C
2,RPS25A,RPS25A,RPS25A,4932.YGR027C
2,RPS25B,RPS25B,RPS25B,4932.YLR333C
2,RPS26A,RPS26A,RPS26A,4932.YGL189C
2,RPS26B,RPS26B,RPS26B,4932.YER131W
2,RPS27A,RPS27A,RPS27A,4932.YKL156W
2,RPS27B,RPS27B,RPS27B,4932.YHR021C
2,RPS28A,RPS28A,RPS28A,4932.YOR167C
2,RPS28B,RPS28B,RPS28B,4932.YLR264W
2,RPS29A,RPS29A,RPS29A,4932.YLR388W
2,RPS29B,RPS29B,RPS29B,4932.YDL061C
2,RPS3,RPS3,RPS3,4932.YNL178W
2,RPS30A,RPS30A,RPS30A,4932.YLR287C-A
2,RPS30B,RPS30B,RPS30B,4932.YOR182C
2,RPS31,RPS31,RPS31,4932.YLR167W
2,RPS4A,RPS4A,RPS4A,4932.YJR145C
2,RPS4B,RPS4B,RPS4B,4932.YHR203C
2,RPS5,RPS5,RPS5,4932.YJR123W
2,RPS6A,RPS6A,RPS6A,4932.YPL090C
2,RPS6B,RPS6B,RPS6B,4932.YBR181C
2,RPS7A,RPS7A,RPS7A,4932.YOR096W
2,RPS7B,RPS7B,RPS7B,4932.YNL096C
2,RPS8A,RPS8A,RPS8A,4932.YBL072C
2,RPS8B,RPS8B,RPS8B,4932.YER102W
2,RPS9A,RPS9A,RPS9A,4932.YPL081W
2,RPS9B,RPS9B,RPS9B,4932.YBR189W
2,RRN7,RRN7,RRN7,4932.YJL025W
2,RRP4,RRP4,RRP4,4932.YHR069C
2,RRP40,RRP40,RRP40,4932.YOL142W
2,RRP42,RRP42,RRP42,4932.YDL111C
2,RRP43,RRP43,RRP43,4932.YCR035C
2,RRP45,RRP45,RRP45,4932.YDR280W
2,RRP46,RRP46,RRP46,4932.YGR095C
2,RRP6,RRP6,RRP6,4932.YOR001W
2,RRP7,RRP7,RRP7,4932.YCL031C
2,RSA3,RSA3,RSA3,4932.YLR221C
2,RSM10,RSM10,RSM10,4932.YDR041W
2,RSM18,RSM18,RSM18,4932.YER050C
2,RSM19,RSM19,RSM19,4932.YNR037C
2,RSM22,RSM22,RSM22,4932.YKL155C
2,RSM23,RSM23,RSM23,4932.YGL129C
2,RSM24,RSM24,RSM24,4932.YDR175C
2,RSM25,RSM25,RSM25,4932.YIL093C
2,RSM26,RSM26,RSM26,4932.YJR101W
2,RSM27,RSM27,RSM27,4932.YGR215W
2,RSM7,RSM7,RSM7,4932.YJR113C
2,RTC6,RTC6,YPL183W-A,4932.YPL183W-A
2,SAR1,SAR1,SAR1,4932.YPL218W
2,SBH1,SBH1,SBH1,4932.YER087C-B
2,SBH2,SBH2,SBH2,4932.YER019C-A
2,SEC10,SEC10,SEC10,4932.YLR166C
2,SEC11,SEC11,SEC11,4932.YIR022W
2,SEC13,SEC13,SEC13,4932.YLR208W
2,SEC15,SEC15,SEC15,4932.YGL233W
2,SEC16,SEC16,SEC16,4932.YPL085W
2,SEC20,SEC20,SEC20,4932.YDR498C
2,SEC21,SEC21,SEC21,4932.YNL287W
2,SEC23,SEC23,SEC23,4932.YPR181C
2,SEC24,SEC24,SEC24,4932.YIL109C
2,SEC26,SEC26,SEC26,4932.YDR238C
2,SEC27,SEC27,SEC27,4932.YGL137W
2,SEC28,SEC28,SEC28,4932.YIL076W
2,SEC3,SEC3,SEC3,4932.YER008C
2,SEC31,SEC31,SEC31,4932.YDL195W
2,SEC39,SEC39,SEC39,4932.YLR440C
2,SEC4,SEC4,SEC4,4932.YFL005W
2,SEC5,SEC5,SEC5,4932.YDR166C
2,SEC6,SEC6,SEC6,4932.YIL068C
2,SEC61,SEC61,SEC61,4932.YLR378C
2,SEC62,SEC62,SEC62,4932.YPL094C
2,SEC63,SEC63,SEC63,4932.YOR254C
2,SEC65,SEC65,SEC65,4932.YML105C
2,SEC66,SEC66,SEC66,4932.YBR171W
2,SEC72,SEC72,SEC72,4932.YLR292C
2,SEC8,SEC8,SEC8,4932.YPR055W
2,SEC9,SEC9,SEC9,4932.YGR009C
2,SFB3,SFB3,SFB3,4932.YHR098C
2,SHQ1,SHQ1,SHQ1,4932.YIL104C
2,SKI2,SKI2,SKI2,4932.YLR398C
2,SKI3,SKI3,SKI3,4932.YPR189W
2,SKI6,SKI6,SKI6,4932.YGR195W
2,SKI8,SKI8,SKI8,4932.YGL213C
2,SLM2,SLM2,SLM2,4932.YNL047C
2,SNC1,SNC1,SNC1,4932.YAL030W
2,SNF7,SNF7,SNF7,4932.YLR025W
2,SNF8,SNF8,SNF8,4932.YPL002C
2,SNU114,SNU114,SNU114,4932.YKL173W
2,SNU13,SNU13,SNU13,4932.YEL026W
2,SNX41,SNX41,SNX41,4932.YDR425W
2,SPC1,SPC1,SPC1,4932.YJR010C-A
2,SPC2,SPC2,SPC2,4932.YML055W
2,SPC3,SPC3,SPC3,4932.YLR066W
2,SRN2,SRN2,SRN2,4932.YLR119W
2,SRO7,SRO7,SRO7,4932.YPR032W
2,SRO9,SRO9,SRO9,4932.YCL037C
2,SRP101,SRP101,SRP101,4932.YDR292C
2,SRP102,SRP102,SRP102,4932.YKL154W
2,SRP14,SRP14,SRP14,4932.YDL092W
2,SRP21,SRP21,SRP21,4932.YKL122C
2,SRP54,SRP54,SRP54,4932.YPR088C
2,SRP68,SRP68,SRP68,4932.YPL243W
2,SRP72,SRP72,SRP72,4932.YPL210C
2,SSH1,SSH1,SSH1,4932.YBR283C
2,SSO1,SSO1,SSO1,4932.YPL232W
2,SSS1,SSS1,SSS1,4932.YDR086C
2,STP22,STP22,STP22,4932.YCL008C
2,STT3,STT3,STT3,4932.YGL022W
2,SUI1,SUI1,SUI1,4932.YNL244C
2,SUI2,SUI2,SUI2,4932.YJR007W
2,SUI3,SUI3,SUI3,4932.YPL237W
2,SUP35,SUP35,SUP35,4932.YDR172W
2,SUP45,SUP45,SUP45,4932.YBR143C
2,SUV3,SUV3,SUV3,4932.YPL029W
2,SWP1,SWP1,SWP1,4932.YMR149W
2,SWS2,SWS2,SWS2,4932.YNL081C
2,TEF1,TEF1,TEF1,4932.YPR080W
2,TEF2,TEF2,TEF2,4932.YBR118W
2,TEF4,TEF4,TEF4,4932.YKL081W
2,TIF1,TIF1,TIF1,4932.YKR059W
2,TIF11,TIF11,TIF11,4932.YMR260C
2,TIF34,TIF34,TIF34,4932.YMR146C
2,TIF35,TIF35,TIF35,4932.YDR429C
2,TIF4631,TIF4631,TIF4631,4932.YGR162W
2,TIF5,TIF5,TIF5,4932.YPR041W
2,TIP20,TIP20,TIP20,4932.YGL145W
2,TRM11,TRM11,TRM11,4932.YOL124C
2,TRM112,TRM112,TRM112,4932.YNR046W
2,TRM8,TRM8,TRM8,4932.YDL201W
2,TRM82,TRM82,TRM82,4932.YDR165W
2,TRS120,TRS120,TRS120,4932.YDR407C
2,TRS130,TRS130,TRS130,4932.YMR218C
2,TRS20,TRS20,TRS20,4932.YBR254C
2,TRS23,TRS23,TRS23,4932.YDR246W
2,TRS31,TRS31,TRS31,4932.YDR472W
2,TRS33,TRS33,TRS33,4932.YOR115C
2,TRS65,TRS65,KRE11,4932.YGR166W
2,TRS85,TRS85,GSG1,4932.YDR108W
2,UFE1,UFE1,UFE1,4932.YOR075W
2,URB1,URB1,URB1,4932.YKL014C
2,URB2,URB2,URB2,4932.YJR041C
2,USE1,USE1,USE1,4932.YGL098W
2,UTP10,UTP10,UTP10,4932.YJL109C
2,UTP13,UTP13,UTP13,4932.YLR222C
2,UTP15,UTP15,UTP15,4932.YMR093W
2,UTP18,UTP18,UTP18,4932.YJL069C
2,UTP21,UTP21,UTP21,4932.YLR409C
2,UTP22,UTP22,UTP22,4932.YGR090W
2,UTP4,UTP4,UTP4,4932.YDR324C
2,UTP6,UTP6,UTP6,4932.YDR449C
2,UTP8,UTP8,UTP8,4932.YGR128C
2,UTP9,UTP9,UTP9,4932.YHR196W
2,VAM3,VAM3,VAM3,4932.YOR106W
2,VAM7,VAM7,VAM7,4932.YGL212W
2,VAN1,VAN1,VAN1,4932.YML115C
2,VPS16,VPS16,VPS16,4932.YPL045W
2,VPS17,VPS17,VPS17,4932.YOR132W
2,VPS20,VPS20,VPS20,4932.YMR077C
2,VPS25,VPS25,VPS25,4932.YJR102C
2,VPS27,VPS27,VPS27,4932.YNR006W
2,VPS28,VPS28,VPS28,4932.YPL065W
2,VPS29,VPS29,VPS29,4932.YHR012W
2,VPS3,VPS3,VPS3,4932.YDR495C
2,VPS33,VPS33,VPS33,4932.YLR396C
2,VPS35,VPS35,VPS35,4932.YJL154C
2,VPS41,VPS41,VPS41,4932.YDR080W
2,VPS5,VPS5,VPS5,4932.YOR069W
2,VPS51,VPS51,VPS51,4932.YKR020W
2,VPS52,VPS52,VPS52,4932.YDR484W
2,VPS53,VPS53,VPS53,4932.YJL029C
2,VPS54,VPS54,VPS54,4932.YDR027C
2,VPS8,VPS8,VPS8,4932.YAL002W
2,WBP1,WBP1,WBP1,4932.YEL002C
2,YML6,YML6,YML6,4932.YML025C
2,ZUO1,ZUO1,ZUO1,4932.YGR285C
3,AAR2,AAR2,AAR2,4932.YBL074C
3,ASM4,ASM4,ASM4,4932.YDL088C
3,BRE5,BRE5,BRE5,4932.YNR051C
3,BRR2,BRR2,BRR2,4932.YER172C
3,BUD13,BUD13,BUD13,4932.YGL174W
3,CAF130,CAF130,CAF130,4932.YGR134W
3,CAF40,CAF40,CAF40,4932.YNL288W
3,CBC2,CBC2,CBC2,4932.YPL178W
3,CDC36,CDC36,CDC36,4932.YDL165W
3,CDC39,CDC39,CDC39,4932.YCR093W
3,CEF1,CEF1,CEF1,4932.YMR213W
3,CLF1,CLF1,CLF1,4932.YLR117C
3,CLU1,CLU1,CLU1,4932.YMR012W
3,CSI1,CSI1,CSI1,4932.YMR025W
3,CSN9,CSN9,CSN9,4932.YDR179C
3,CUS1,CUS1,CUS1,4932.YMR240C
3,CUS2,CUS2,CUS2,4932.YNL286W
3,DCP1,DCP1,DCP1,4932.YOL149W
3,DCP2,DCP2,DCP2,4932.YNL118C
3,DIB1,DIB1,DIB1,4932.YPR082C
3,DOP1,DOP1,DOP1,4932.YDR141C
3,ECM29,ECM29,ECM29,4932.YHL030W
3,FAA1,FAA1,FAA1,4932.YOR317W
3,FAA4,FAA4,FAA4,4932.YMR246W
3,FAS1,FAS1,FAS1,4932.YKL182W
3,FAS2,FAS2,FAS2,4932.YPL231W
3,FAT1,FAT1,FAT1,4932.YBR041W
3,FET5,FET5,FET5,4932.YFL041W
3,GLE1,GLE1,GLE1,4932.YDL207W
3,HSH155,HSH155,HSH155,4932.YMR288W
3,HSH49,HSH49,HSH49,4932.YOR319W
3,IST3,IST3,IST3,4932.YIR005W
3,ISY1,ISY1,ISY1,4932.YJR050W
3,LEA1,LEA1,LEA1,4932.YPL213W
3,LIN1,LIN1,LIN1,4932.YHR156C
3,LSM2,LSM2,LSM2,4932.YBL026W
3,LSM3,LSM3,LSM3,4932.YLR438C-A
3,LSM4,LSM4,LSM4,4932.YER112W
3,LSM5,LSM5,LSM5,4932.YER146W
3,LSM6,LSM6,LSM6,4932.YDR378C
3,LSM7,LSM7,LSM7,4932.YNL147W
3,LSM8,LSM8,LSM8,4932.YJR022W
3,LUC7,LUC7,LUC7,4932.YDL087C
3,MAK10,MAK10,MAK10,4932.YEL053C
3,MAK3,MAK3,MAK3,4932.YPR051W
3,MAK31,MAK31,MAK31,4932.YCR020C-A
3,MDM20,MDM20,MDM20,4932.YOL076W
3,MEX67,MEX67,MEX67,4932.YPL169C
3,MOT2,MOT2,MOT2,4932.YER068W
3,MSL1,MSL1,MSL1,4932.YIR009W
3,MSL5,MSL5,MSL5,4932.YLR116W
3,MTR2,MTR2,MTR2,4932.YKL186C
3,MUD1,MUD1,MUD1,4932.YBR119W
3,MUD2,MUD2,MUD2,4932.YKL074C
3,NAF1,NAF1,NAF1,4932.YNL124W
3,NAM7,NAM7,NAM7,4932.YMR080C
3,NAM8,NAM8,NAM8,4932.YHR086W
3,NAS6,NAS6,NAS6,4932.YGR232W
3,NAT3,NAT3,NAT3,4932.YPR131C
3,NIC96,NIC96,NIC96,4932.YFR002W
3,NMD2,NMD2,NMD2,4932.YHR077C
3,NOT3,NOT3,NOT3,4932.YIL038C
3,NSP1,NSP1,NSP1,4932.YJL041W
3,NTC20,NTC20,NTC20,4932.YBR188C
3,NTR2,NTR2,NTR2,4932.YKR022C
3,NUP120,NUP120,NUP120,4932.YKL057C
3,NUP145,NUP145,NUP145,4932.YGL092W
3,NUP159,NUP159,NUP159,4932.YIL115C
3,NUP170,NUP170,NUP170,4932.YBL079W
3,NUP49,NUP49,NUP49,4932.YGL172W
3,NUP53,NUP53,NUP53,4932.YMR153W
3,NUP57,NUP57,NUP57,4932.YGR119C
3,NUP82,NUP82,NUP82,4932.YJL061W
3,NUP84,NUP84,NUP84,4932.YDL116W
3,NUP85,NUP85,NUP85,4932.YJR042W
3,PAN2,PAN2,PAN2,4932.YGL094C
3,PAN3,PAN3,PAN3,4932.YKL025C
3,PBP1,PBP1,PBP1,4932.YGR178C
3,PCI8,PCI8,PCI8,4932.YIL071C
3,PEX10,PEX10,PEX10,4932.YDR265W
3,PEX12,PEX12,PEX12,4932.YMR026C
3,PEX13,PEX13,PEX13,4932.YLR191W
3,PEX14,PEX14,PEX14,4932.YGL153W
3,PEX17,PEX17,PEX17,4932.YNL214W
3,PEX2,PEX2,PEX2,4932.YJL210W
3,PML1,PML1,PML1,4932.YLR016C
3,POP1,POP1,POP1,4932.YNL221C
3,POP2,POP2,POP2,4932.YNR052C
3,POP3,POP3,POP3,4932.YNL282W
3,POP4,POP4,POP4,4932.YBR257W
3,POP5,POP5,POP5,4932.YAL033W
3,POP6,POP6,POP6,4932.YGR030C
3,POP7,POP7,POP7,4932.YBR167C
3,POP8,POP8,POP8,4932.YBL018C
3,PRE1,PRE1,PRE1,4932.YER012W
3,PRE10,PRE10,PRE10,4932.YOR362C
3,PRE2,PRE2,PRE2,4932.YPR103W
3,PRE3,PRE3,PRE3,4932.YJL001W
3,PRE4,PRE4,PRE4,4932.YFR050C
3,PRE5,PRE5,PRE5,4932.YMR314W
3,PRE6,PRE6,PRE6,4932.YOL038W
3,PRE7,PRE7,PRE7,4932.YBL041W
3,PRE8,PRE8,PRE8,4932.YML092C
3,PRE9,PRE9,PRE9,4932.YGR135W
3,PRP11,PRP11,PRP11,4932.YDL043C
3,PRP18,PRP18,PRP18,4932.YGR006W
3,PRP19,PRP19,PRP19,4932.YLL036C
3,PRP21,PRP21,PRP21,4932.YJL203W
3,PRP24,PRP24,PRP24,4932.YMR268C
3,PRP28,PRP28,PRP28,4932.YDR243C
3,PRP3,PRP3,PRP3,4932.YDR473C
3,PRP31,PRP31,PRP31,4932.YGR091W
3,PRP38,PRP38,PRP38,4932.YGR075C
3,PRP39,PRP39,PRP39,4932.YML046W
3,PRP4,PRP4,PRP4,4932.YPR178W
3,PRP40,PRP40,PRP40,4932.YKL012W
3,PRP42,PRP42,PRP42,4932.YDR235W
3,PRP6,PRP6,PRP6,4932.YBR055C
3,PRP8,PRP8,PRP8,4932.YHR165C
3,PRP9,PRP9,PRP9,4932.YDL030W
3,PUP1,PUP1,PUP1,4932.YOR157C
3,PUP2,PUP2,PUP2,4932.YGR253C
3,PUP3,PUP3,PUP3,4932.YER094C
3,PXA1,PXA1,PXA1,4932.YPL147W
3,PXA2,PXA2,PXA2,4932.YKL188C
3,RDS3,RDS3,RDS3,4932.YPR094W
3,RMP1,RMP1,RMP1,4932.YLR145W
3,RPN1,RPN1,RPN1,4932.YHR027C
3,RPN10,RPN10,RPN10,4932.YHR200W
3,RPN12,RPN12,RPN12,4932.YFR052W
3,RPN13,RPN13,RPN13,4932.YLR421C
3,RPN2,RPN2,RPN2,4932.YIL075C
3,RPN3,RPN3,RPN3,4932.YER021W
3,RPN5,RPN5,RPN5,4932.YDL147W
3,RPN6,RPN6,RPN6,4932.YDL097C
3,RPN7,RPN7,RPN7,4932.YPR108W
3,RPN8,RPN8,RPN8,4932.YOR261C
3,RPN9,RPN9,RPN9,4932.YDR427W
3,RPP1,RPP1,RPP1,4932.YHR062C
3,RPR2,RPR2,RPR2,4932.YIR015W
3,RPT1,RPT1,RPT1,4932.YKL145W
3,RPT2,RPT2,RPT2,4932.YDL007W
3,RPT3,RPT3,RPT3,4932.YDR394W
3,RPT4,RPT4,RPT4,4932.YOR259C
3,RPT5,RPT5,RPT5,4932.YOR117W
3,RPT6,RPT6,RPT6,4932.YGL048C
3,RRI1,RRI1,RRI1,4932.YDL216C
3,RRI2,RRI2,RRI2,4932.YOL117W
3,RSE1,RSE1,RSE1,4932.YML049C
3,SCL1,SCL1,SCL1,4932.YGL011C
3,SEH1,SEH1,SEH1,4932.YGL100W
3,SEM1,SEM1,SEM1,4932.YDR363W-A
3,SEN15,SEN15,SEN15,4932.YMR059W
3,SEN2,SEN2,SEN2,4932.YLR105C
3,SEN34,SEN34,SEN34,4932.YAR008W
3,SEN54,SEN54,SEN54,4932.YPL083C
3,SMB1,SMB1,SMB1,4932.YER029C
3,SMD1,SMD1,SMD1,4932.YGR074W
3,SMD2,SMD2,SMD2,4932.YLR275W
3,SMD3,SMD3,SMD3,4932.YLR147C
3,SME1,SME1,SME1,4932.YOR159C
3,SMX2,SMX2,SMX2,4932.YFL017W-A
3,SMX3,SMX3,SMX3,4932.YPR182W
3,SNM1,SNM1,SNM1,4932.YDR478W
3,SNP1,SNP1,SNP1,4932.YIL061C
3,SNT309,SNT309,SNT309,4932.YPR101W
3,SNU23,SNU23,SNU23,4932.YDL098C
3,SNU56,SNU56,SNU56,4932.YDR240C
3,SNU66,SNU66,SNU66,4932.YOR308C
3,SNU71,SNU71,SNU71,4932.YGR013W
3,SPP381,SPP381,SPP381,4932.YBR152W
3,SPP382,SPP382,SPP382,4932.YLR424W
3,STO1,STO1,STO1,4932.YMR125W
3,SUB2,SUB2,SUB2,4932.YDL084W
3,SYF1,SYF1,SYF1,4932.YDR416W
3,SYF2,SYF2,SYF2,4932.YGR129W
3,TEX1,TEX1,TEX1,4932.YNL253W
3,UBP6,UBP6,UBP6,4932.YFR010W
3,UPF3,UPF3,UPF3,4932.YGR072W
3,YHC1,YHC1,YHC1,4932.YLR298C
3,YJR084W,YJR084W,CSN12,4932.YJR084W
3,YRA1,YRA1,YRA1,4932.YDR381W
3,YSF3,YSF3,YSF3,4932.YNL138W-A
4,ERI1,ERI1,ERI1,4932.YPL096C-A
4,GAA1,GAA1,GAA1,4932.YLR088W
4,GAB1,GAB1,GAB1,4932.YLR459W
4,GPI1,GPI1,GPI1,4932.YGR216C
4,GPI15,GPI15,GPI15,4932.YNL038W
4,GPI16,GPI16,GPI16,4932.YHR188C
4,GPI17,GPI17,GPI17,4932.YDR434W
4,GPI19,GPI19,GPI19,4932.YDR437W
4,GPI2,GPI2,GPI2,4932.YPL076W
4,GPI8,GPI8,GPI8,4932.YDR331W
4,MST27,MST27,MST27,4932.YGL051W
4,MST28,MST28,MST28,4932.YAR033W
4,SPT14,SPT14,SPT14,4932.YPL175W
5,FYV10,FYV10,FYV10,4932.YIL097W
5,GID7,GID7,GID7,4932.YCL039W
5,GID8,GID8,GID8,4932.YMR135C
5,RMD5,RMD5,RMD5,4932.YDR255C
5,VID24,VID24,VID24,4932.YBR105C
5,VID28,VID28,VID28,4932.YIL017C
5,VID30,VID30,VID30,4932.YGL227W
5,YDL176W,YDL176W,YDL176W,4932.YDL176W
6,OCA1,OCA1,OCA1,4932.YNL099C
6,OCA2,OCA2,OCA2,4932.YNL056W
6,OCA4,OCA4,YCR095C,4932.YCR095C
6,OCA5,OCA5,YHL029C,4932.YHL029C
6,OCA6,OCA6,YDR067C,4932.YDR067C
6,SIW14,SIW14,SIW14,4932.YNL032W
7,BUD32,BUD32,BUD32,4932.YGR262C
7,CGI121,CGI121,CGI121,4932.YML036W
7,GON7,GON7,GON7,4932.YJL184W
7,KAE1,KAE1,KAE1,4932.YKR038C
7,PCC1,PCC1,PCC1,4932.YKR095W-A
