queryItem,stringId,ncbiTaxonId,preferredName,resolvedQuery,mappingSource,mappingPriority,node_label
AAR2,4932.YBL074C,4932,AAR2,AAR2,direct_string,1,AAR2
ABF1,4932.YKL112W,4932,ABF1,ABF1,direct_string,1,ABF1
ACT1,4932.YFL039C,4932,ACT1,ACT1,direct_string,1,ACT1
ADA2,4932.YDR448W,4932,ADA2,ADA2,direct_string,1,ADA2
AFG3,4932.YER017C,4932,AFG3,AFG3,direct_string,1,AFG3
AHC1,4932.YOR023C,4932,AHC1,AHC1,direct_string,1,AHC1
AIR1,4932.YIL079C,4932,AIR1,AIR1,direct_string,1,AIR1
AIR2,4932.YDL175C,4932,AIR2,AIR2,direct_string,1,AIR2
ALG13,4932.YGL047W,4932,ALG13,ALG13,direct_string,1,ALG13
ALG14,4932.YBR070C,4932,ALG14,ALG14,direct_string,1,ALG14
AME1,4932.YBR211C,4932,AME1,AME1,direct_string,1,AME1
ANP1,4932.YEL036C,4932,ANP1,ANP1,direct_string,1,ANP1
AOS1,4932.YPR180W,4932,AOS1,AOS1,direct_string,1,AOS1
APC1,4932.YNL172W,4932,APC1,APC1,direct_string,1,APC1
APC11,4932.YDL008W,4932,APC11,APC11,direct_string,1,APC11
APC2,4932.YLR127C,4932,APC2,APC2,direct_string,1,APC2
APC4,4932.YDR118W,4932,APC4,APC4,direct_string,1,APC4
APC5,4932.YOR249C,4932,APC5,APC5,direct_string,1,APC5
APC9,4932.YLR102C,4932,APC9,APC9,direct_string,1,APC9
APL1,4932.YJR005W,4932,APL1,APL1,direct_string,1,APL1
APL2,4932.YKL135C,4932,APL2,APL2,direct_string,1,APL2
APL3,4932.YBL037W,4932,APL3,APL3,direct_string,1,APL3
APL4,4932.YPR029C,4932,APL4,APL4,direct_string,1,APL4
APL5,4932.YPL195W,4932,APL5,APL5,direct_string,1,APL5
APL6,4932.YGR261C,4932,APL6,APL6,direct_string,1,APL6
APM1,4932.YPL259C,4932,APM1,APM1,direct_string,1,APM1
APM2,4932.YHL019C,4932,APM2,APM2,direct_string,1,APM2
APM3,4932.YBR288C,4932,APM3,APM3,direct_string,1,APM3
APM4,4932.YOL062C,4932,APM4,APM4,direct_string,1,APM4
APS1,4932.YLR170C,4932,APS1,APS1,direct_string,1,APS1
APS2,4932.YJR058C,4932,APS2,APS2,direct_string,1,APS2
APS3,4932.YJL024C,4932,APS3,APS3,direct_string,1,APS3
ARC1,4932.YGL105W,4932,ARC1,ARC1,direct_string,1,ARC1
ARC15,4932.YIL062C,4932,ARC15,ARC15,direct_string,1,ARC15
ARC18,4932.YLR370C,4932,ARC18,ARC18,direct_string,1,ARC18
ARC19,4932.YKL013C,4932,ARC19,ARC19,direct_string,1,ARC19
ARC35,4932.YNR035C,4932,ARC35,ARC35,direct_string,1,ARC35
ARC40,4932.YBR234C,4932,ARC40,ARC40,direct_string,1,ARC40
ARD1,4932.YHR013C,4932,ARD1,ARD1,direct_string,1,ARD1
ARF1,4932.YDL192W,4932,ARF1,ARF1,direct_string,1,ARF1
ARG2,4932.YJL071W,4932,ARG2,ARG2,direct_string,1,ARG2
ARG3,4932.YJL088W,4932,ARG3,ARG3,direct_string,1,ARG3
"ARG5,6",4932.YER069W,4932,"ARG5,6","ARG5,6",direct_string,1,"ARG5,6"
ARG80,4932.YMR042W,4932,ARG80,ARG80,direct_string,1,ARG80
ARG81,4932.YML099C,4932,ARG81,ARG81,direct_string,1,ARG81
ARG82,4932.YDR173C,4932,ARG82,ARG82,direct_string,1,ARG82
ARP1,4932.YHR129C,4932,ARP1,ARP1,direct_string,1,ARP1
ARP10,4932.YDR106W,4932,ARP10,ARP10,direct_string,1,ARP10
ARP2,4932.YDL029W,4932,ARP2,ARP2,direct_string,1,ARP2
ARP3,4932.YJR065C,4932,ARP3,ARP3,direct_string,1,ARP3
ARP4,4932.YJL081C,4932,ARP4,ARP4,direct_string,1,ARP4
ARP5,4932.YNL059C,4932,ARP5,ARP5,direct_string,1,ARP5
ARP6,4932.YLR085C,4932,ARP6,ARP6,direct_string,1,ARP6
ARP7,4932.YPR034W,4932,ARP7,ARP7,direct_string,1,ARP7
ARP8,4932.YOR141C,4932,ARP8,ARP8,direct_string,1,ARP8
ARP9,4932.YMR033W,4932,ARP9,ARP9,direct_string,1,ARP9
ASC1,4932.YMR116C,4932,ASC1,ASC1,direct_string,1,ASC1
ASF1,4932.YJL115W,4932,ASF1,ASF1,direct_string,1,ASF1
ASH1,4932.YKL185W,4932,ASH1,ASH1,direct_string,1,ASH1
ASK1,4932.YKL052C,4932,ASK1,ASK1,direct_string,1,ASK1
ASM4,4932.YDL088C,4932,ASM4,ASM4,direct_string,1,ASM4
ATG12,4932.YBR217W,4932,ATG12,ATG12,direct_string,1,ATG12
ATG14,4932.YBR128C,4932,ATG14,ATG14,direct_string,1,ATG14
ATG16,4932.YMR159C,4932,ATG16,ATG16,direct_string,1,ATG16
ATG20,4932.YDL113C,4932,ATG20,ATG20,direct_string,1,ATG20
ECM17,4932.YIL146C,4932,ATG32,ECM17,direct_string,1,ATG32
ATG5,4932.YPL149W,4932,ATG5,ATG5,direct_string,1,ATG5
ATP1,4932.YBL099W,4932,ATP1,ATP1,direct_string,1,ATP1
ATP14,4932.YLR295C,4932,ATP14,ATP14,direct_string,1,ATP14
ATP15,4932.YPL271W,4932,ATP15,ATP15,direct_string,1,ATP15
ATP16,4932.YDL004W,4932,ATP16,ATP16,direct_string,1,ATP16
ATP17,4932.YDR377W,4932,ATP17,ATP17,direct_string,1,ATP17
ATP18,4932.YML081C-A,4932,ATP18,ATP18,direct_string,1,ATP18
ATP19,4932.YOL077W-A,4932,ATP19,ATP19,direct_string,1,ATP19
ATP2,4932.YJR121W,4932,ATP2,ATP2,direct_string,1,ATP2
ATP20,4932.YPR020W,4932,ATP20,ATP20,direct_string,1,ATP20
ATP3,4932.YBR039W,4932,ATP3,ATP3,direct_string,1,ATP3
ATP4,4932.YPL078C,4932,ATP4,ATP4,direct_string,1,ATP4
ATP5,4932.YDR298C,4932,ATP5,ATP5,direct_string,1,ATP5
ATP6,4932.Q0085,4932,ATP6,ATP6,direct_string,1,ATP6
ATP7,4932.YKL016C,4932,ATP7,ATP7,direct_string,1,ATP7
ATP8,4932.Q0080,4932,ATP8,ATP8,direct_string,1,ATP8
AVO1,4932.YOL078W,4932,AVO1,AVO1,direct_string,1,AVO1
AVO2,4932.YMR068W,4932,AVO2,AVO2,direct_string,1,AVO2
BBP1,4932.YPL255W,4932,BBP1,BBP1,direct_string,1,BBP1
BCH1,4932.YMR237W,4932,BCH1,BCH1,direct_string,1,BCH1
BCH2,4932.YKR027W,4932,BCH2,BCH2,direct_string,1,BCH2
BCY1,4932.YIL033C,4932,BCY1,BCY1,direct_string,1,BCY1
BDP1,4932.YNL039W,4932,BDP1,BDP1,direct_string,1,BDP1
BET2,4932.YPR176C,4932,BET2,BET2,direct_string,1,BET2
BET3,4932.YKR068C,4932,BET3,BET3,direct_string,1,BET3
BET4,4932.YJL031C,4932,BET4,BET4,direct_string,1,BET4
BET5,4932.YML077W,4932,BET5,BET5,direct_string,1,BET5
BFA1,4932.YJR053W,4932,BFA1,BFA1,direct_string,1,BFA1
BI3,4932.Q0115,4932,BI3,BI3,direct_string,1,BI3
BI4,4932.Q0120,4932,BI4,BI4,direct_string,1,BI4
BIR1,4932.YJR089W,4932,BIR1,BIR1,direct_string,1,BIR1
BIT61,4932.YJL058C,4932,BIT61,BIT61,direct_string,1,BIT61
BNI4,4932.YNL233W,4932,BNI4,BNI4,direct_string,1,BNI4
BRE1,4932.YDL074C,4932,BRE1,BRE1,direct_string,1,BRE1
BRE2,4932.YLR015W,4932,BRE2,BRE2,direct_string,1,BRE2
BRE5,4932.YNR051C,4932,BRE5,BRE5,direct_string,1,BRE5
BRF1,4932.YGR246C,4932,BRF1,BRF1,direct_string,1,BRF1
BRN1,4932.YBL097W,4932,BRN1,BRN1,direct_string,1,BRN1
BRR2,4932.YER172C,4932,BRR2,BRR2,direct_string,1,BRR2
BTT1,4932.YDR252W,4932,BTT1,BTT1,direct_string,1,BTT1
BUB1,4932.YGR188C,4932,BUB1,BUB1,direct_string,1,BUB1
BUB2,4932.YMR055C,4932,BUB2,BUB2,direct_string,1,BUB2
BUB3,4932.YOR026W,4932,BUB3,BUB3,direct_string,1,BUB3
BUD13,4932.YGL174W,4932,BUD13,BUD13,direct_string,1,BUD13
BUD14,4932.YAR014C,4932,BUD14,BUD14,direct_string,1,BUD14
BUD32,4932.YGR262C,4932,BUD32,BUD32,direct_string,1,BUD32
BUD6,4932.YLR319C,4932,BUD6,BUD6,direct_string,1,BUD6
BUD7,4932.YOR299W,4932,BUD7,BUD7,direct_string,1,BUD7
BUG1,4932.YDL099W,4932,BUG1,BUG1,direct_string,1,BUG1
BUL1,4932.YMR275C,4932,BUL1,BUL1,direct_string,1,BUL1
BUL2,4932.YML111W,4932,BUL2,BUL2,direct_string,1,BUL2
BUR2,4932.YLR226W,4932,BUR2,BUR2,direct_string,1,BUR2
BUR6,4932.YER159C,4932,BUR6,BUR6,direct_string,1,BUR6
CAC2,4932.YML102W,4932,CAC2,CAC2,direct_string,1,CAC2
CAF130,4932.YGR134W,4932,CAF130,CAF130,direct_string,1,CAF130
CAF40,4932.YNL288W,4932,CAF40,CAF40,direct_string,1,CAF40
CAM1,4932.YPL048W,4932,CAM1,CAM1,direct_string,1,CAM1
CAR1,4932.YPL111W,4932,CAR1,CAR1,direct_string,1,CAR1
CBC2,4932.YPL178W,4932,CBC2,CBC2,direct_string,1,CBC2
CBF1,4932.YJR060W,4932,CBF1,CBF1,direct_string,1,CBF1
CBF2,4932.YGR140W,4932,CBF2,CBF2,direct_string,1,CBF2
CBK1,4932.YNL161W,4932,CBK1,CBK1,direct_string,1,CBK1
CBP1,4932.YJL209W,4932,CBP1,CBP1,direct_string,1,CBP1
CCL1,4932.YPR025C,4932,CCL1,CCL1,direct_string,1,CCL1
CCR4,4932.YAL021C,4932,CCR4,CCR4,direct_string,1,CCR4
CCS1,4932.YMR038C,4932,CCS1,CCS1,direct_string,1,CCS1
CCT2,4932.YIL142W,4932,CCT2,CCT2,direct_string,1,CCT2
CCT3,4932.YJL014W,4932,CCT3,CCT3,direct_string,1,CCT3
CCT4,4932.YDL143W,4932,CCT4,CCT4,direct_string,1,CCT4
CCT5,4932.YJR064W,4932,CCT5,CCT5,direct_string,1,CCT5
CCT6,4932.YDR188W,4932,CCT6,CCT6,direct_string,1,CCT6
CCT7,4932.YJL111W,4932,CCT7,CCT7,direct_string,1,CCT7
CCT8,4932.YJL008C,4932,CCT8,CCT8,direct_string,1,CCT8
CCZ1,4932.YBR131W,4932,CCZ1,CCZ1,direct_string,1,CCZ1
CDC14,4932.YFR028C,4932,CDC14,CDC14,direct_string,1,CDC14
CDC16,4932.YKL022C,4932,CDC16,CDC16,direct_string,1,CDC16
CDC20,4932.YGL116W,4932,CDC20,CDC20,direct_string,1,CDC20
CDC23,4932.YHR166C,4932,CDC23,CDC23,direct_string,1,CDC23
CDC24,4932.YAL041W,4932,CDC24,CDC24,direct_string,1,CDC24
CDC26,4932.YFR036W,4932,CDC26,CDC26,direct_string,1,CDC26
CDC27,4932.YBL084C,4932,CDC27,CDC27,direct_string,1,CDC27
CDC28,4932.YBR160W,4932,CDC28,CDC28,direct_string,1,CDC28
CDC33,4932.YOL139C,4932,CDC33,CDC33,direct_string,1,CDC33
CDC34,4932.YDR054C,4932,CDC34,CDC34,direct_string,1,CDC34
CDC36,4932.YDL165W,4932,CDC36,CDC36,direct_string,1,CDC36
CDC39,4932.YCR093W,4932,CDC39,CDC39,direct_string,1,CDC39
CDC4,4932.YFL009W,4932,CDC4,CDC4,direct_string,1,CDC4
CDC42,4932.YLR229C,4932,CDC42,CDC42,direct_string,1,CDC42
CDC43,4932.YGL155W,4932,CDC43,CDC43,direct_string,1,CDC43
CDC48,4932.YDL126C,4932,CDC48,CDC48,direct_string,1,CDC48
CDC53,4932.YDL132W,4932,CDC53,CDC53,direct_string,1,CDC53
CDC55,4932.YGL190C,4932,CDC55,CDC55,direct_string,1,CDC55
CDC7,4932.YDL017W,4932,CDC7,CDC7,direct_string,1,CDC7
CDC73,4932.YLR418C,4932,CDC73,CDC73,direct_string,1,CDC73
CDH1,4932.YGL003C,4932,CDH1,CDH1,direct_string,1,CDH1
CEF1,4932.YMR213W,4932,CEF1,CEF1,direct_string,1,CEF1
CEG1,4932.YGL130W,4932,CEG1,CEG1,direct_string,1,CEG1
CEP3,4932.YMR168C,4932,CEP3,CEP3,direct_string,1,CEP3
CET1,4932.YPL228W,4932,CET1,CET1,direct_string,1,CET1
CFT1,4932.YDR301W,4932,CFT1,CFT1,direct_string,1,CFT1
CFT2,4932.YLR115W,4932,CFT2,CFT2,direct_string,1,CFT2
CGI121,4932.YML036W,4932,CGI121,CGI121,direct_string,1,CGI121
CHC1,4932.YGL206C,4932,CHC1,CHC1,direct_string,1,CHC1
CHD1,4932.YER164W,4932,CHD1,CHD1,direct_string,1,CHD1
CHS5,4932.YLR330W,4932,CHS5,CHS5,direct_string,1,CHS5
CHS6,4932.YJL099W,4932,CHS6,CHS6,direct_string,1,CHS6
CHZ1,4932.YER030W,4932,CHZ1,CHZ1,direct_string,1,CHZ1
CKA1,4932.YIL035C,4932,CKA1,CKA1,direct_string,1,CKA1
CKA2,4932.YOR061W,4932,CKA2,CKA2,direct_string,1,CKA2
CKB1,4932.YGL019W,4932,CKB1,CKB1,direct_string,1,CKB1
CKB2,4932.YOR039W,4932,CKB2,CKB2,direct_string,1,CKB2
CLB1,4932.YGR108W,4932,CLB1,CLB1,direct_string,1,CLB1
CLB2,4932.YPR119W,4932,CLB2,CLB2,direct_string,1,CLB2
CLB3,4932.YDL155W,4932,CLB3,CLB3,direct_string,1,CLB3
CLB4,4932.YLR210W,4932,CLB4,CLB4,direct_string,1,CLB4
CLB5,4932.YPR120C,4932,CLB5,CLB5,direct_string,1,CLB5
CLB6,4932.YGR109C,4932,CLB6,CLB6,direct_string,1,CLB6
CLC1,4932.YGR167W,4932,CLC1,CLC1,direct_string,1,CLC1
CLF1,4932.YLR117C,4932,CLF1,CLF1,direct_string,1,CLF1
CLN1,4932.YMR199W,4932,CLN1,CLN1,direct_string,1,CLN1
CLN2,4932.YPL256C,4932,CLN2,CLN2,direct_string,1,CLN2
CLN3,4932.YAL040C,4932,CLN3,CLN3,direct_string,1,CLN3
CLP1,4932.YOR250C,4932,CLP1,CLP1,direct_string,1,CLP1
CLU1,4932.YMR012W,4932,CLU1,CLU1,direct_string,1,CLU1
CMD1,4932.YBR109C,4932,CMD1,CMD1,direct_string,1,CMD1
CMP2,4932.YML057W,4932,CMP2,CMP2,direct_string,1,CMP2
CNA1,4932.YLR433C,4932,CNA1,CNA1,direct_string,1,CNA1
CNB1,4932.YKL190W,4932,CNB1,CNB1,direct_string,1,CNB1
CNM67,4932.YNL225C,4932,CNM67,CNM67,direct_string,1,CNM67
COB,4932.Q0105,4932,COB,COB,direct_string,1,COB
COG1,4932.YGL223C,4932,COG1,COG1,direct_string,1,COG1
COG2,4932.YGR120C,4932,COG2,COG2,direct_string,1,COG2
COG3,4932.YER157W,4932,COG3,COG3,direct_string,1,COG3
COG4,4932.YPR105C,4932,COG4,COG4,direct_string,1,COG4
COG5,4932.YNL051W,4932,COG5,COG5,direct_string,1,COG5
COG6,4932.YNL041C,4932,COG6,COG6,direct_string,1,COG6
COG7,4932.YGL005C,4932,COG7,COG7,direct_string,1,COG7
COG8,4932.YML071C,4932,COG8,COG8,direct_string,1,COG8
COP1,4932.YDL145C,4932,COP1,COP1,direct_string,1,COP1
COQ3,4932.YOL096C,4932,COQ3,COQ3,direct_string,1,COQ3
COQ4,4932.YDR204W,4932,COQ4,COQ4,direct_string,1,COQ4
COR1,4932.YBL045C,4932,COR1,COR1,direct_string,1,COR1
COX1,4932.Q0045,4932,COX1,COX1,direct_string,1,COX1
COX12,4932.YLR038C,4932,COX12,COX12,direct_string,1,COX12
COX13,4932.YGL191W,4932,COX13,COX13,direct_string,1,COX13
COX14,4932.YML129C,4932,COX14,COX14,direct_string,1,COX14
COX2,4932.Q0250,4932,COX2,COX2,direct_string,1,COX2
COX3,4932.Q0275,4932,COX3,COX3,direct_string,1,COX3
COX4,4932.YGL187C,4932,COX4,COX4,direct_string,1,COX4
COX5A,4932.YNL052W,4932,COX5A,COX5A,direct_string,1,COX5A
COX6,4932.YHR051W,4932,COX6,COX6,direct_string,1,COX6
COX7,4932.YMR256C,4932,COX7,COX7,direct_string,1,COX7
COX8,4932.YLR395C,4932,COX8,COX8,direct_string,1,COX8
COX9,4932.YDL067C,4932,COX9,COX9,direct_string,1,COX9
CPA1,4932.YOR303W,4932,CPA1,CPA1,direct_string,1,CPA1
CPA2,4932.YJR109C,4932,CPA2,CPA2,direct_string,1,CPA2
CPR1,4932.YDR155C,4932,CPR1,CPR1,direct_string,1,CPR1
CSE2,4932.YNR010W,4932,CSE2,CSE2,direct_string,1,CSE2
CSG2,4932.YBR036C,4932,CSG2,CSG2,direct_string,1,CSG2
CSH1,4932.YBR161W,4932,CSH1,CSH1,direct_string,1,CSH1
CSI1,4932.YMR025W,4932,CSI1,CSI1,direct_string,1,CSI1
CSL4,4932.YNL232W,4932,CSL4,CSL4,direct_string,1,CSL4
CSM1,4932.YCR086W,4932,CSM1,CSM1,direct_string,1,CSM1
CSM3,4932.YMR048W,4932,CSM3,CSM3,direct_string,1,CSM3
CSN9,4932.YDR179C,4932,CSN9,CSN9,direct_string,1,CSN9
CTF13,4932.YMR094W,4932,CTF13,CTF13,direct_string,1,CTF13
CTF18,4932.YMR078C,4932,CTF18,CTF18,direct_string,1,CTF18
CTF19,4932.YPL018W,4932,CTF19,CTF19,direct_string,1,CTF19
CTF3,4932.YLR381W,4932,CTF3,CTF3,direct_string,1,CTF3
CTF8,4932.YHR191C,4932,CTF8,CTF8,direct_string,1,CTF8
CTI6,4932.YPL181W,4932,CTI6,CTI6,direct_string,1,CTI6
CTK1,4932.YKL139W,4932,CTK1,CTK1,direct_string,1,CTK1
CTK2,4932.YJL006C,4932,CTK2,CTK2,direct_string,1,CTK2
CTK3,4932.YML112W,4932,CTK3,CTK3,direct_string,1,CTK3
CTR9,4932.YOL145C,4932,CTR9,CTR9,direct_string,1,CTR9
CUL3,4932.YGR003W,4932,CUL3,CUL3,direct_string,1,CUL3
CUS1,4932.YMR240C,4932,CUS1,CUS1,direct_string,1,CUS1
CUS2,4932.YNL286W,4932,CUS2,CUS2,direct_string,1,CUS2
CYC8,4932.YBR112C,4932,CYC8,CYC8,direct_string,1,CYC8
CYR1,4932.YJL005W,4932,CYR1,CYR1,direct_string,1,CYR1
CYT1,4932.YOR065W,4932,CYT1,CYT1,direct_string,1,CYT1
DAD1,4932.YDR016C,4932,DAD1,DAD1,direct_string,1,DAD1
DAD2,4932.YKR083C,4932,DAD2,DAD2,direct_string,1,DAD2
DAD3,4932.YBR233W-A,4932,DAD3,DAD3,direct_string,1,DAD3
DAD4,4932.YDR320C-A,4932,DAD4,DAD4,direct_string,1,DAD4
DAM1,4932.YGR113W,4932,DAM1,DAM1,direct_string,1,DAM1
DBF2,4932.YGR092W,4932,DBF2,DBF2,direct_string,1,DBF2
DBF4,4932.YDR052C,4932,DBF4,DBF4,direct_string,1,DBF4
DBP6,4932.YNR038W,4932,DBP6,DBP6,direct_string,1,DBP6
DCC1,4932.YCL016C,4932,DCC1,DCC1,direct_string,1,DCC1
DCP1,4932.YOL149W,4932,DCP1,DCP1,direct_string,1,DCP1
DCP2,4932.YNL118C,4932,DCP2,DCP2,direct_string,1,DCP2
DCS1,4932.YLR270W,4932,DCS1,DCS1,direct_string,1,DCS1
DCS2,4932.YOR173W,4932,DCS2,DCS2,direct_string,1,DCS2
DDC1,4932.YPL194W,4932,DDC1,DDC1,direct_string,1,DDC1
DEF1,4932.YKL054C,4932,DEF1,DEF1,direct_string,1,DEF1
DEP1,4932.YAL013W,4932,DEP1,DEP1,direct_string,1,DEP1
DER1,4932.YBR201W,4932,DER1,DER1,direct_string,1,DER1
DIB1,4932.YPR082C,4932,DIB1,DIB1,direct_string,1,DIB1
DID4,4932.YKL002W,4932,DID4,DID4,direct_string,1,DID4
DIG1,4932.YPL049C,4932,DIG1,DIG1,direct_string,1,DIG1
DIG2,4932.YDR480W,4932,DIG2,DIG2,direct_string,1,DIG2
DIP2,4932.YLR129W,4932,DIP2,DIP2,direct_string,1,DIP2
DIS3,4932.YOL021C,4932,DIS3,DIS3,direct_string,1,DIS3
DLS1,4932.YJL065C,4932,DLS1,DLS1,direct_string,1,DLS1
DNL4,4932.YOR005C,4932,DNL4,DNL4,direct_string,1,DNL4
DOC1,4932.YGL240W,4932,DOC1,DOC1,direct_string,1,DOC1
DOP1,4932.YDR141C,4932,DOP1,DOP1,direct_string,1,DOP1
DPB11,4932.YJL090C,4932,DPB11,DPB11,direct_string,1,DPB11
DPB2,4932.YPR175W,4932,DPB2,DPB2,direct_string,1,DPB2
DPB3,4932.YBR278W,4932,DPB3,DPB3,direct_string,1,DPB3
DPB4,4932.YDR121W,4932,DPB4,DPB4,direct_string,1,DPB4
DSL1,4932.YNL258C,4932,DSL1,DSL1,direct_string,1,DSL1
DSN1,4932.YIR010W,4932,DSN1,DSN1,direct_string,1,DSN1
DSS1,4932.YMR287C,4932,DSS1,DSS1,direct_string,1,DSS1
DUG1,4932.YFR044C,4932,DUG1,DUG1,direct_string,1,DUG1
DUG2,4932.YBR281C,4932,DUG2,DUG2,direct_string,1,DUG2
DUG3,4932.YNL191W,4932,DUG3,DUG3,direct_string,1,DUG3
DUO1,4932.YGL061C,4932,DUO1,DUO1,direct_string,1,DUO1
DYN1,4932.YKR054C,4932,DYN1,DYN1,direct_string,1,DYN1
DYN2,4932.YDR424C,4932,DYN2,DYN2,direct_string,1,DYN2
DYN3,4932.YMR299C,4932,DYN3,DYN3,direct_string,1,DYN3
EAF1,4932.YDR359C,4932,EAF1,EAF1,direct_string,1,EAF1
EAF3,4932.YPR023C,4932,EAF3,EAF3,direct_string,1,EAF3
EAF5,4932.YEL018W,4932,EAF5,EAF5,direct_string,1,EAF5
EAF6,4932.YJR082C,4932,EAF6,EAF6,direct_string,1,EAF6
EAF7,4932.YNL136W,4932,EAF7,EAF7,direct_string,1,EAF7
ECM29,4932.YHL030W,4932,ECM29,ECM29,direct_string,1,ECM29
EFB1,4932.YAL003W,4932,EFB1,EFB1,direct_string,1,EFB1
EGD1,4932.YPL037C,4932,EGD1,EGD1,direct_string,1,EGD1
EGD2,4932.YHR193C,4932,EGD2,EGD2,direct_string,1,EGD2
ELA1,4932.YNL230C,4932,ELA1,ELA1,direct_string,1,ELA1
ELC1,4932.YPL046C,4932,ELC1,ELC1,direct_string,1,ELC1
ELG1,4932.YOR144C,4932,ELG1,ELG1,direct_string,1,ELG1
ELP2,4932.YGR200C,4932,ELP2,ELP2,direct_string,1,ELP2
ELP3,4932.YPL086C,4932,ELP3,ELP3,direct_string,1,ELP3
ELP4,4932.YPL101W,4932,ELP4,ELP4,direct_string,1,ELP4
ELP6,4932.YMR312W,4932,ELP6,ELP6,direct_string,1,ELP6
EMP24,4932.YGL200C,4932,EMP24,EMP24,direct_string,1,EMP24
END3,4932.YNL084C,4932,END3,END3,direct_string,1,END3
EPL1,4932.YFL024C,4932,EPL1,EPL1,direct_string,1,EPL1
ERF2,4932.YLR246W,4932,ERF2,ERF2,direct_string,1,ERF2
ERI1,4932.YPL096C-A,4932,ERI1,ERI1,direct_string,1,ERI1
ERP1,4932.YAR002C-A,4932,ERP1,ERP1,direct_string,1,ERP1
ERP2,4932.YAL007C,4932,ERP2,ERP2,direct_string,1,ERP2
ERV25,4932.YML012W,4932,ERV25,ERV25,direct_string,1,ERV25
ERV41,4932.YML067C,4932,ERV41,ERV41,direct_string,1,ERV41
ERV46,4932.YAL042W,4932,ERV46,ERV46,direct_string,1,ERV46
ESA1,4932.YOR244W,4932,ESA1,ESA1,direct_string,1,ESA1
ESP1,4932.YGR098C,4932,ESP1,ESP1,direct_string,1,ESP1
EST1,4932.YLR233C,4932,EST1,EST1,direct_string,1,EST1
EST2,4932.YLR318W,4932,EST2,EST2,direct_string,1,EST2
EST3,4932.YIL009C-A,4932,EST3,EST3,direct_string,1,EST3
EXO70,4932.YJL085W,4932,EXO70,EXO70,direct_string,1,EXO70
EXO84,4932.YBR102C,4932,EXO84,EXO84,direct_string,1,EXO84
FAA1,4932.YOR317W,4932,FAA1,FAA1,direct_string,1,FAA1
FAA4,4932.YMR246W,4932,FAA4,FAA4,direct_string,1,FAA4
FAR1,4932.YJL157C,4932,FAR1,FAR1,direct_string,1,FAR1
FAR10,4932.YLR238W,4932,FAR10,FAR10,direct_string,1,FAR10
FAR11,4932.YNL127W,4932,FAR11,FAR11,direct_string,1,FAR11
FAR3,4932.YMR052W,4932,FAR3,FAR3,direct_string,1,FAR3
FAR7,4932.YFR008W,4932,FAR7,FAR7,direct_string,1,FAR7
FAR8,4932.YMR029C,4932,FAR8,FAR8,direct_string,1,FAR8
FAS1,4932.YKL182W,4932,FAS1,FAS1,direct_string,1,FAS1
FAS2,4932.YPL231W,4932,FAS2,FAS2,direct_string,1,FAS2
FAT1,4932.YBR041W,4932,FAT1,FAT1,direct_string,1,FAT1
FET3,4932.YMR058W,4932,FET3,FET3,direct_string,1,FET3
FET5,4932.YFL041W,4932,FET5,FET5,direct_string,1,FET5
FIG4,4932.YNL325C,4932,FIG4,FIG4,direct_string,1,FIG4
FIP1,4932.YJR093C,4932,FIP1,FIP1,direct_string,1,FIP1
FKS1,4932.YLR342W,4932,FKS1,FKS1,direct_string,1,FKS1
FRS1,4932.YLR060W,4932,FRS1,FRS1,direct_string,1,FRS1
FRS2,4932.YFL022C,4932,FRS2,FRS2,direct_string,1,FRS2
FTH1,4932.YBR207W,4932,FTH1,FTH1,direct_string,1,FTH1
FTR1,4932.YER145C,4932,FTR1,FTR1,direct_string,1,FTR1
FUS3,4932.YBL016W,4932,FUS3,FUS3,direct_string,1,FUS3
FYV10,4932.YIL097W,4932,FYV10,FYV10,direct_string,1,FYV10
FZO1,4932.YBR179C,4932,FZO1,FZO1,direct_string,1,FZO1
GAA1,4932.YLR088W,4932,GAA1,GAA1,direct_string,1,GAA1
GAB1,4932.YLR459W,4932,GAB1,GAB1,direct_string,1,GAB1
GAC1,4932.YOR178C,4932,GAC1,GAC1,direct_string,1,GAC1
GAL11,4932.YOL051W,4932,GAL11,GAL11,direct_string,1,GAL11
GAL3,4932.YDR009W,4932,GAL3,GAL3,direct_string,1,GAL3
GAL4,4932.YPL248C,4932,GAL4,GAL4,direct_string,1,GAL4
GAL80,4932.YML051W,4932,GAL80,GAL80,direct_string,1,GAL80
GAL83,4932.YER027C,4932,GAL83,GAL83,direct_string,1,GAL83
GCD1,4932.YOR260W,4932,GCD1,GCD1,direct_string,1,GCD1
GCD10,4932.YNL062C,4932,GCD10,GCD10,direct_string,1,GCD10
GCD11,4932.YER025W,4932,GCD11,GCD11,direct_string,1,GCD11
GCD14,4932.YJL125C,4932,GCD14,GCD14,direct_string,1,GCD14
GCD2,4932.YGR083C,4932,GCD2,GCD2,direct_string,1,GCD2
GCD6,4932.YDR211W,4932,GCD6,GCD6,direct_string,1,GCD6
GCD7,4932.YLR291C,4932,GCD7,GCD7,direct_string,1,GCD7
GCN1,4932.YGL195W,4932,GCN1,GCN1,direct_string,1,GCN1
GCN20,4932.YFR009W,4932,GCN20,GCN20,direct_string,1,GCN20
GCN3,4932.YKR026C,4932,GCN3,GCN3,direct_string,1,GCN3
GCN5,4932.YGR252W,4932,GCN5,GCN5,direct_string,1,GCN5
GCR1,4932.YPL075W,4932,GCR1,GCR1,direct_string,1,GCR1
GCR2,4932.YNL199C,4932,GCR2,GCR2,direct_string,1,GCR2
GCV1,4932.YDR019C,4932,GCV1,GCV1,direct_string,1,GCV1
GCV2,4932.YMR189W,4932,GCV2,GCV2,direct_string,1,GCV2
GCV3,4932.YAL044C,4932,GCV3,GCV3,direct_string,1,GCV3
GET1,4932.YGL020C,4932,GET1,GET1,direct_string,1,GET1
GET2,4932.YER083C,4932,GET2,GET2,direct_string,1,GET2
GET3,4932.YDL100C,4932,GET3,GET3,direct_string,1,GET3
GID7,4932.YCL039W,4932,GID7,GID7,direct_string,1,GID7
GID8,4932.YMR135C,4932,GID8,GID8,direct_string,1,GID8
GIM3,4932.YNL153C,4932,GIM3,GIM3,direct_string,1,GIM3
GIM4,4932.YEL003W,4932,GIM4,GIM4,direct_string,1,GIM4
GIM5,4932.YML094W,4932,GIM5,GIM5,direct_string,1,GIM5
GIP1,4932.YBR045C,4932,GIP1,GIP1,direct_string,1,GIP1
GLC7,4932.YER133W,4932,GLC7,GLC7,direct_string,1,GLC7
GLE1,4932.YDL207W,4932,GLE1,GLE1,direct_string,1,GLE1
GLO3,4932.YER122C,4932,GLO3,GLO3,direct_string,1,GLO3
GON7,4932.YJL184W,4932,GON7,GON7,direct_string,1,GON7
GPA1,4932.YHR005C,4932,GPA1,GPA1,direct_string,1,GPA1
GPI1,4932.YGR216C,4932,GPI1,GPI1,direct_string,1,GPI1
GPI15,4932.YNL038W,4932,GPI15,GPI15,direct_string,1,GPI15
GPI16,4932.YHR188C,4932,GPI16,GPI16,direct_string,1,GPI16
GPI17,4932.YDR434W,4932,GPI17,GPI17,direct_string,1,GPI17
GPI19,4932.YDR437W,4932,GPI19,GPI19,direct_string,1,GPI19
GPI2,4932.YPL076W,4932,GPI2,GPI2,direct_string,1,GPI2
GPI8,4932.YDR331W,4932,GPI8,GPI8,direct_string,1,GPI8
GRH1,4932.YDR517W,4932,GRH1,GRH1,direct_string,1,GRH1
GRR1,4932.YJR090C,4932,GRR1,GRR1,direct_string,1,GRR1
GSC2,4932.YGR032W,4932,GSC2,GSC2,direct_string,1,GSC2
GTB1,4932.YDR221W,4932,GTB1,GTB1,direct_string,1,GTB1
GTR1,4932.YML121W,4932,GTR1,GTR1,direct_string,1,GTR1
GTR2,4932.YGR163W,4932,GTR2,GTR2,direct_string,1,GTR2
GUS1,4932.YGL245W,4932,GUS1,GUS1,direct_string,1,GUS1
GYL1,4932.YMR192W,4932,GYL1,GYL1,direct_string,1,GYL1
GYP5,4932.YPL249C,4932,GYP5,GYP5,direct_string,1,GYP5
HAP2,4932.YGL237C,4932,HAP2,HAP2,direct_string,1,HAP2
HAP3,4932.YBL021C,4932,HAP3,HAP3,direct_string,1,HAP3
HAP4,4932.YKL109W,4932,HAP4,HAP4,direct_string,1,HAP4
HAP5,4932.YOR358W,4932,HAP5,HAP5,direct_string,1,HAP5
HAT1,4932.YPL001W,4932,HAT1,HAT1,direct_string,1,HAT1
HAT2,4932.YEL056W,4932,HAT2,HAT2,direct_string,1,HAT2
HCR1,4932.YLR192C,4932,HCR1,HCR1,direct_string,1,HCR1
HDA1,4932.YNL021W,4932,HDA1,HDA1,direct_string,1,HDA1
HDA2,4932.YDR295C,4932,HDA2,HDA2,direct_string,1,HDA2
HDA3,4932.YPR179C,4932,HDA3,HDA3,direct_string,1,HDA3
HFI1,4932.YPL254W,4932,HFI1,HFI1,direct_string,1,HFI1
HHF1,4932.YBR009C,4932,HHF1,HHF1,direct_string,1,HHF1
HHF2,4932.YNL030W,4932,HHF2,HHF2,direct_string,1,HHF2
HHT1,4932.YBR010W,4932,HHT1,HHT1,direct_string,1,HHT1
HHT2,4932.YNL031C,4932,HHT2,HHT2,direct_string,1,HHT2
HIF1,4932.YLL022C,4932,HIF1,HIF1,direct_string,1,HIF1
HIR1,4932.YBL008W,4932,HIR1,HIR1,direct_string,1,HIR1
HIR2,4932.YOR038C,4932,HIR2,HIR2,direct_string,1,HIR2
HIR3,4932.YJR140C,4932,HIR3,HIR3,direct_string,1,HIR3
HOC1,4932.YJR075W,4932,HOC1,HOC1,direct_string,1,HOC1
HOP1,4932.YIL072W,4932,HOP1,HOP1,direct_string,1,HOP1
HOP2,4932.YGL033W,4932,HOP2,HOP2,direct_string,1,HOP2
HOS2,4932.YGL194C,4932,HOS2,HOS2,direct_string,1,HOS2
HOS4,4932.YIL112W,4932,HOS4,HOS4,direct_string,1,HOS4
HPC2,4932.YBR215W,4932,HPC2,HPC2,direct_string,1,HPC2
HPR1,4932.YDR138W,4932,HPR1,HPR1,direct_string,1,HPR1
HRD1,4932.YOL013C,4932,HRD1,HRD1,direct_string,1,HRD1
HRD3,4932.YLR207W,4932,HRD3,HRD3,direct_string,1,HRD3
HRP1,4932.YOL123W,4932,HRP1,HRP1,direct_string,1,HRP1
HRR25,4932.YPL204W,4932,HRR25,HRR25,direct_string,1,HRR25
HRT1,4932.YOL133W,4932,HRT1,HRT1,direct_string,1,HRT1
HSC82,4932.YMR186W,4932,HSC82,HSC82,direct_string,1,HSC82
HSE1,4932.YHL002W,4932,HSE1,HSE1,direct_string,1,HSE1
HSH155,4932.YMR288W,4932,HSH155,HSH155,direct_string,1,HSH155
HSH49,4932.YOR319W,4932,HSH49,HSH49,direct_string,1,HSH49
HSK3,4932.YKL138C-A,4932,HSK3,HSK3,direct_string,1,HSK3
HST1,4932.YOL068C,4932,HST1,HST1,direct_string,1,HST1
HTA1,4932.YDR225W,4932,HTA1,HTA1,direct_string,1,HTA1
HTA2,4932.YBL003C,4932,HTA2,HTA2,direct_string,1,HTA2
HTB1,4932.YDR224C,4932,HTB1,HTB1,direct_string,1,HTB1
HTB2,4932.YBL002W,4932,HTB2,HTB2,direct_string,1,HTB2
HTL1,4932.YCR020W-B,4932,HTL1,HTL1,direct_string,1,HTL1
HTZ1,4932.YOL012C,4932,HTZ1,HTZ1,direct_string,1,HTZ1
HYM1,4932.YKL189W,4932,HYM1,HYM1,direct_string,1,HYM1
IDH1,4932.YNL037C,4932,IDH1,IDH1,direct_string,1,IDH1
IDH2,4932.YOR136W,4932,IDH2,IDH2,direct_string,1,IDH2
IES1,4932.YFL013C,4932,IES1,IES1,direct_string,1,IES1
IES3,4932.YLR052W,4932,IES3,IES3,direct_string,1,IES3
IES4,4932.YOR189W,4932,IES4,IES4,direct_string,1,IES4
IFH1,4932.YLR223C,4932,IFH1,IFH1,direct_string,1,IFH1
IKI1,4932.YHR187W,4932,IKI1,IKI1,direct_string,1,IKI1
IKI3,4932.YLR384C,4932,IKI3,IKI3,direct_string,1,IKI3
ILV2,4932.YMR108W,4932,ILV2,ILV2,direct_string,1,ILV2
ILV6,4932.YCL009C,4932,ILV6,ILV6,direct_string,1,ILV6
IME1,4932.YJR094C,4932,IME1,IME1,direct_string,1,IME1
IMG1,4932.YCR046C,4932,IMG1,IMG1,direct_string,1,IMG1
IMG2,4932.YCR071C,4932,IMG2,IMG2,direct_string,1,IMG2
IMP1,4932.YMR150C,4932,IMP1,IMP1,direct_string,1,IMP1
IMP2,4932.YIL154C,4932,IMP2,IMP2,direct_string,1,IMP2
INH1,4932.YDL181W,4932,INH1,INH1,direct_string,1,INH1
INO2,4932.YDR123C,4932,INO2,INO2,direct_string,1,INO2
INO4,4932.YOL108C,4932,INO4,INO4,direct_string,1,INO4
INO80,4932.YGL150C,4932,INO80,INO80,direct_string,1,INO80
IOC2,4932.YLR095C,4932,IOC2,IOC2,direct_string,1,IOC2
IOC3,4932.YFR013W,4932,IOC3,IOC3,direct_string,1,IOC3
IOC4,4932.YMR044W,4932,IOC4,IOC4,direct_string,1,IOC4
IPI1,4932.YHR085W,4932,IPI1,IPI1,direct_string,1,IPI1
IPI3,4932.YNL182C,4932,IPI3,IPI3,direct_string,1,IPI3
IPL1,4932.YPL209C,4932,IPL1,IPL1,direct_string,1,IPL1
PPA1,4932.YBR011C,4932,IPP1,PPA1,direct_string,1,IPP1
IRR1,4932.YIL026C,4932,IRR1,IRR1,direct_string,1,IRR1
ISD11,4932.YER048W-A,4932,ISD11,ISD11,direct_string,1,ISD11
IST3,4932.YIR005W,4932,IST3,IST3,direct_string,1,IST3
ISW1,4932.YBR245C,4932,ISW1,ISW1,direct_string,1,ISW1
ISW2,4932.YOR304W,4932,ISW2,ISW2,direct_string,1,ISW2
ISY1,4932.YJR050W,4932,ISY1,ISY1,direct_string,1,ISY1
ITC1,4932.YGL133W,4932,ITC1,ITC1,direct_string,1,ITC1
JNM1,4932.YMR294W,4932,JNM1,JNM1,direct_string,1,JNM1
KAE1,4932.YKR038C,4932,KAE1,KAE1,direct_string,1,KAE1
KAR2,4932.YJL034W,4932,KAR2,KAR2,direct_string,1,KAR2
KEL1,4932.YHR158C,4932,KEL1,KEL1,direct_string,1,KEL1
KEL2,4932.YGR238C,4932,KEL2,KEL2,direct_string,1,KEL2
KGD1,4932.YIL125W,4932,KGD1,KGD1,direct_string,1,KGD1
KGD2,4932.YDR148C,4932,KGD2,KGD2,direct_string,1,KGD2
KIC1,4932.YHR102W,4932,KIC1,KIC1,direct_string,1,KIC1
KIN28,4932.YDL108W,4932,KIN28,KIN28,direct_string,1,KIN28
KOG1,4932.YHR186C,4932,KOG1,KOG1,direct_string,1,KOG1
KRE29,4932.YER038C,4932,KRE29,KRE29,direct_string,1,KRE29
LAT1,4932.YNL071W,4932,LAT1,LAT1,direct_string,1,LAT1
LCB1,4932.YMR296C,4932,LCB1,LCB1,direct_string,1,LCB1
LCB2,4932.YDR062W,4932,LCB2,LCB2,direct_string,1,LCB2
LDB7,4932.YBL006C,4932,LDB7,LDB7,direct_string,1,LDB7
LEA1,4932.YPL213W,4932,LEA1,LEA1,direct_string,1,LEA1
LEO1,4932.YOR123C,4932,LEO1,LEO1,direct_string,1,LEO1
LGE1,4932.YPL055C,4932,LGE1,LGE1,direct_string,1,LGE1
LIF1,4932.YGL090W,4932,LIF1,LIF1,direct_string,1,LIF1
LIN1,4932.YHR156C,4932,LIN1,LIN1,direct_string,1,LIN1
LPD1,4932.YFL018C,4932,LPD1,LPD1,direct_string,1,LPD1
LRP1,4932.YHR081W,4932,LRP1,LRP1,direct_string,1,LRP1
LRS4,4932.YDR439W,4932,LRS4,LRS4,direct_string,1,LRS4
LSC1,4932.YOR142W,4932,LSC1,LSC1,direct_string,1,LSC1
LSC2,4932.YGR244C,4932,LSC2,LSC2,direct_string,1,LSC2
LSM2,4932.YBL026W,4932,LSM2,LSM2,direct_string,1,LSM2
LSM3,4932.YLR438C-A,4932,LSM3,LSM3,direct_string,1,LSM3
LSM4,4932.YER112W,4932,LSM4,LSM4,direct_string,1,LSM4
LSM5,4932.YER146W,4932,LSM5,LSM5,direct_string,1,LSM5
LSM6,4932.YDR378C,4932,LSM6,LSM6,direct_string,1,LSM6
LSM7,4932.YNL147W,4932,LSM7,LSM7,direct_string,1,LSM7
LSM8,4932.YJR022W,4932,LSM8,LSM8,direct_string,1,LSM8
LSP1,4932.YPL004C,4932,LSP1,LSP1,direct_string,1,LSP1
LST8,4932.YNL006W,4932,LST8,LST8,direct_string,1,LST8
LTE1,4932.YAL024C,4932,LTE1,LTE1,direct_string,1,LTE1
LTV1,4932.YKL143W,4932,LTV1,LTV1,direct_string,1,LTV1
LUC7,4932.YDL087C,4932,LUC7,LUC7,direct_string,1,LUC7
MAD1,4932.YGL086W,4932,MAD1,MAD1,direct_string,1,MAD1
MAD2,4932.YJL030W,4932,MAD2,MAD2,direct_string,1,MAD2
MAD3,4932.YJL013C,4932,MAD3,MAD3,direct_string,1,MAD3
MAK10,4932.YEL053C,4932,MAK10,MAK10,direct_string,1,MAK10
MAK21,4932.YDR060W,4932,MAK21,MAK21,direct_string,1,MAK21
MAK3,4932.YPR051W,4932,MAK3,MAK3,direct_string,1,MAK3
MAK31,4932.YCR020C-A,4932,MAK31,MAK31,direct_string,1,MAK31
MAM1,4932.YER106W,4932,MAM1,MAM1,direct_string,1,MAM1
MAS1,4932.YLR163C,4932,MAS1,MAS1,direct_string,1,MAS1
MAS2,4932.YHR024C,4932,MAS2,MAS2,direct_string,1,MAS2
MBP1,4932.YDL056W,4932,MBP1,MBP1,direct_string,1,MBP1
MCD1,4932.YDL003W,4932,MCD1,MCD1,direct_string,1,MCD1
MCM1,4932.YMR043W,4932,MCM1,MCM1,direct_string,1,MCM1
MCM16,4932.YPR046W,4932,MCM16,MCM16,direct_string,1,MCM16
MCM2,4932.YBL023C,4932,MCM2,MCM2,direct_string,1,MCM2
MCM21,4932.YDR318W,4932,MCM21,MCM21,direct_string,1,MCM21
MCM22,4932.YJR135C,4932,MCM22,MCM22,direct_string,1,MCM22
MCM3,4932.YEL032W,4932,MCM3,MCM3,direct_string,1,MCM3
MCM4,4932.YPR019W,4932,MCM4,MCM4,direct_string,1,MCM4
MCM5,4932.YLR274W,4932,MCM5,MCM5,direct_string,1,MCM5
MCM6,4932.YGL201C,4932,MCM6,MCM6,direct_string,1,MCM6
MCM7,4932.YBR202W,4932,MCM7,MCM7,direct_string,1,MCM7
MDM10,4932.YAL010C,4932,MDM10,MDM10,direct_string,1,MDM10
MDM12,4932.YOL009C,4932,MDM12,MDM12,direct_string,1,MDM12
MDM20,4932.YOL076W,4932,MDM20,MDM20,direct_string,1,MDM20
MEC3,4932.YLR288C,4932,MEC3,MEC3,direct_string,1,MEC3
MED1,4932.YPR070W,4932,MED1,MED1,direct_string,1,MED1
MED11,4932.YMR112C,4932,MED11,MED11,direct_string,1,MED11
MED2,4932.YDL005C,4932,MED2,MED2,direct_string,1,MED2
MED4,4932.YOR174W,4932,MED4,MED4,direct_string,1,MED4
MED6,4932.YHR058C,4932,MED6,MED6,direct_string,1,MED6
MED7,4932.YOL135C,4932,MED7,MED7,direct_string,1,MED7
MED8,4932.YBR193C,4932,MED8,MED8,direct_string,1,MED8
MEH1,4932.YKR007W,4932,MEH1,MEH1,direct_string,1,MEH1
MEI5,4932.YPL121C,4932,MEI5,MEI5,direct_string,1,MEI5
MES1,4932.YGR264C,4932,MES1,MES1,direct_string,1,MES1
MET10,4932.YFR030W,4932,MET10,MET10,direct_string,1,MET10
MET28,4932.YIR017C,4932,MET28,MET28,direct_string,1,MET28
MET31,4932.YPL038W,4932,MET31,MET31,direct_string,1,MET31
MET32,4932.YDR253C,4932,MET32,MET32,direct_string,1,MET32
MET4,4932.YNL103W,4932,MET4,MET4,direct_string,1,MET4
MEX67,4932.YPL169C,4932,MEX67,MEX67,direct_string,1,MEX67
MFT1,4932.YML062C,4932,MFT1,MFT1,direct_string,1,MFT1
MGE1,4932.YOR232W,4932,MGE1,MGE1,direct_string,1,MGE1
MGM1,4932.YOR211C,4932,MGM1,MGM1,direct_string,1,MGM1
MGR1,4932.YCL044C,4932,MGR1,MGR1,direct_string,1,MGR1
MKS1,4932.YNL076W,4932,MKS1,MKS1,direct_string,1,MKS1
MKT1,4932.YNL085W,4932,MKT1,MKT1,direct_string,1,MKT1
MLH1,4932.YMR167W,4932,MLH1,MLH1,direct_string,1,MLH1
MLH2,4932.YLR035C,4932,MLH2,MLH2,direct_string,1,MLH2
MLH3,4932.YPL164C,4932,MLH3,MLH3,direct_string,1,MLH3
MMM1,4932.YLL006W,4932,MMM1,MMM1,direct_string,1,MMM1
MMS2,4932.YGL087C,4932,MMS2,MMS2,direct_string,1,MMS2
MMS21,4932.YEL019C,4932,MMS21,MMS21,direct_string,1,MMS21
MMS4,4932.YBR098W,4932,MMS4,MMS4,direct_string,1,MMS4
MND1,4932.YGL183C,4932,MND1,MND1,direct_string,1,MND1
MND2,4932.YIR025W,4932,MND2,MND2,direct_string,1,MND2
MNN10,4932.YDR245W,4932,MNN10,MNN10,direct_string,1,MNN10
MNN11,4932.YJL183W,4932,MNN11,MNN11,direct_string,1,MNN11
MNN9,4932.YPL050C,4932,MNN9,MNN9,direct_string,1,MNN9
MNP1,4932.YGL068W,4932,MNP1,MNP1,direct_string,1,MNP1
MOB1,4932.YIL106W,4932,MOB1,MOB1,direct_string,1,MOB1
MOB2,4932.YFL034C-B,4932,MOB2,MOB2,direct_string,1,MOB2
MON1,4932.YGL124C,4932,MON1,MON1,direct_string,1,MON1
MON2,4932.YNL297C,4932,MON2,MON2,direct_string,1,MON2
MOT1,4932.YPL082C,4932,MOT1,MOT1,direct_string,1,MOT1
MOT2,4932.YER068W,4932,MOT2,MOT2,direct_string,1,MOT2
MPE1,4932.YKL059C,4932,MPE1,MPE1,direct_string,1,MPE1
MPS2,4932.YGL075C,4932,MPS2,MPS2,direct_string,1,MPS2
MRC1,4932.YCL061C,4932,MRC1,MRC1,direct_string,1,MRC1
MRE11,4932.YMR224C,4932,MRE11,MRE11,direct_string,1,MRE11
MRP1,4932.YDR347W,4932,MRP1,MRP1,direct_string,1,MRP1
MRP10,4932.YDL045W-A,4932,MRP10,MRP10,direct_string,1,MRP10
MRP13,4932.YGR084C,4932,MRP13,MRP13,direct_string,1,MRP13
MRP17,4932.YKL003C,4932,MRP17,MRP17,direct_string,1,MRP17
MRP2,4932.YPR166C,4932,MRP2,MRP2,direct_string,1,MRP2
MRP20,4932.YDR405W,4932,MRP20,MRP20,direct_string,1,MRP20
MRP21,4932.YBL090W,4932,MRP21,MRP21,direct_string,1,MRP21
MRP4,4932.YHL004W,4932,MRP4,MRP4,direct_string,1,MRP4
MRP49,4932.YKL167C,4932,MRP49,MRP49,direct_string,1,MRP49
MRP51,4932.YPL118W,4932,MRP51,MRP51,direct_string,1,MRP51
MRP7,4932.YNL005C,4932,MRP7,MRP7,direct_string,1,MRP7
MRPL1,4932.YDR116C,4932,MRPL1,MRPL1,direct_string,1,MRPL1
MRPL10,4932.YNL284C,4932,MRPL10,MRPL10,direct_string,1,MRPL10
MRPL11,4932.YDL202W,4932,MRPL11,MRPL11,direct_string,1,MRPL11
MRPL13,4932.YKR006C,4932,MRPL13,MRPL13,direct_string,1,MRPL13
MRPL15,4932.YLR312W-A,4932,MRPL15,MRPL15,direct_string,1,MRPL15
MRPL16,4932.YBL038W,4932,MRPL16,MRPL16,direct_string,1,MRPL16
MRPL17,4932.YNL252C,4932,MRPL17,MRPL17,direct_string,1,MRPL17
MRPL19,4932.YNL185C,4932,MRPL19,MRPL19,direct_string,1,MRPL19
MRPL20,4932.YKR085C,4932,MRPL20,MRPL20,direct_string,1,MRPL20
MRPL22,4932.YNL177C,4932,MRPL22,MRPL22,direct_string,1,MRPL22
MRPL23,4932.YOR150W,4932,MRPL23,MRPL23,direct_string,1,MRPL23
MRPL24,4932.YMR193W,4932,MRPL24,MRPL24,direct_string,1,MRPL24
MRPL25,4932.YGR076C,4932,MRPL25,MRPL25,direct_string,1,MRPL25
MRPL27,4932.YBR282W,4932,MRPL27,MRPL27,direct_string,1,MRPL27
MRPL28,4932.YDR462W,4932,MRPL28,MRPL28,direct_string,1,MRPL28
MRPL3,4932.YMR024W,4932,MRPL3,MRPL3,direct_string,1,MRPL3
MRPL31,4932.YKL138C,4932,MRPL31,MRPL31,direct_string,1,MRPL31
MRPL32,4932.YCR003W,4932,MRPL32,MRPL32,direct_string,1,MRPL32
MRPL33,4932.YMR286W,4932,MRPL33,MRPL33,direct_string,1,MRPL33
MRPL35,4932.YDR322W,4932,MRPL35,MRPL35,direct_string,1,MRPL35
MRPL36,4932.YBR122C,4932,MRPL36,MRPL36,direct_string,1,MRPL36
MRPL37,4932.YBR268W,4932,MRPL37,MRPL37,direct_string,1,MRPL37
MRPL38,4932.YKL170W,4932,MRPL38,MRPL38,direct_string,1,MRPL38
MRPL39,4932.YML009C,4932,MRPL39,MRPL39,direct_string,1,MRPL39
MRPL4,4932.YLR439W,4932,MRPL4,MRPL4,direct_string,1,MRPL4
MRPL40,4932.YPL173W,4932,MRPL40,MRPL40,direct_string,1,MRPL40
MRPL44,4932.YMR225C,4932,MRPL44,MRPL44,direct_string,1,MRPL44
MRPL49,4932.YJL096W,4932,MRPL49,MRPL49,direct_string,1,MRPL49
MRPL50,4932.YNR022C,4932,MRPL50,MRPL50,direct_string,1,MRPL50
MRPL51,4932.YPR100W,4932,MRPL51,MRPL51,direct_string,1,MRPL51
MRPL6,4932.YHR147C,4932,MRPL6,MRPL6,direct_string,1,MRPL6
MRPL7,4932.YDR237W,4932,MRPL7,MRPL7,direct_string,1,MRPL7
MRPL8,4932.YJL063C,4932,MRPL8,MRPL8,direct_string,1,MRPL8
MRPL9,4932.YGR220C,4932,MRPL9,MRPL9,direct_string,1,MRPL9
MRPS16,4932.YPL013C,4932,MRPS16,MRPS16,direct_string,1,MRPS16
MRPS17,4932.YMR188C,4932,MRPS17,MRPS17,direct_string,1,MRPS17
MRPS18,4932.YNL306W,4932,MRPS18,MRPS18,direct_string,1,MRPS18
MRPS28,4932.YDR337W,4932,MRPS28,MRPS28,direct_string,1,MRPS28
MRPS35,4932.YGR165W,4932,MRPS35,MRPS35,direct_string,1,MRPS35
MRPS5,4932.YBR251W,4932,MRPS5,MRPS5,direct_string,1,MRPS5
MRPS8,4932.YMR158W,4932,MRPS8,MRPS8,direct_string,1,MRPS8
MRPS9,4932.YBR146W,4932,MRPS9,MRPS9,direct_string,1,MRPS9
MRS1,4932.YIR021W,4932,MRS1,MRS1,direct_string,1,MRS1
YDR115W,4932.YDR115W,4932,MRX14,YDR115W,direct_string,1,MRX14
MSH2,4932.YOL090W,4932,MSH2,MSH2,direct_string,1,MSH2
MSH3,4932.YCR092C,4932,MSH3,MSH3,direct_string,1,MSH3
MSH6,4932.YDR097C,4932,MSH6,MSH6,direct_string,1,MSH6
MSI1,4932.YBR195C,4932,MSI1,MSI1,direct_string,1,MSI1
MSL1,4932.YIR009W,4932,MSL1,MSL1,direct_string,1,MSL1
MSL5,4932.YLR116W,4932,MSL5,MSL5,direct_string,1,MSL5
MSS1,4932.YMR023C,4932,MSS1,MSS1,direct_string,1,MSS1
MSS51,4932.YLR203C,4932,MSS51,MSS51,direct_string,1,MSS51
MST27,4932.YGL051W,4932,MST27,MST27,direct_string,1,MST27
MST28,4932.YAR033W,4932,MST28,MST28,direct_string,1,MST28
MTO1,4932.YGL236C,4932,MTO1,MTO1,direct_string,1,MTO1
MTR2,4932.YKL186C,4932,MTR2,MTR2,direct_string,1,MTR2
MTR3,4932.YGR158C,4932,MTR3,MTR3,direct_string,1,MTR3
MTR4,4932.YJL050W,4932,MTR4,MTR4,direct_string,1,MTR4
MTW1,4932.YAL034W-A,4932,MTW1,MTW1,direct_string,1,MTW1
MUD1,4932.YBR119W,4932,MUD1,MUD1,direct_string,1,MUD1
MUD2,4932.YKL074C,4932,MUD2,MUD2,direct_string,1,MUD2
MUS81,4932.YDR386W,4932,MUS81,MUS81,direct_string,1,MUS81
MVB12,4932.YGR206W,4932,MVB12,MVB12,direct_string,1,MVB12
NAF1,4932.YNL124W,4932,NAF1,NAF1,direct_string,1,NAF1
NAM2,4932.YLR382C,4932,NAM2,NAM2,direct_string,1,NAM2
NAM7,4932.YMR080C,4932,NAM7,NAM7,direct_string,1,NAM7
NAM8,4932.YHR086W,4932,NAM8,NAM8,direct_string,1,NAM8
NAM9,4932.YNL137C,4932,NAM9,NAM9,direct_string,1,NAM9
NAN1,4932.YPL126W,4932,NAN1,NAN1,direct_string,1,NAN1
NAS6,4932.YGR232W,4932,NAS6,NAS6,direct_string,1,NAS6
NAT1,4932.YDL040C,4932,NAT1,NAT1,direct_string,1,NAT1
NAT3,4932.YPR131C,4932,NAT3,NAT3,direct_string,1,NAT3
NAT5,4932.YOR253W,4932,NAT5,NAT5,direct_string,1,NAT5
NBP1,4932.YLR457C,4932,NBP1,NBP1,direct_string,1,NBP1
NCB2,4932.YDR397C,4932,NCB2,NCB2,direct_string,1,NCB2
TID3,4932.YIL144W,4932,NDC80,TID3,direct_string,1,NDC80
NEM1,4932.YHR004C,4932,NEM1,NEM1,direct_string,1,NEM1
NET1,4932.YJL076W,4932,NET1,NET1,direct_string,1,NET1
NFS1,4932.YCL017C,4932,NFS1,NFS1,direct_string,1,NFS1
NGG1,4932.YDR176W,4932,NGG1,NGG1,direct_string,1,NGG1
NHP10,4932.YDL002C,4932,NHP10,NHP10,direct_string,1,NHP10
NIC96,4932.YFR002W,4932,NIC96,NIC96,direct_string,1,NIC96
NIP1,4932.YMR309C,4932,NIP1,NIP1,direct_string,1,NIP1
NIP100,4932.YPL174C,4932,NIP100,NIP100,direct_string,1,NIP100
NMD2,4932.YHR077C,4932,NMD2,NMD2,direct_string,1,NMD2
NNF1,4932.YJR112W,4932,NNF1,NNF1,direct_string,1,NNF1
NOC2,4932.YOR206W,4932,NOC2,NOC2,direct_string,1,NOC2
NOC3,4932.YLR002C,4932,NOC3,NOC3,direct_string,1,NOC3
NOC4,4932.YPR144C,4932,NOC4,NOC4,direct_string,1,NOC4
NOP1,4932.YDL014W,4932,NOP1,NOP1,direct_string,1,NOP1
NOP14,4932.YDL148C,4932,NOP14,NOP14,direct_string,1,NOP14
SIK1,4932.YLR197W,4932,NOP56,SIK1,direct_string,1,NOP56
NOP58,4932.YOR310C,4932,NOP58,NOP58,direct_string,1,NOP58
NOP8,4932.YOL144W,4932,NOP8,NOP8,direct_string,1,NOP8
NOT3,4932.YIL038C,4932,NOT3,NOT3,direct_string,1,NOT3
NOT5,4932.YPR072W,4932,NOT5,NOT5,direct_string,1,NOT5
NPL4,4932.YBR170C,4932,NPL4,NPL4,direct_string,1,NPL4
NPL6,4932.YMR091C,4932,NPL6,NPL6,direct_string,1,NPL6
NSE1,4932.YLR007W,4932,NSE1,NSE1,direct_string,1,NSE1
NSE3,4932.YDR288W,4932,NSE3,NSE3,direct_string,1,NSE3
NSE4,4932.YDL105W,4932,NSE4,NSE4,direct_string,1,NSE4
NSE5,4932.YML023C,4932,NSE5,NSE5,direct_string,1,NSE5
NSL1,4932.YPL233W,4932,NSL1,NSL1,direct_string,1,NSL1
NSP1,4932.YJL041W,4932,NSP1,NSP1,direct_string,1,NSP1
NTC20,4932.YBR188C,4932,NTC20,NTC20,direct_string,1,NTC20
NTO1,4932.YPR031W,4932,NTO1,NTO1,direct_string,1,NTO1
NTR2,4932.YKR022C,4932,NTR2,NTR2,direct_string,1,NTR2
NUD1,4932.YOR373W,4932,NUD1,NUD1,direct_string,1,NUD1
NUF2,4932.YOL069W,4932,NUF2,NUF2,direct_string,1,NUF2
NUP120,4932.YKL057C,4932,NUP120,NUP120,direct_string,1,NUP120
NUP145,4932.YGL092W,4932,NUP145,NUP145,direct_string,1,NUP145
NUP159,4932.YIL115C,4932,NUP159,NUP159,direct_string,1,NUP159
NUP170,4932.YBL079W,4932,NUP170,NUP170,direct_string,1,NUP170
NUP49,4932.YGL172W,4932,NUP49,NUP49,direct_string,1,NUP49
NUP53,4932.YMR153W,4932,NUP53,NUP53,direct_string,1,NUP53
NUP57,4932.YGR119C,4932,NUP57,NUP57,direct_string,1,NUP57
NUP82,4932.YJL061W,4932,NUP82,NUP82,direct_string,1,NUP82
NUP84,4932.YDL116W,4932,NUP84,NUP84,direct_string,1,NUP84
NUP85,4932.YJR042W,4932,NUP85,NUP85,direct_string,1,NUP85
NUT1,4932.YGL151W,4932,NUT1,NUT1,direct_string,1,NUT1
NUT2,4932.YPR168W,4932,NUT2,NUT2,direct_string,1,NUT2
NVJ1,4932.YHR195W,4932,NVJ1,NVJ1,direct_string,1,NVJ1
OAF1,4932.YAL051W,4932,OAF1,OAF1,direct_string,1,OAF1
OCA1,4932.YNL099C,4932,OCA1,OCA1,direct_string,1,OCA1
OCA2,4932.YNL056W,4932,OCA2,OCA2,direct_string,1,OCA2
YCR095C,4932.YCR095C,4932,OCA4,YCR095C,direct_string,1,OCA4
YHL029C,4932.YHL029C,4932,OCA5,YHL029C,direct_string,1,OCA5
YDR067C,4932.YDR067C,4932,OCA6,YDR067C,direct_string,1,OCA6
OKP1,4932.YGR179C,4932,OKP1,OKP1,direct_string,1,OKP1
OLI1,4932.Q0130,4932,OLI1,OLI1,direct_string,1,OLI1
ORC1,4932.YML065W,4932,ORC1,ORC1,direct_string,1,ORC1
ORC2,4932.YBR060C,4932,ORC2,ORC2,direct_string,1,ORC2
ORC3,4932.YLL004W,4932,ORC3,ORC3,direct_string,1,ORC3
ORC4,4932.YPR162C,4932,ORC4,ORC4,direct_string,1,ORC4
ORC5,4932.YNL261W,4932,ORC5,ORC5,direct_string,1,ORC5
ORC6,4932.YHR118C,4932,ORC6,ORC6,direct_string,1,ORC6
OST1,4932.YJL002C,4932,OST1,OST1,direct_string,1,OST1
OST2,4932.YOR103C,4932,OST2,OST2,direct_string,1,OST2
OST3,4932.YOR085W,4932,OST3,OST3,direct_string,1,OST3
OST4,4932.YDL232W,4932,OST4,OST4,direct_string,1,OST4
OST5,4932.YGL226C-A,4932,OST5,OST5,direct_string,1,OST5
OST6,4932.YML019W,4932,OST6,OST6,direct_string,1,OST6
PAC10,4932.YGR078C,4932,PAC10,PAC10,direct_string,1,PAC10
PAC11,4932.YDR488C,4932,PAC11,PAC11,direct_string,1,PAC11
PAF1,4932.YBR279W,4932,PAF1,PAF1,direct_string,1,PAF1
PAM16,4932.YJL104W,4932,PAM16,PAM16,direct_string,1,PAM16
PAM17,4932.YKR065C,4932,PAM17,PAM17,direct_string,1,PAM17
PAM18,4932.YLR008C,4932,PAM18,PAM18,direct_string,1,PAM18
PAN1,4932.YIR006C,4932,PAN1,PAN1,direct_string,1,PAN1
PAN2,4932.YGL094C,4932,PAN2,PAN2,direct_string,1,PAN2
PAN3,4932.YKL025C,4932,PAN3,PAN3,direct_string,1,PAN3
PAP1,4932.YKR002W,4932,PAP1,PAP1,direct_string,1,PAP1
PAP2,4932.YOL115W,4932,PAP2,PAP2,direct_string,1,PAP2
PBI2,4932.YNL015W,4932,PBI2,PBI2,direct_string,1,PBI2
PBP1,4932.YGR178C,4932,PBP1,PBP1,direct_string,1,PBP1
PCC1,4932.YKR095W-A,4932,PCC1,PCC1,direct_string,1,PCC1
PCF11,4932.YDR228C,4932,PCF11,PCF11,direct_string,1,PCF11
PCI8,4932.YIL071C,4932,PCI8,PCI8,direct_string,1,PCI8
PCL1,4932.YNL289W,4932,PCL1,PCL1,direct_string,1,PCL1
PCL10,4932.YGL134W,4932,PCL10,PCL10,direct_string,1,PCL10
PCL2,4932.YDL127W,4932,PCL2,PCL2,direct_string,1,PCL2
PCL8,4932.YPL219W,4932,PCL8,PCL8,direct_string,1,PCL8
PDA1,4932.YER178W,4932,PDA1,PDA1,direct_string,1,PDA1
PDB1,4932.YBR221C,4932,PDB1,PDB1,direct_string,1,PDB1
PDS1,4932.YDR113C,4932,PDS1,PDS1,direct_string,1,PDS1
PDX1,4932.YGR193C,4932,PDX1,PDX1,direct_string,1,PDX1
PEA2,4932.YER149C,4932,PEA2,PEA2,direct_string,1,PEA2
PEP3,4932.YLR148W,4932,PEP3,PEP3,direct_string,1,PEP3
PEP5,4932.YMR231W,4932,PEP5,PEP5,direct_string,1,PEP5
PEP8,4932.YJL053W,4932,PEP8,PEP8,direct_string,1,PEP8
PET123,4932.YOR158W,4932,PET123,PET123,direct_string,1,PET123
PET309,4932.YLR067C,4932,PET309,PET309,direct_string,1,PET309
PEX10,4932.YDR265W,4932,PEX10,PEX10,direct_string,1,PEX10
PEX12,4932.YMR026C,4932,PEX12,PEX12,direct_string,1,PEX12
PEX13,4932.YLR191W,4932,PEX13,PEX13,direct_string,1,PEX13
PEX14,4932.YGL153W,4932,PEX14,PEX14,direct_string,1,PEX14
PEX17,4932.YNL214W,4932,PEX17,PEX17,direct_string,1,PEX17
PEX2,4932.YJL210W,4932,PEX2,PEX2,direct_string,1,PEX2
PFD1,4932.YJL179W,4932,PFD1,PFD1,direct_string,1,PFD1
PFK1,4932.YGR240C,4932,PFK1,PFK1,direct_string,1,PFK1
PFK2,4932.YMR205C,4932,PFK2,PFK2,direct_string,1,PFK2
PFS2,4932.YNL317W,4932,PFS2,PFS2,direct_string,1,PFS2
PGD1,4932.YGL025C,4932,PGD1,PGD1,direct_string,1,PGD1
PHB1,4932.YGR132C,4932,PHB1,PHB1,direct_string,1,PHB1
PHB2,4932.YGR231C,4932,PHB2,PHB2,direct_string,1,PHB2
PHO23,4932.YNL097C,4932,PHO23,PHO23,direct_string,1,PHO23
PHO80,4932.YOL001W,4932,PHO80,PHO80,direct_string,1,PHO80
PHO85,4932.YPL031C,4932,PHO85,PHO85,direct_string,1,PHO85
PIL1,4932.YGR086C,4932,PIL1,PIL1,direct_string,1,PIL1
PIP2,4932.YOR363C,4932,PIP2,PIP2,direct_string,1,PIP2
PKP1,4932.YIL042C,4932,PKP1,PKP1,direct_string,1,PKP1
PML1,4932.YLR016C,4932,PML1,PML1,direct_string,1,PML1
PMS1,4932.YNL082W,4932,PMS1,PMS1,direct_string,1,PMS1
PMT1,4932.YDL095W,4932,PMT1,PMT1,direct_string,1,PMT1
PMT2,4932.YAL023C,4932,PMT2,PMT2,direct_string,1,PMT2
PMT3,4932.YOR321W,4932,PMT3,PMT3,direct_string,1,PMT3
PMT5,4932.YDL093W,4932,PMT5,PMT5,direct_string,1,PMT5
PNG1,4932.YPL096W,4932,PNG1,PNG1,direct_string,1,PNG1
POB3,4932.YML069W,4932,POB3,POB3,direct_string,1,POB3
POL1,4932.YNL102W,4932,POL1,POL1,direct_string,1,POL1
POL12,4932.YBL035C,4932,POL12,POL12,direct_string,1,POL12
POL2,4932.YNL262W,4932,POL2,POL2,direct_string,1,POL2
POL3,4932.YDL102W,4932,POL3,POL3,direct_string,1,POL3
POL31,4932.YJR006W,4932,POL31,POL31,direct_string,1,POL31
POL32,4932.YJR043C,4932,POL32,POL32,direct_string,1,POL32
POL5,4932.YEL055C,4932,POL5,POL5,direct_string,1,POL5
POP1,4932.YNL221C,4932,POP1,POP1,direct_string,1,POP1
POP2,4932.YNR052C,4932,POP2,POP2,direct_string,1,POP2
POP3,4932.YNL282W,4932,POP3,POP3,direct_string,1,POP3
POP4,4932.YBR257W,4932,POP4,POP4,direct_string,1,POP4
POP5,4932.YAL033W,4932,POP5,POP5,direct_string,1,POP5
POP6,4932.YGR030C,4932,POP6,POP6,direct_string,1,POP6
POP7,4932.YBR167C,4932,POP7,POP7,direct_string,1,POP7
POP8,4932.YBL018C,4932,POP8,POP8,direct_string,1,POP8
PPE1,4932.YHR075C,4932,PPE1,PPE1,direct_string,1,PPE1
PPH21,4932.YDL134C,4932,PPH21,PPH21,direct_string,1,PPH21
PPH3,4932.YDR075W,4932,PPH3,PPH3,direct_string,1,PPH3
PRE1,4932.YER012W,4932,PRE1,PRE1,direct_string,1,PRE1
PRE10,4932.YOR362C,4932,PRE10,PRE10,direct_string,1,PRE10
PRE2,4932.YPR103W,4932,PRE2,PRE2,direct_string,1,PRE2
PRE3,4932.YJL001W,4932,PRE3,PRE3,direct_string,1,PRE3
PRE4,4932.YFR050C,4932,PRE4,PRE4,direct_string,1,PRE4
PRE5,4932.YMR314W,4932,PRE5,PRE5,direct_string,1,PRE5
PRE6,4932.YOL038W,4932,PRE6,PRE6,direct_string,1,PRE6
PRE7,4932.YBL041W,4932,PRE7,PRE7,direct_string,1,PRE7
PRE8,4932.YML092C,4932,PRE8,PRE8,direct_string,1,PRE8
PRE9,4932.YGR135W,4932,PRE9,PRE9,direct_string,1,PRE9
PRI1,4932.YIR008C,4932,PRI1,PRI1,direct_string,1,PRI1
PRI2,4932.YKL045W,4932,PRI2,PRI2,direct_string,1,PRI2
PRP11,4932.YDL043C,4932,PRP11,PRP11,direct_string,1,PRP11
PRP18,4932.YGR006W,4932,PRP18,PRP18,direct_string,1,PRP18
PRP19,4932.YLL036C,4932,PRP19,PRP19,direct_string,1,PRP19
PRP21,4932.YJL203W,4932,PRP21,PRP21,direct_string,1,PRP21
PRP24,4932.YMR268C,4932,PRP24,PRP24,direct_string,1,PRP24
PRP28,4932.YDR243C,4932,PRP28,PRP28,direct_string,1,PRP28
PRP3,4932.YDR473C,4932,PRP3,PRP3,direct_string,1,PRP3
PRP31,4932.YGR091W,4932,PRP31,PRP31,direct_string,1,PRP31
PRP38,4932.YGR075C,4932,PRP38,PRP38,direct_string,1,PRP38
PRP39,4932.YML046W,4932,PRP39,PRP39,direct_string,1,PRP39
PRP4,4932.YPR178W,4932,PRP4,PRP4,direct_string,1,PRP4
PRP40,4932.YKL012W,4932,PRP40,PRP40,direct_string,1,PRP40
PRP42,4932.YDR235W,4932,PRP42,PRP42,direct_string,1,PRP42
PRP43,4932.YGL120C,4932,PRP43,PRP43,direct_string,1,PRP43
PRP6,4932.YBR055C,4932,PRP6,PRP6,direct_string,1,PRP6
PRP8,4932.YHR165C,4932,PRP8,PRP8,direct_string,1,PRP8
PRP9,4932.YDL030W,4932,PRP9,PRP9,direct_string,1,PRP9
PRT1,4932.YOR361C,4932,PRT1,PRT1,direct_string,1,PRT1
PSF1,4932.YDR013W,4932,PSF1,PSF1,direct_string,1,PSF1
PSF2,4932.YJL072C,4932,PSF2,PSF2,direct_string,1,PSF2
PSF3,4932.YOL146W,4932,PSF3,PSF3,direct_string,1,PSF3
PSR1,4932.YLL010C,4932,PSR1,PSR1,direct_string,1,PSR1
PSY2,4932.YNL201C,4932,PSY2,PSY2,direct_string,1,PSY2
PSY4,4932.YBL046W,4932,PSY4,PSY4,direct_string,1,PSY4
PTA1,4932.YAL043C,4932,PTA1,PTA1,direct_string,1,PTA1
PTC5,4932.YOR090C,4932,PTC5,PTC5,direct_string,1,PTC5
PTI1,4932.YGR156W,4932,PTI1,PTI1,direct_string,1,PTI1
PUP1,4932.YOR157C,4932,PUP1,PUP1,direct_string,1,PUP1
PUP2,4932.YGR253C,4932,PUP2,PUP2,direct_string,1,PUP2
PUP3,4932.YER094C,4932,PUP3,PUP3,direct_string,1,PUP3
PWP2,4932.YCR057C,4932,PWP2,PWP2,direct_string,1,PWP2
PXA1,4932.YPL147W,4932,PXA1,PXA1,direct_string,1,PXA1
PXA2,4932.YKL188C,4932,PXA2,PXA2,direct_string,1,PXA2
QCR10,4932.YHR001W-A,4932,QCR10,QCR10,direct_string,1,QCR10
QCR2,4932.YPR191W,4932,QCR2,QCR2,direct_string,1,QCR2
QCR6,4932.YFR033C,4932,QCR6,QCR6,direct_string,1,QCR6
QCR7,4932.YDR529C,4932,QCR7,QCR7,direct_string,1,QCR7
QCR8,4932.YJL166W,4932,QCR8,QCR8,direct_string,1,QCR8
QCR9,4932.YGR183C,4932,QCR9,QCR9,direct_string,1,QCR9
RAD1,4932.YPL022W,4932,RAD1,RAD1,direct_string,1,RAD1
RAD10,4932.YML095C,4932,RAD10,RAD10,direct_string,1,RAD10
RAD14,4932.YMR201C,4932,RAD14,RAD14,direct_string,1,RAD14
RAD16,4932.YBR114W,4932,RAD16,RAD16,direct_string,1,RAD16
RAD17,4932.YOR368W,4932,RAD17,RAD17,direct_string,1,RAD17
RAD18,4932.YCR066W,4932,RAD18,RAD18,direct_string,1,RAD18
RAD2,4932.YGR258C,4932,RAD2,RAD2,direct_string,1,RAD2
RAD23,4932.YEL037C,4932,RAD23,RAD23,direct_string,1,RAD23
RAD24,4932.YER173W,4932,RAD24,RAD24,direct_string,1,RAD24
RAD26,4932.YJR035W,4932,RAD26,RAD26,direct_string,1,RAD26
RAD3,4932.YER171W,4932,RAD3,RAD3,direct_string,1,RAD3
RAD4,4932.YER162C,4932,RAD4,RAD4,direct_string,1,RAD4
RAD50,4932.YNL250W,4932,RAD50,RAD50,direct_string,1,RAD50
RAD53,4932.YPL153C,4932,RAD53,RAD53,direct_string,1,RAD53
RAD55,4932.YDR076W,4932,RAD55,RAD55,direct_string,1,RAD55
RAD57,4932.YDR004W,4932,RAD57,RAD57,direct_string,1,RAD57
RAD6,4932.YGL058W,4932,RAD6,RAD6,direct_string,1,RAD6
RAD7,4932.YJR052W,4932,RAD7,RAD7,direct_string,1,RAD7
RAI1,4932.YGL246C,4932,RAI1,RAI1,direct_string,1,RAI1
RAM1,4932.YDL090C,4932,RAM1,RAM1,direct_string,1,RAM1
RAM2,4932.YKL019W,4932,RAM2,RAM2,direct_string,1,RAM2
RAT1,4932.YOR048C,4932,RAT1,RAT1,direct_string,1,RAT1
RAV1,4932.YJR033C,4932,RAV1,RAV1,direct_string,1,RAV1
RAV2,4932.YDR202C,4932,RAV2,RAV2,direct_string,1,RAV2
RCO1,4932.YMR075W,4932,RCO1,RCO1,direct_string,1,RCO1
RDS3,4932.YPR094W,4932,RDS3,RDS3,direct_string,1,RDS3
REC102,4932.YLR329W,4932,REC102,REC102,direct_string,1,REC102
REC104,4932.YHR157W,4932,REC104,REC104,direct_string,1,REC104
REC8,4932.YPR007C,4932,REC8,REC8,direct_string,1,REC8
RED1,4932.YLR263W,4932,RED1,RED1,direct_string,1,RED1
REF2,4932.YDR195W,4932,REF2,REF2,direct_string,1,REF2
REG1,4932.YDR028C,4932,REG1,REG1,direct_string,1,REG1
REG2,4932.YBR050C,4932,REG2,REG2,direct_string,1,REG2
RET1,4932.YOR207C,4932,RET1,RET1,direct_string,1,RET1
RET2,4932.YFR051C,4932,RET2,RET2,direct_string,1,RET2
RET3,4932.YPL010W,4932,RET3,RET3,direct_string,1,RET3
REV1,4932.YOR346W,4932,REV1,REV1,direct_string,1,REV1
REV3,4932.YPL167C,4932,REV3,REV3,direct_string,1,REV3
REV7,4932.YIL139C,4932,REV7,REV7,direct_string,1,REV7
RFA1,4932.YAR007C,4932,RFA1,RFA1,direct_string,1,RFA1
RFA2,4932.YNL312W,4932,RFA2,RFA2,direct_string,1,RFA2
RFA3,4932.YJL173C,4932,RFA3,RFA3,direct_string,1,RFA3
RFC1,4932.YOR217W,4932,RFC1,RFC1,direct_string,1,RFC1
RFC2,4932.YJR068W,4932,RFC2,RFC2,direct_string,1,RFC2
RFC3,4932.YNL290W,4932,RFC3,RFC3,direct_string,1,RFC3
RFC4,4932.YOL094C,4932,RFC4,RFC4,direct_string,1,RFC4
RFC5,4932.YBR087W,4932,RFC5,RFC5,direct_string,1,RFC5
RFM1,4932.YOR279C,4932,RFM1,RFM1,direct_string,1,RFM1
RGP1,4932.YDR137W,4932,RGP1,RGP1,direct_string,1,RGP1
RGR1,4932.YLR071C,4932,RGR1,RGR1,direct_string,1,RGR1
RHO1,4932.YPR165W,4932,RHO1,RHO1,direct_string,1,RHO1
RIC1,4932.YLR039C,4932,RIC1,RIC1,direct_string,1,RIC1
RIP1,4932.YEL024W,4932,RIP1,RIP1,direct_string,1,RIP1
RIX1,4932.YHR197W,4932,RIX1,RIX1,direct_string,1,RIX1
RLF2,4932.YPR018W,4932,RLF2,RLF2,direct_string,1,RLF2
RMD5,4932.YDR255C,4932,RMD5,RMD5,direct_string,1,RMD5
RMI1,4932.YPL024W,4932,RMI1,RMI1,direct_string,1,RMI1
RML2,4932.YEL050C,4932,RML2,RML2,direct_string,1,RML2
RMP1,4932.YLR145W,4932,RMP1,RMP1,direct_string,1,RMP1
RNA14,4932.YMR061W,4932,RNA14,RNA14,direct_string,1,RNA14
RNA15,4932.YGL044C,4932,RNA15,RNA15,direct_string,1,RNA15
RNH201,4932.YNL072W,4932,RNH201,RNH201,direct_string,1,RNH201
RNH202,4932.YDR279W,4932,RNH202,RNH202,direct_string,1,RNH202
RNH203,4932.YLR154C,4932,RNH203,RNH203,direct_string,1,RNH203
RNR1,4932.YER070W,4932,RNR1,RNR1,direct_string,1,RNR1
RNR2,4932.YJL026W,4932,RNR2,RNR2,direct_string,1,RNR2
RNR4,4932.YGR180C,4932,RNR4,RNR4,direct_string,1,RNR4
ROT2,4932.YBR229C,4932,ROT2,ROT2,direct_string,1,ROT2
ROX3,4932.YBL093C,4932,ROX3,ROX3,direct_string,1,ROX3
RPA12,4932.YJR063W,4932,RPA12,RPA12,direct_string,1,RPA12
RPA135,4932.YPR010C,4932,RPA135,RPA135,direct_string,1,RPA135
RPA14,4932.YDR156W,4932,RPA14,RPA14,direct_string,1,RPA14
RPA190,4932.YOR341W,4932,RPA190,RPA190,direct_string,1,RPA190
RPA34,4932.YJL148W,4932,RPA34,RPA34,direct_string,1,RPA34
RPA43,4932.YOR340C,4932,RPA43,RPA43,direct_string,1,RPA43
RPA49,4932.YNL248C,4932,RPA49,RPA49,direct_string,1,RPA49
RPB10,4932.YOR210W,4932,RPB10,RPB10,direct_string,1,RPB10
RPB11,4932.YOL005C,4932,RPB11,RPB11,direct_string,1,RPB11
RPB2,4932.YOR151C,4932,RPB2,RPB2,direct_string,1,RPB2
RPB3,4932.YIL021W,4932,RPB3,RPB3,direct_string,1,RPB3
RPB4,4932.YJL140W,4932,RPB4,RPB4,direct_string,1,RPB4
RPB5,4932.YBR154C,4932,RPB5,RPB5,direct_string,1,RPB5
RPB7,4932.YDR404C,4932,RPB7,RPB7,direct_string,1,RPB7
RPB8,4932.YOR224C,4932,RPB8,RPB8,direct_string,1,RPB8
RPB9,4932.YGL070C,4932,RPB9,RPB9,direct_string,1,RPB9
RPC10,4932.YHR143W-A,4932,RPC10,RPC10,direct_string,1,RPC10
RPC11,4932.YDR045C,4932,RPC11,RPC11,direct_string,1,RPC11
RPC17,4932.YJL011C,4932,RPC17,RPC17,direct_string,1,RPC17
RPC19,4932.YNL113W,4932,RPC19,RPC19,direct_string,1,RPC19
RPC25,4932.YKL144C,4932,RPC25,RPC25,direct_string,1,RPC25
RPC31,4932.YNL151C,4932,RPC31,RPC31,direct_string,1,RPC31
RPC34,4932.YNR003C,4932,RPC34,RPC34,direct_string,1,RPC34
RPC37,4932.YKR025W,4932,RPC37,RPC37,direct_string,1,RPC37
RPC40,4932.YPR110C,4932,RPC40,RPC40,direct_string,1,RPC40
RPC53,4932.YDL150W,4932,RPC53,RPC53,direct_string,1,RPC53
RPC82,4932.YPR190C,4932,RPC82,RPC82,direct_string,1,RPC82
RPD3,4932.YNL330C,4932,RPD3,RPD3,direct_string,1,RPD3
RPG1,4932.YBR079C,4932,RPG1,RPG1,direct_string,1,RPG1
RPL10,4932.YLR075W,4932,RPL10,RPL10,direct_string,1,RPL10
RPL11A,4932.YPR102C,4932,RPL11A,RPL11A,direct_string,1,RPL11A
RPL11B,4932.YGR085C,4932,RPL11B,RPL11B,direct_string,1,RPL11B
RPL12A,4932.YEL054C,4932,RPL12A,RPL12A,direct_string,1,RPL12A
RPL12B,4932.YDR418W,4932,RPL12B,RPL12B,direct_string,1,RPL12B
RPL13A,4932.YDL082W,4932,RPL13A,RPL13A,direct_string,1,RPL13A
RPL13B,4932.YMR142C,4932,RPL13B,RPL13B,direct_string,1,RPL13B
RPL14A,4932.YKL006W,4932,RPL14A,RPL14A,direct_string,1,RPL14A
RPL14B,4932.YHL001W,4932,RPL14B,RPL14B,direct_string,1,RPL14B
RPL15A,4932.YLR029C,4932,RPL15A,RPL15A,direct_string,1,RPL15A
RPL15B,4932.YMR121C,4932,RPL15B,RPL15B,direct_string,1,RPL15B
RPL16A,4932.YIL133C,4932,RPL16A,RPL16A,direct_string,1,RPL16A
RPL16B,4932.YNL069C,4932,RPL16B,RPL16B,direct_string,1,RPL16B
RPL17A,4932.YKL180W,4932,RPL17A,RPL17A,direct_string,1,RPL17A
RPL17B,4932.YJL177W,4932,RPL17B,RPL17B,direct_string,1,RPL17B
RPL18A,4932.YOL120C,4932,RPL18A,RPL18A,direct_string,1,RPL18A
RPL18B,4932.YNL301C,4932,RPL18B,RPL18B,direct_string,1,RPL18B
RPL19A,4932.YBR084C-A,4932,RPL19A,RPL19A,direct_string,1,RPL19A
RPL19B,4932.YBL027W,4932,RPL19B,RPL19B,direct_string,1,RPL19B
RPL1A,4932.YPL220W,4932,RPL1A,RPL1A,direct_string,1,RPL1A
RPL1B,4932.YGL135W,4932,RPL1B,RPL1B,direct_string,1,RPL1B
RPL20A,4932.YMR242C,4932,RPL20A,RPL20A,direct_string,1,RPL20A
RPL20B,4932.YOR312C,4932,RPL20B,RPL20B,direct_string,1,RPL20B
RPL21A,4932.YBR191W,4932,RPL21A,RPL21A,direct_string,1,RPL21A
RPL21B,4932.YPL079W,4932,RPL21B,RPL21B,direct_string,1,RPL21B
RPL22A,4932.YLR061W,4932,RPL22A,RPL22A,direct_string,1,RPL22A
RPL22B,4932.YFL034C-A,4932,RPL22B,RPL22B,direct_string,1,RPL22B
RPL23A,4932.YBL087C,4932,RPL23A,RPL23A,direct_string,1,RPL23A
RPL23B,4932.YER117W,4932,RPL23B,RPL23B,direct_string,1,RPL23B
RPL24A,4932.YGL031C,4932,RPL24A,RPL24A,direct_string,1,RPL24A
RPL24B,4932.YGR148C,4932,RPL24B,RPL24B,direct_string,1,RPL24B
RPL25,4932.YOL127W,4932,RPL25,RPL25,direct_string,1,RPL25
RPL26A,4932.YLR344W,4932,RPL26A,RPL26A,direct_string,1,RPL26A
RPL26B,4932.YGR034W,4932,RPL26B,RPL26B,direct_string,1,RPL26B
RPL27A,4932.YHR010W,4932,RPL27A,RPL27A,direct_string,1,RPL27A
RPL27B,4932.YDR471W,4932,RPL27B,RPL27B,direct_string,1,RPL27B
RPL28,4932.YGL103W,4932,RPL28,RPL28,direct_string,1,RPL28
RPL29,4932.YFR032C-A,4932,RPL29,RPL29,direct_string,1,RPL29
RPL2A,4932.YFR031C-A,4932,RPL2A,RPL2A,direct_string,1,RPL2A
RPL2B,4932.YIL018W,4932,RPL2B,RPL2B,direct_string,1,RPL2B
RPL3,4932.YOR063W,4932,RPL3,RPL3,direct_string,1,RPL3
RPL30,4932.YGL030W,4932,RPL30,RPL30,direct_string,1,RPL30
RPL31A,4932.YDL075W,4932,RPL31A,RPL31A,direct_string,1,RPL31A
RPL31B,4932.YLR406C,4932,RPL31B,RPL31B,direct_string,1,RPL31B
RPL32,4932.YBL092W,4932,RPL32,RPL32,direct_string,1,RPL32
RPL33A,4932.YPL143W,4932,RPL33A,RPL33A,direct_string,1,RPL33A
RPL33B,4932.YOR234C,4932,RPL33B,RPL33B,direct_string,1,RPL33B
RPL34A,4932.YER056C-A,4932,RPL34A,RPL34A,direct_string,1,RPL34A
RPL34B,4932.YIL052C,4932,RPL34B,RPL34B,direct_string,1,RPL34B
RPL35A,4932.YDL191W,4932,RPL35A,RPL35A,direct_string,1,RPL35A
RPL35B,4932.YDL136W,4932,RPL35B,RPL35B,direct_string,1,RPL35B
RPL36A,4932.YMR194W,4932,RPL36A,RPL36A,direct_string,1,RPL36A
RPL36B,4932.YPL249C-A,4932,RPL36B,RPL36B,direct_string,1,RPL36B
RPL37A,4932.YLR185W,4932,RPL37A,RPL37A,direct_string,1,RPL37A
RPL37B,4932.YDR500C,4932,RPL37B,RPL37B,direct_string,1,RPL37B
RPL38,4932.YLR325C,4932,RPL38,RPL38,direct_string,1,RPL38
RPL39,4932.YJL189W,4932,RPL39,RPL39,direct_string,1,RPL39
RPL40A,4932.YIL148W,4932,RPL40A,RPL40A,direct_string,1,RPL40A
RPL40B,4932.YKR094C,4932,RPL40B,RPL40B,direct_string,1,RPL40B
RPL41A,4932.YDL184C,4932,RPL41A,RPL41A,direct_string,1,RPL41A
RPL41B,4932.YDL133C-A,4932,RPL41B,RPL41B,direct_string,1,RPL41B
RPL42A,4932.YNL162W,4932,RPL42A,RPL42A,direct_string,1,RPL42A
RPL42B,4932.YHR141C,4932,RPL42B,RPL42B,direct_string,1,RPL42B
RPL43A,4932.YPR043W,4932,RPL43A,RPL43A,direct_string,1,RPL43A
RPL43B,4932.YJR094W-A,4932,RPL43B,RPL43B,direct_string,1,RPL43B
RPL4A,4932.YBR031W,4932,RPL4A,RPL4A,direct_string,1,RPL4A
RPL4B,4932.YDR012W,4932,RPL4B,RPL4B,direct_string,1,RPL4B
RPL5,4932.YPL131W,4932,RPL5,RPL5,direct_string,1,RPL5
RPL6A,4932.YML073C,4932,RPL6A,RPL6A,direct_string,1,RPL6A
RPL6B,4932.YLR448W,4932,RPL6B,RPL6B,direct_string,1,RPL6B
RPL7A,4932.YGL076C,4932,RPL7A,RPL7A,direct_string,1,RPL7A
RPL7B,4932.YPL198W,4932,RPL7B,RPL7B,direct_string,1,RPL7B
RPL8A,4932.YHL033C,4932,RPL8A,RPL8A,direct_string,1,RPL8A
RPL8B,4932.YLL045C,4932,RPL8B,RPL8B,direct_string,1,RPL8B
RPL9A,4932.YGL147C,4932,RPL9A,RPL9A,direct_string,1,RPL9A
RPL9B,4932.YNL067W,4932,RPL9B,RPL9B,direct_string,1,RPL9B
RPN1,4932.YHR027C,4932,RPN1,RPN1,direct_string,1,RPN1
RPN10,4932.YHR200W,4932,RPN10,RPN10,direct_string,1,RPN10
RPN11,4932.YFR004W,4932,RPN11,RPN11,direct_string,1,RPN11
RPN12,4932.YFR052W,4932,RPN12,RPN12,direct_string,1,RPN12
RPN13,4932.YLR421C,4932,RPN13,RPN13,direct_string,1,RPN13
RPN2,4932.YIL075C,4932,RPN2,RPN2,direct_string,1,RPN2
RPN3,4932.YER021W,4932,RPN3,RPN3,direct_string,1,RPN3
RPN5,4932.YDL147W,4932,RPN5,RPN5,direct_string,1,RPN5
RPN6,4932.YDL097C,4932,RPN6,RPN6,direct_string,1,RPN6
RPN7,4932.YPR108W,4932,RPN7,RPN7,direct_string,1,RPN7
RPN8,4932.YOR261C,4932,RPN8,RPN8,direct_string,1,RPN8
RPN9,4932.YDR427W,4932,RPN9,RPN9,direct_string,1,RPN9
RPO21,4932.YDL140C,4932,RPO21,RPO21,direct_string,1,RPO21
RPO26,4932.YPR187W,4932,RPO26,RPO26,direct_string,1,RPO26
RPO31,4932.YOR116C,4932,RPO31,RPO31,direct_string,1,RPO31
RPP0,4932.YLR340W,4932,RPP0,RPP0,direct_string,1,RPP0
RPP1,4932.YHR062C,4932,RPP1,RPP1,direct_string,1,RPP1
RPP1A,4932.YDL081C,4932,RPP1A,RPP1A,direct_string,1,RPP1A
RPP1B,4932.YDL130W,4932,RPP1B,RPP1B,direct_string,1,RPP1B
RPP2A,4932.YOL039W,4932,RPP2A,RPP2A,direct_string,1,RPP2A
RPP2B,4932.YDR382W,4932,RPP2B,RPP2B,direct_string,1,RPP2B
RPR2,4932.YIR015W,4932,RPR2,RPR2,direct_string,1,RPR2
RPS0A,4932.YGR214W,4932,RPS0A,RPS0A,direct_string,1,RPS0A
RPS0B,4932.YLR048W,4932,RPS0B,RPS0B,direct_string,1,RPS0B
RPS10A,4932.YOR293W,4932,RPS10A,RPS10A,direct_string,1,RPS10A
RPS10B,4932.YMR230W,4932,RPS10B,RPS10B,direct_string,1,RPS10B
RPS11A,4932.YDR025W,4932,RPS11A,RPS11A,direct_string,1,RPS11A
RPS11B,4932.YBR048W,4932,RPS11B,RPS11B,direct_string,1,RPS11B
RPS12,4932.YOR369C,4932,RPS12,RPS12,direct_string,1,RPS12
RPS13,4932.YDR064W,4932,RPS13,RPS13,direct_string,1,RPS13
RPS14A,4932.YCR031C,4932,RPS14A,RPS14A,direct_string,1,RPS14A
RPS14B,4932.YJL191W,4932,RPS14B,RPS14B,direct_string,1,RPS14B
RPS15,4932.YOL040C,4932,RPS15,RPS15,direct_string,1,RPS15
RPS16A,4932.YMR143W,4932,RPS16A,RPS16A,direct_string,1,RPS16A
RPS16B,4932.YDL083C,4932,RPS16B,RPS16B,direct_string,1,RPS16B
RPS17A,4932.YML024W,4932,RPS17A,RPS17A,direct_string,1,RPS17A
RPS17B,4932.YDR447C,4932,RPS17B,RPS17B,direct_string,1,RPS17B
RPS18A,4932.YDR450W,4932,RPS18A,RPS18A,direct_string,1,RPS18A
RPS18B,4932.YML026C,4932,RPS18B,RPS18B,direct_string,1,RPS18B
RPS19A,4932.YOL121C,4932,RPS19A,RPS19A,direct_string,1,RPS19A
RPS19B,4932.YNL302C,4932,RPS19B,RPS19B,direct_string,1,RPS19B
RPS1A,4932.YLR441C,4932,RPS1A,RPS1A,direct_string,1,RPS1A
RPS1B,4932.YML063W,4932,RPS1B,RPS1B,direct_string,1,RPS1B
RPS2,4932.YGL123W,4932,RPS2,RPS2,direct_string,1,RPS2
RPS20,4932.YHL015W,4932,RPS20,RPS20,direct_string,1,RPS20
RPS21A,4932.YKR057W,4932,RPS21A,RPS21A,direct_string,1,RPS21A
RPS21B,4932.YJL136C,4932,RPS21B,RPS21B,direct_string,1,RPS21B
RPS22A,4932.YJL190C,4932,RPS22A,RPS22A,direct_string,1,RPS22A
RPS22B,4932.YLR367W,4932,RPS22B,RPS22B,direct_string,1,RPS22B
RPS23A,4932.YGR118W,4932,RPS23A,RPS23A,direct_string,1,RPS23A
RPS23B,4932.YPR132W,4932,RPS23B,RPS23B,direct_string,1,RPS23B
RPS24A,4932.YER074W,4932,RPS24A,RPS24A,direct_string,1,RPS24A
RPS24B,4932.YIL069C,4932,RPS24B,RPS24B,direct_string,1,RPS24B
RPS25A,4932.YGR027C,4932,RPS25A,RPS25A,direct_string,1,RPS25A
RPS25B,4932.YLR333C,4932,RPS25B,RPS25B,direct_string,1,RPS25B
RPS26A,4932.YGL189C,4932,RPS26A,RPS26A,direct_string,1,RPS26A
RPS26B,4932.YER131W,4932,RPS26B,RPS26B,direct_string,1,RPS26B
RPS27A,4932.YKL156W,4932,RPS27A,RPS27A,direct_string,1,RPS27A
RPS27B,4932.YHR021C,4932,RPS27B,RPS27B,direct_string,1,RPS27B
RPS28A,4932.YOR167C,4932,RPS28A,RPS28A,direct_string,1,RPS28A
RPS28B,4932.YLR264W,4932,RPS28B,RPS28B,direct_string,1,RPS28B
RPS29A,4932.YLR388W,4932,RPS29A,RPS29A,direct_string,1,RPS29A
RPS29B,4932.YDL061C,4932,RPS29B,RPS29B,direct_string,1,RPS29B
RPS3,4932.YNL178W,4932,RPS3,RPS3,direct_string,1,RPS3
RPS30A,4932.YLR287C-A,4932,RPS30A,RPS30A,direct_string,1,RPS30A
RPS30B,4932.YOR182C,4932,RPS30B,RPS30B,direct_string,1,RPS30B
RPS31,4932.YLR167W,4932,RPS31,RPS31,direct_string,1,RPS31
RPS4A,4932.YJR145C,4932,RPS4A,RPS4A,direct_string,1,RPS4A
RPS4B,4932.YHR203C,4932,RPS4B,RPS4B,direct_string,1,RPS4B
RPS5,4932.YJR123W,4932,RPS5,RPS5,direct_string,1,RPS5
RPS6A,4932.YPL090C,4932,RPS6A,RPS6A,direct_string,1,RPS6A
RPS6B,4932.YBR181C,4932,RPS6B,RPS6B,direct_string,1,RPS6B
RPS7A,4932.YOR096W,4932,RPS7A,RPS7A,direct_string,1,RPS7A
RPS7B,4932.YNL096C,4932,RPS7B,RPS7B,direct_string,1,RPS7B
RPS8A,4932.YBL072C,4932,RPS8A,RPS8A,direct_string,1,RPS8A
RPS8B,4932.YER102W,4932,RPS8B,RPS8B,direct_string,1,RPS8B
RPS9A,4932.YPL081W,4932,RPS9A,RPS9A,direct_string,1,RPS9A
RPS9B,4932.YBR189W,4932,RPS9B,RPS9B,direct_string,1,RPS9B
RPT1,4932.YKL145W,4932,RPT1,RPT1,direct_string,1,RPT1
RPT2,4932.YDL007W,4932,RPT2,RPT2,direct_string,1,RPT2
RPT3,4932.YDR394W,4932,RPT3,RPT3,direct_string,1,RPT3
RPT4,4932.YOR259C,4932,RPT4,RPT4,direct_string,1,RPT4
RPT5,4932.YOR117W,4932,RPT5,RPT5,direct_string,1,RPT5
RPT6,4932.YGL048C,4932,RPT6,RPT6,direct_string,1,RPT6
RRD1,4932.YIL153W,4932,RRD1,RRD1,direct_string,1,RRD1
RRD2,4932.YPL152W,4932,RRD2,RRD2,direct_string,1,RRD2
RRI1,4932.YDL216C,4932,RRI1,RRI1,direct_string,1,RRI1
RRI2,4932.YOL117W,4932,RRI2,RRI2,direct_string,1,RRI2
RRN10,4932.YBL025W,4932,RRN10,RRN10,direct_string,1,RRN10
RRN11,4932.YML043C,4932,RRN11,RRN11,direct_string,1,RRN11
RRN5,4932.YLR141W,4932,RRN5,RRN5,direct_string,1,RRN5
RRN6,4932.YBL014C,4932,RRN6,RRN6,direct_string,1,RRN6
RRN7,4932.YJL025W,4932,RRN7,RRN7,direct_string,1,RRN7
RRN9,4932.YMR270C,4932,RRN9,RRN9,direct_string,1,RRN9
RRP4,4932.YHR069C,4932,RRP4,RRP4,direct_string,1,RRP4
RRP40,4932.YOL142W,4932,RRP40,RRP40,direct_string,1,RRP40
RRP42,4932.YDL111C,4932,RRP42,RRP42,direct_string,1,RRP42
RRP43,4932.YCR035C,4932,RRP43,RRP43,direct_string,1,RRP43
RRP45,4932.YDR280W,4932,RRP45,RRP45,direct_string,1,RRP45
RRP46,4932.YGR095C,4932,RRP46,RRP46,direct_string,1,RRP46
RRP6,4932.YOR001W,4932,RRP6,RRP6,direct_string,1,RRP6
RRP7,4932.YCL031C,4932,RRP7,RRP7,direct_string,1,RRP7
RSA3,4932.YLR221C,4932,RSA3,RSA3,direct_string,1,RSA3
RSC1,4932.YGR056W,4932,RSC1,RSC1,direct_string,1,RSC1
RSC2,4932.YLR357W,4932,RSC2,RSC2,direct_string,1,RSC2
RSC3,4932.YDR303C,4932,RSC3,RSC3,direct_string,1,RSC3
RSC30,4932.YHR056C,4932,RSC30,RSC30,direct_string,1,RSC30
RSC4,4932.YKR008W,4932,RSC4,RSC4,direct_string,1,RSC4
RSC58,4932.YLR033W,4932,RSC58,RSC58,direct_string,1,RSC58
RSC6,4932.YCR052W,4932,RSC6,RSC6,direct_string,1,RSC6
RSC8,4932.YFR037C,4932,RSC8,RSC8,direct_string,1,RSC8
RSC9,4932.YML127W,4932,RSC9,RSC9,direct_string,1,RSC9
RSE1,4932.YML049C,4932,RSE1,RSE1,direct_string,1,RSE1
RSM10,4932.YDR041W,4932,RSM10,RSM10,direct_string,1,RSM10
RSM18,4932.YER050C,4932,RSM18,RSM18,direct_string,1,RSM18
RSM19,4932.YNR037C,4932,RSM19,RSM19,direct_string,1,RSM19
RSM22,4932.YKL155C,4932,RSM22,RSM22,direct_string,1,RSM22
RSM23,4932.YGL129C,4932,RSM23,RSM23,direct_string,1,RSM23
RSM24,4932.YDR175C,4932,RSM24,RSM24,direct_string,1,RSM24
RSM25,4932.YIL093C,4932,RSM25,RSM25,direct_string,1,RSM25
RSM26,4932.YJR101W,4932,RSM26,RSM26,direct_string,1,RSM26
RSM27,4932.YGR215W,4932,RSM27,RSM27,direct_string,1,RSM27
RSM7,4932.YJR113C,4932,RSM7,RSM7,direct_string,1,RSM7
RSP5,4932.YER125W,4932,RSP5,RSP5,direct_string,1,RSP5
YPL183W-A,4932.YPL183W-A,4932,RTC6,YPL183W-A,direct_string,1,RTC6
RTF1,4932.YGL244W,4932,RTF1,RTF1,direct_string,1,RTF1
RTG1,4932.YOL067C,4932,RTG1,RTG1,direct_string,1,RTG1
RTG2,4932.YGL252C,4932,RTG2,RTG2,direct_string,1,RTG2
RTG3,4932.YBL103C,4932,RTG3,RTG3,direct_string,1,RTG3
RTS1,4932.YOR014W,4932,RTS1,RTS1,direct_string,1,RTS1
RTT102,4932.YGR275W,4932,RTT102,RTT102,direct_string,1,RTT102
RTT103,4932.YDR289C,4932,RTT103,RTT103,direct_string,1,RTT103
RTT109,4932.YLL002W,4932,RTT109,RTT109,direct_string,1,RTT109
RVB1,4932.YDR190C,4932,RVB1,RVB1,direct_string,1,RVB1
RVB2,4932.YPL235W,4932,RVB2,RVB2,direct_string,1,RVB2
RVS161,4932.YCR009C,4932,RVS161,RVS161,direct_string,1,RVS161
RVS167,4932.YDR388W,4932,RVS167,RVS167,direct_string,1,RVS167
RXT2,4932.YBR095C,4932,RXT2,RXT2,direct_string,1,RXT2
RXT3,4932.YDL076C,4932,RXT3,RXT3,direct_string,1,RXT3
SAC3,4932.YDR159W,4932,SAC3,SAC3,direct_string,1,SAC3
SAE3,4932.YHR079C-A,4932,SAE3,SAE3,direct_string,1,SAE3
SAM35,4932.YHR083W,4932,SAM35,SAM35,direct_string,1,SAM35
SAM37,4932.YMR060C,4932,SAM37,SAM37,direct_string,1,SAM37
SAM50,4932.YNL026W,4932,SAM50,SAM50,direct_string,1,SAM50
SAP155,4932.YFR040W,4932,SAP155,SAP155,direct_string,1,SAP155
SAP185,4932.YJL098W,4932,SAP185,SAP185,direct_string,1,SAP185
SAP190,4932.YKR028W,4932,SAP190,SAP190,direct_string,1,SAP190
SAP30,4932.YMR263W,4932,SAP30,SAP30,direct_string,1,SAP30
SAR1,4932.YPL218W,4932,SAR1,SAR1,direct_string,1,SAR1
SAS2,4932.YMR127C,4932,SAS2,SAS2,direct_string,1,SAS2
SAS3,4932.YBL052C,4932,SAS3,SAS3,direct_string,1,SAS3
SAS4,4932.YDR181C,4932,SAS4,SAS4,direct_string,1,SAS4
SAS5,4932.YOR213C,4932,SAS5,SAS5,direct_string,1,SAS5
SBH1,4932.YER087C-B,4932,SBH1,SBH1,direct_string,1,SBH1
SBH2,4932.YER019C-A,4932,SBH2,SBH2,direct_string,1,SBH2
SCC2,4932.YDR180W,4932,SCC2,SCC2,direct_string,1,SCC2
SCC4,4932.YER147C,4932,SCC4,SCC4,direct_string,1,SCC4
SCL1,4932.YGL011C,4932,SCL1,SCL1,direct_string,1,SCL1
SDC1,4932.YDR469W,4932,SDC1,SDC1,direct_string,1,SDC1
SDH1,4932.YKL148C,4932,SDH1,SDH1,direct_string,1,SDH1
SDH2,4932.YLL041C,4932,SDH2,SDH2,direct_string,1,SDH2
SDH3,4932.YKL141W,4932,SDH3,SDH3,direct_string,1,SDH3
SDH4,4932.YDR178W,4932,SDH4,SDH4,direct_string,1,SDH4
SDS22,4932.YKL193C,4932,SDS22,SDS22,direct_string,1,SDS22
SDS3,4932.YIL084C,4932,SDS3,SDS3,direct_string,1,SDS3
SEC10,4932.YLR166C,4932,SEC10,SEC10,direct_string,1,SEC10
SEC11,4932.YIR022W,4932,SEC11,SEC11,direct_string,1,SEC11
SEC13,4932.YLR208W,4932,SEC13,SEC13,direct_string,1,SEC13
SEC15,4932.YGL233W,4932,SEC15,SEC15,direct_string,1,SEC15
SEC16,4932.YPL085W,4932,SEC16,SEC16,direct_string,1,SEC16
SEC20,4932.YDR498C,4932,SEC20,SEC20,direct_string,1,SEC20
SEC21,4932.YNL287W,4932,SEC21,SEC21,direct_string,1,SEC21
SEC23,4932.YPR181C,4932,SEC23,SEC23,direct_string,1,SEC23
SEC24,4932.YIL109C,4932,SEC24,SEC24,direct_string,1,SEC24
SEC26,4932.YDR238C,4932,SEC26,SEC26,direct_string,1,SEC26
SEC27,4932.YGL137W,4932,SEC27,SEC27,direct_string,1,SEC27
SEC28,4932.YIL076W,4932,SEC28,SEC28,direct_string,1,SEC28
SEC3,4932.YER008C,4932,SEC3,SEC3,direct_string,1,SEC3
SEC31,4932.YDL195W,4932,SEC31,SEC31,direct_string,1,SEC31
SEC39,4932.YLR440C,4932,SEC39,SEC39,direct_string,1,SEC39
SEC4,4932.YFL005W,4932,SEC4,SEC4,direct_string,1,SEC4
SEC5,4932.YDR166C,4932,SEC5,SEC5,direct_string,1,SEC5
SEC6,4932.YIL068C,4932,SEC6,SEC6,direct_string,1,SEC6
SEC61,4932.YLR378C,4932,SEC61,SEC61,direct_string,1,SEC61
SEC62,4932.YPL094C,4932,SEC62,SEC62,direct_string,1,SEC62
SEC63,4932.YOR254C,4932,SEC63,SEC63,direct_string,1,SEC63
SEC65,4932.YML105C,4932,SEC65,SEC65,direct_string,1,SEC65
SEC66,4932.YBR171W,4932,SEC66,SEC66,direct_string,1,SEC66
SEC72,4932.YLR292C,4932,SEC72,SEC72,direct_string,1,SEC72
SEC8,4932.YPR055W,4932,SEC8,SEC8,direct_string,1,SEC8
SEC9,4932.YGR009C,4932,SEC9,SEC9,direct_string,1,SEC9
SEH1,4932.YGL100W,4932,SEH1,SEH1,direct_string,1,SEH1
SEM1,4932.YDR363W-A,4932,SEM1,SEM1,direct_string,1,SEM1
SEN15,4932.YMR059W,4932,SEN15,SEN15,direct_string,1,SEN15
SEN2,4932.YLR105C,4932,SEN2,SEN2,direct_string,1,SEN2
SEN34,4932.YAR008W,4932,SEN34,SEN34,direct_string,1,SEN34
SEN54,4932.YPL083C,4932,SEN54,SEN54,direct_string,1,SEN54
SET1,4932.YHR119W,4932,SET1,SET1,direct_string,1,SET1
SET3,4932.YKR029C,4932,SET3,SET3,direct_string,1,SET3
SFB3,4932.YHR098C,4932,SFB3,SFB3,direct_string,1,SFB3
SFH1,4932.YLR321C,4932,SFH1,SFH1,direct_string,1,SFH1
SGF11,4932.YPL047W,4932,SGF11,SGF11,direct_string,1,SGF11
SGF29,4932.YCL010C,4932,SGF29,SGF29,direct_string,1,SGF29
SGF73,4932.YGL066W,4932,SGF73,SGF73,direct_string,1,SGF73
SGS1,4932.YMR190C,4932,SGS1,SGS1,direct_string,1,SGS1
SGT1,4932.YOR057W,4932,SGT1,SGT1,direct_string,1,SGT1
SGV1,4932.YPR161C,4932,SGV1,SGV1,direct_string,1,SGV1
SHG1,4932.YBR258C,4932,SHG1,SHG1,direct_string,1,SHG1
SHQ1,4932.YIL104C,4932,SHQ1,SHQ1,direct_string,1,SHQ1
SHR5,4932.YOL110W,4932,SHR5,SHR5,direct_string,1,SHR5
SIF2,4932.YBR103W,4932,SIF2,SIF2,direct_string,1,SIF2
SIN3,4932.YOL004W,4932,SIN3,SIN3,direct_string,1,SIN3
SIN4,4932.YNL236W,4932,SIN4,SIN4,direct_string,1,SIN4
SIP1,4932.YDR422C,4932,SIP1,SIP1,direct_string,1,SIP1
SIP2,4932.YGL208W,4932,SIP2,SIP2,direct_string,1,SIP2
SIR2,4932.YDL042C,4932,SIR2,SIR2,direct_string,1,SIR2
SIR3,4932.YLR442C,4932,SIR3,SIR3,direct_string,1,SIR3
SIR4,4932.YDR227W,4932,SIR4,SIR4,direct_string,1,SIR4
SIT4,4932.YDL047W,4932,SIT4,SIT4,direct_string,1,SIT4
SIW14,4932.YNL032W,4932,SIW14,SIW14,direct_string,1,SIW14
SKI2,4932.YLR398C,4932,SKI2,SKI2,direct_string,1,SKI2
SKI3,4932.YPR189W,4932,SKI3,SKI3,direct_string,1,SKI3
SKI6,4932.YGR195W,4932,SKI6,SKI6,direct_string,1,SKI6
SKI8,4932.YGL213C,4932,SKI8,SKI8,direct_string,1,SKI8
SKO1,4932.YNL167C,4932,SKO1,SKO1,direct_string,1,SKO1
SKP1,4932.YDR328C,4932,SKP1,SKP1,direct_string,1,SKP1
SLA1,4932.YBL007C,4932,SLA1,SLA1,direct_string,1,SLA1
SLD2,4932.YKL108W,4932,SLD2,SLD2,direct_string,1,SLD2
SLD5,4932.YDR489W,4932,SLD5,SLD5,direct_string,1,SLD5
SLI15,4932.YBR156C,4932,SLI15,SLI15,direct_string,1,SLI15
SLM1,4932.YIL105C,4932,SLM1,SLM1,direct_string,1,SLM1
SLM2,4932.YNL047C,4932,SLM2,SLM2,direct_string,1,SLM2
SLM4,4932.YBR077C,4932,SLM4,SLM4,direct_string,1,SLM4
SLX1,4932.YBR228W,4932,SLX1,SLX1,direct_string,1,SLX1
SLX4,4932.YLR135W,4932,SLX4,SLX4,direct_string,1,SLX4
SLX5,4932.YDL013W,4932,SLX5,SLX5,direct_string,1,SLX5
SLX8,4932.YER116C,4932,SLX8,SLX8,direct_string,1,SLX8
SMB1,4932.YER029C,4932,SMB1,SMB1,direct_string,1,SMB1
SMC1,4932.YFL008W,4932,SMC1,SMC1,direct_string,1,SMC1
SMC2,4932.YFR031C,4932,SMC2,SMC2,direct_string,1,SMC2
SMC3,4932.YJL074C,4932,SMC3,SMC3,direct_string,1,SMC3
SMC4,4932.YLR086W,4932,SMC4,SMC4,direct_string,1,SMC4
SMC5,4932.YOL034W,4932,SMC5,SMC5,direct_string,1,SMC5
SMC6,4932.YLR383W,4932,SMC6,SMC6,direct_string,1,SMC6
SMD1,4932.YGR074W,4932,SMD1,SMD1,direct_string,1,SMD1
SMD2,4932.YLR275W,4932,SMD2,SMD2,direct_string,1,SMD2
SMD3,4932.YLR147C,4932,SMD3,SMD3,direct_string,1,SMD3
SME1,4932.YOR159C,4932,SME1,SME1,direct_string,1,SME1
SMK1,4932.YPR054W,4932,SMK1,SMK1,direct_string,1,SMK1
SMX2,4932.YFL017W-A,4932,SMX2,SMX2,direct_string,1,SMX2
SMX3,4932.YPR182W,4932,SMX3,SMX3,direct_string,1,SMX3
SNC1,4932.YAL030W,4932,SNC1,SNC1,direct_string,1,SNC1
SNF1,4932.YDR477W,4932,SNF1,SNF1,direct_string,1,SNF1
SNF11,4932.YDR073W,4932,SNF11,SNF11,direct_string,1,SNF11
SNF12,4932.YNR023W,4932,SNF12,SNF12,direct_string,1,SNF12
SNF2,4932.YOR290C,4932,SNF2,SNF2,direct_string,1,SNF2
SNF4,4932.YGL115W,4932,SNF4,SNF4,direct_string,1,SNF4
SNF5,4932.YBR289W,4932,SNF5,SNF5,direct_string,1,SNF5
SNF6,4932.YHL025W,4932,SNF6,SNF6,direct_string,1,SNF6
SNF7,4932.YLR025W,4932,SNF7,SNF7,direct_string,1,SNF7
SNF8,4932.YPL002C,4932,SNF8,SNF8,direct_string,1,SNF8
SNM1,4932.YDR478W,4932,SNM1,SNM1,direct_string,1,SNM1
SNO1,4932.YMR095C,4932,SNO1,SNO1,direct_string,1,SNO1
SNP1,4932.YIL061C,4932,SNP1,SNP1,direct_string,1,SNP1
SNT1,4932.YCR033W,4932,SNT1,SNT1,direct_string,1,SNT1
SNT309,4932.YPR101W,4932,SNT309,SNT309,direct_string,1,SNT309
SNU114,4932.YKL173W,4932,SNU114,SNU114,direct_string,1,SNU114
SNU13,4932.YEL026W,4932,SNU13,SNU13,direct_string,1,SNU13
SNU23,4932.YDL098C,4932,SNU23,SNU23,direct_string,1,SNU23
SNU56,4932.YDR240C,4932,SNU56,SNU56,direct_string,1,SNU56
SNU66,4932.YOR308C,4932,SNU66,SNU66,direct_string,1,SNU66
SNU71,4932.YGR013W,4932,SNU71,SNU71,direct_string,1,SNU71
SNX4,4932.YJL036W,4932,SNX4,SNX4,direct_string,1,SNX4
SNX41,4932.YDR425W,4932,SNX41,SNX41,direct_string,1,SNX41
SNZ1,4932.YMR096W,4932,SNZ1,SNZ1,direct_string,1,SNZ1
SOD1,4932.YJR104C,4932,SOD1,SOD1,direct_string,1,SOD1
SOG2,4932.YOR353C,4932,SOG2,SOG2,direct_string,1,SOG2
SOH1,4932.YGL127C,4932,SOH1,SOH1,direct_string,1,SOH1
SOM1,4932.YEL059C-A,4932,SOM1,SOM1,direct_string,1,SOM1
SPA2,4932.YLL021W,4932,SPA2,SPA2,direct_string,1,SPA2
SPC1,4932.YJR010C-A,4932,SPC1,SPC1,direct_string,1,SPC1
SPC110,4932.YDR356W,4932,SPC110,SPC110,direct_string,1,SPC110
SPC19,4932.YDR201W,4932,SPC19,SPC19,direct_string,1,SPC19
SPC2,4932.YML055W,4932,SPC2,SPC2,direct_string,1,SPC2
SPC24,4932.YMR117C,4932,SPC24,SPC24,direct_string,1,SPC24
SPC25,4932.YER018C,4932,SPC25,SPC25,direct_string,1,SPC25
SPC29,4932.YPL124W,4932,SPC29,SPC29,direct_string,1,SPC29
SPC3,4932.YLR066W,4932,SPC3,SPC3,direct_string,1,SPC3
SPC34,4932.YKR037C,4932,SPC34,SPC34,direct_string,1,SPC34
SPC42,4932.YKL042W,4932,SPC42,SPC42,direct_string,1,SPC42
SPC72,4932.YAL047C,4932,SPC72,SPC72,direct_string,1,SPC72
SPC97,4932.YHR172W,4932,SPC97,SPC97,direct_string,1,SPC97
SPC98,4932.YNL126W,4932,SPC98,SPC98,direct_string,1,SPC98
SPO11,4932.YHL022C,4932,SPO11,SPO11,direct_string,1,SPO11
SPO7,4932.YAL009W,4932,SPO7,SPO7,direct_string,1,SPO7
SPP1,4932.YPL138C,4932,SPP1,SPP1,direct_string,1,SPP1
SPP381,4932.YBR152W,4932,SPP381,SPP381,direct_string,1,SPP381
SPP382,4932.YLR424W,4932,SPP382,SPP382,direct_string,1,SPP382
SPT14,4932.YPL175W,4932,SPT14,SPT14,direct_string,1,SPT14
SPT15,4932.YER148W,4932,SPT15,SPT15,direct_string,1,SPT15
SPT16,4932.YGL207W,4932,SPT16,SPT16,direct_string,1,SPT16
SPT20,4932.YOL148C,4932,SPT20,SPT20,direct_string,1,SPT20
SPT3,4932.YDR392W,4932,SPT3,SPT3,direct_string,1,SPT3
SPT4,4932.YGR063C,4932,SPT4,SPT4,direct_string,1,SPT4
SPT5,4932.YML010W,4932,SPT5,SPT5,direct_string,1,SPT5
SPT7,4932.YBR081C,4932,SPT7,SPT7,direct_string,1,SPT7
SPT8,4932.YLR055C,4932,SPT8,SPT8,direct_string,1,SPT8
SRB2,4932.YHR041C,4932,SRB2,SRB2,direct_string,1,SRB2
SRB4,4932.YER022W,4932,SRB4,SRB4,direct_string,1,SRB4
SRB5,4932.YGR104C,4932,SRB5,SRB5,direct_string,1,SRB5
SRB6,4932.YBR253W,4932,SRB6,SRB6,direct_string,1,SRB6
SRB7,4932.YDR308C,4932,SRB7,SRB7,direct_string,1,SRB7
SRB8,4932.YCR081W,4932,SRB8,SRB8,direct_string,1,SRB8
SRN2,4932.YLR119W,4932,SRN2,SRN2,direct_string,1,SRN2
SRO7,4932.YPR032W,4932,SRO7,SRO7,direct_string,1,SRO7
SRO9,4932.YCL037C,4932,SRO9,SRO9,direct_string,1,SRO9
SRP101,4932.YDR292C,4932,SRP101,SRP101,direct_string,1,SRP101
SRP102,4932.YKL154W,4932,SRP102,SRP102,direct_string,1,SRP102
SRP14,4932.YDL092W,4932,SRP14,SRP14,direct_string,1,SRP14
SRP21,4932.YKL122C,4932,SRP21,SRP21,direct_string,1,SRP21
SRP54,4932.YPR088C,4932,SRP54,SRP54,direct_string,1,SRP54
SRP68,4932.YPL243W,4932,SRP68,SRP68,direct_string,1,SRP68
SRP72,4932.YPL210C,4932,SRP72,SRP72,direct_string,1,SRP72
SRV2,4932.YNL138W,4932,SRV2,SRV2,direct_string,1,SRV2
SSA3,4932.YBL075C,4932,SSA3,SSA3,direct_string,1,SSA3
SSC1,4932.YJR045C,4932,SSC1,SSC1,direct_string,1,SSC1
SSH1,4932.YBR283C,4932,SSH1,SSH1,direct_string,1,SSH1
SSL1,4932.YLR005W,4932,SSL1,SSL1,direct_string,1,SSL1
SSL2,4932.YIL143C,4932,SSL2,SSL2,direct_string,1,SSL2
SSN2,4932.YDR443C,4932,SSN2,SSN2,direct_string,1,SSN2
SSN3,4932.YPL042C,4932,SSN3,SSN3,direct_string,1,SSN3
SSN8,4932.YNL025C,4932,SSN8,SSN8,direct_string,1,SSN8
SSO1,4932.YPL232W,4932,SSO1,SSO1,direct_string,1,SSO1
SSS1,4932.YDR086C,4932,SSS1,SSS1,direct_string,1,SSS1
SSU72,4932.YNL222W,4932,SSU72,SSU72,direct_string,1,SSU72
SSZ1,4932.YHR064C,4932,SSZ1,SSZ1,direct_string,1,SSZ1
STE11,4932.YLR362W,4932,STE11,STE11,direct_string,1,STE11
STE12,4932.YHR084W,4932,STE12,STE12,direct_string,1,STE12
STE18,4932.YJR086W,4932,STE18,STE18,direct_string,1,STE18
STE20,4932.YHL007C,4932,STE20,STE20,direct_string,1,STE20
STE4,4932.YOR212W,4932,STE4,STE4,direct_string,1,STE4
STE5,4932.YDR103W,4932,STE5,STE5,direct_string,1,STE5
STE7,4932.YDL159W,4932,STE7,STE7,direct_string,1,STE7
STF1,4932.YDL130W-A,4932,STF1,STF1,direct_string,1,STF1
STF2,4932.YGR008C,4932,STF2,STF2,direct_string,1,STF2
STH1,4932.YIL126W,4932,STH1,STH1,direct_string,1,STH1
STO1,4932.YMR125W,4932,STO1,STO1,direct_string,1,STO1
STP22,4932.YCL008C,4932,STP22,STP22,direct_string,1,STP22
STT3,4932.YGL022W,4932,STT3,STT3,direct_string,1,STT3
STV1,4932.YMR054W,4932,STV1,STV1,direct_string,1,STV1
SUB2,4932.YDL084W,4932,SUB2,SUB2,direct_string,1,SUB2
SUI1,4932.YNL244C,4932,SUI1,SUI1,direct_string,1,SUI1
SUI2,4932.YJR007W,4932,SUI2,SUI2,direct_string,1,SUI2
SUI3,4932.YPL237W,4932,SUI3,SUI3,direct_string,1,SUI3
SUM1,4932.YDR310C,4932,SUM1,SUM1,direct_string,1,SUM1
SUP35,4932.YDR172W,4932,SUP35,SUP35,direct_string,1,SUP35
SUP45,4932.YBR143C,4932,SUP45,SUP45,direct_string,1,SUP45
SUR1,4932.YPL057C,4932,SUR1,SUR1,direct_string,1,SUR1
SUS1,4932.YBR111W-A,4932,SUS1,SUS1,direct_string,1,SUS1
SUV3,4932.YPL029W,4932,SUV3,SUV3,direct_string,1,SUV3
SWC3,4932.YAL011W,4932,SWC3,SWC3,direct_string,1,SWC3
SWC4,4932.YGR002C,4932,SWC4,SWC4,direct_string,1,SWC4
SWC5,4932.YBR231C,4932,SWC5,SWC5,direct_string,1,SWC5
SWC7,4932.YLR385C,4932,SWC7,SWC7,direct_string,1,SWC7
SWD1,4932.YAR003W,4932,SWD1,SWD1,direct_string,1,SWD1
SWD2,4932.YKL018W,4932,SWD2,SWD2,direct_string,1,SWD2
SWD3,4932.YBR175W,4932,SWD3,SWD3,direct_string,1,SWD3
SWH1,4932.YAR042W,4932,SWH1,SWH1,direct_string,1,SWH1
SWI1,4932.YPL016W,4932,SWI1,SWI1,direct_string,1,SWI1
SWI3,4932.YJL176C,4932,SWI3,SWI3,direct_string,1,SWI3
SWI4,4932.YER111C,4932,SWI4,SWI4,direct_string,1,SWI4
SWI6,4932.YLR182W,4932,SWI6,SWI6,direct_string,1,SWI6
SWM1,4932.YDR260C,4932,SWM1,SWM1,direct_string,1,SWM1
SWP1,4932.YMR149W,4932,SWP1,SWP1,direct_string,1,SWP1
SWP82,4932.YFL049W,4932,SWP82,SWP82,direct_string,1,SWP82
SWR1,4932.YDR334W,4932,SWR1,SWR1,direct_string,1,SWR1
SWS2,4932.YNL081C,4932,SWS2,SWS2,direct_string,1,SWS2
SYC1,4932.YOR179C,4932,SYC1,SYC1,direct_string,1,SYC1
SYF1,4932.YDR416W,4932,SYF1,SYF1,direct_string,1,SYF1
SYF2,4932.YGR129W,4932,SYF2,SYF2,direct_string,1,SYF2
TAF1,4932.YGR274C,4932,TAF1,TAF1,direct_string,1,TAF1
TAF10,4932.YDR167W,4932,TAF10,TAF10,direct_string,1,TAF10
TAF11,4932.YML015C,4932,TAF11,TAF11,direct_string,1,TAF11
TAF12,4932.YDR145W,4932,TAF12,TAF12,direct_string,1,TAF12
TAF13,4932.YML098W,4932,TAF13,TAF13,direct_string,1,TAF13
TAF14,4932.YPL129W,4932,TAF14,TAF14,direct_string,1,TAF14
TAF2,4932.YCR042C,4932,TAF2,TAF2,direct_string,1,TAF2
TAF3,4932.YPL011C,4932,TAF3,TAF3,direct_string,1,TAF3
TAF4,4932.YMR005W,4932,TAF4,TAF4,direct_string,1,TAF4
TAF5,4932.YBR198C,4932,TAF5,TAF5,direct_string,1,TAF5
TAF6,4932.YGL112C,4932,TAF6,TAF6,direct_string,1,TAF6
TAF7,4932.YMR227C,4932,TAF7,TAF7,direct_string,1,TAF7
TAF8,4932.YML114C,4932,TAF8,TAF8,direct_string,1,TAF8
TAF9,4932.YMR236W,4932,TAF9,TAF9,direct_string,1,TAF9
TAP42,4932.YMR028W,4932,TAP42,TAP42,direct_string,1,TAP42
TCO89,4932.YPL180W,4932,TCO89,TCO89,direct_string,1,TCO89
TCP1,4932.YDR212W,4932,TCP1,TCP1,direct_string,1,TCP1
TEF1,4932.YPR080W,4932,TEF1,TEF1,direct_string,1,TEF1
TEF2,4932.YBR118W,4932,TEF2,TEF2,direct_string,1,TEF2
TEF4,4932.YKL081W,4932,TEF4,TEF4,direct_string,1,TEF4
TEX1,4932.YNL253W,4932,TEX1,TEX1,direct_string,1,TEX1
TFA1,4932.YKL028W,4932,TFA1,TFA1,direct_string,1,TFA1
TFA2,4932.YKR062W,4932,TFA2,TFA2,direct_string,1,TFA2
TFB1,4932.YDR311W,4932,TFB1,TFB1,direct_string,1,TFB1
TFB2,4932.YPL122C,4932,TFB2,TFB2,direct_string,1,TFB2
TFB3,4932.YDR460W,4932,TFB3,TFB3,direct_string,1,TFB3
TFB4,4932.YPR056W,4932,TFB4,TFB4,direct_string,1,TFB4
TFB5,4932.YDR079C-A,4932,TFB5,TFB5,direct_string,1,TFB5
TFC1,4932.YBR123C,4932,TFC1,TFC1,direct_string,1,TFC1
TFC3,4932.YAL001C,4932,TFC3,TFC3,direct_string,1,TFC3
TFC4,4932.YGR047C,4932,TFC4,TFC4,direct_string,1,TFC4
TFC6,4932.YDR362C,4932,TFC6,TFC6,direct_string,1,TFC6
TFC7,4932.YOR110W,4932,TFC7,TFC7,direct_string,1,TFC7
TFC8,4932.YPL007C,4932,TFC8,TFC8,direct_string,1,TFC8
TFG1,4932.YGR186W,4932,TFG1,TFG1,direct_string,1,TFG1
TFG2,4932.YGR005C,4932,TFG2,TFG2,direct_string,1,TFG2
RLR1,4932.YNL139C,4932,THO2,RLR1,direct_string,1,THO2
THP1,4932.YOL072W,4932,THP1,THP1,direct_string,1,THP1
THP2,4932.YHR167W,4932,THP2,THP2,direct_string,1,THP2
TIF1,4932.YKR059W,4932,TIF1,TIF1,direct_string,1,TIF1
TIF11,4932.YMR260C,4932,TIF11,TIF11,direct_string,1,TIF11
TIF34,4932.YMR146C,4932,TIF34,TIF34,direct_string,1,TIF34
TIF35,4932.YDR429C,4932,TIF35,TIF35,direct_string,1,TIF35
TIF4631,4932.YGR162W,4932,TIF4631,TIF4631,direct_string,1,TIF4631
TIF5,4932.YPR041W,4932,TIF5,TIF5,direct_string,1,TIF5
MRS11,4932.YHR005C-A,4932,TIM10,MRS11,direct_string,1,TIM10
TIM11,4932.YDR322C-A,4932,TIM11,TIM11,direct_string,1,TIM11
MRS5,4932.YBR091C,4932,TIM12,MRS5,direct_string,1,TIM12
TIM13,4932.YGR181W,4932,TIM13,TIM13,direct_string,1,TIM13
TIM17,4932.YJL143W,4932,TIM17,TIM17,direct_string,1,TIM17
TIM18,4932.YOR297C,4932,TIM18,TIM18,direct_string,1,TIM18
TIM21,4932.YGR033C,4932,TIM21,TIM21,direct_string,1,TIM21
TIM22,4932.YDL217C,4932,TIM22,TIM22,direct_string,1,TIM22
TIM23,4932.YNR017W,4932,TIM23,TIM23,direct_string,1,TIM23
TIM44,4932.YIL022W,4932,TIM44,TIM44,direct_string,1,TIM44
TIM50,4932.YPL063W,4932,TIM50,TIM50,direct_string,1,TIM50
TIM54,4932.YJL054W,4932,TIM54,TIM54,direct_string,1,TIM54
TIM8,4932.YJR135W-A,4932,TIM8,TIM8,direct_string,1,TIM8
TIM9,4932.YEL020W-A,4932,TIM9,TIM9,direct_string,1,TIM9
TIP20,4932.YGL145W,4932,TIP20,TIP20,direct_string,1,TIP20
TOA1,4932.YOR194C,4932,TOA1,TOA1,direct_string,1,TOA1
TOA2,4932.YKL058W,4932,TOA2,TOA2,direct_string,1,TOA2
TOF1,4932.YNL273W,4932,TOF1,TOF1,direct_string,1,TOF1
TOM20,4932.YGR082W,4932,TOM20,TOM20,direct_string,1,TOM20
TOM22,4932.YNL131W,4932,TOM22,TOM22,direct_string,1,TOM22
TOM40,4932.YMR203W,4932,TOM40,TOM40,direct_string,1,TOM40
TOM5,4932.YPR133W-A,4932,TOM5,TOM5,direct_string,1,TOM5
TOM6,4932.YOR045W,4932,TOM6,TOM6,direct_string,1,TOM6
TOM7,4932.YNL070W,4932,TOM7,TOM7,direct_string,1,TOM7
TOM70,4932.YNL121C,4932,TOM70,TOM70,direct_string,1,TOM70
TOP3,4932.YLR234W,4932,TOP3,TOP3,direct_string,1,TOP3
TOR1,4932.YJR066W,4932,TOR1,TOR1,direct_string,1,TOR1
TOR2,4932.YKL203C,4932,TOR2,TOR2,direct_string,1,TOR2
TPD3,4932.YAL016W,4932,TPD3,TPD3,direct_string,1,TPD3
TPK1,4932.YJL164C,4932,TPK1,TPK1,direct_string,1,TPK1
TPK2,4932.YPL203W,4932,TPK2,TPK2,direct_string,1,TPK2
TPK3,4932.YKL166C,4932,TPK3,TPK3,direct_string,1,TPK3
TPS1,4932.YBR126C,4932,TPS1,TPS1,direct_string,1,TPS1
TPS2,4932.YDR074W,4932,TPS2,TPS2,direct_string,1,TPS2
TPS3,4932.YMR261C,4932,TPS3,TPS3,direct_string,1,TPS3
TRA1,4932.YHR099W,4932,TRA1,TRA1,direct_string,1,TRA1
TRM11,4932.YOL124C,4932,TRM11,TRM11,direct_string,1,TRM11
TRM112,4932.YNR046W,4932,TRM112,TRM112,direct_string,1,TRM112
TRM8,4932.YDL201W,4932,TRM8,TRM8,direct_string,1,TRM8
TRM82,4932.YDR165W,4932,TRM82,TRM82,direct_string,1,TRM82
TRP2,4932.YER090W,4932,TRP2,TRP2,direct_string,1,TRP2
TRP3,4932.YKL211C,4932,TRP3,TRP3,direct_string,1,TRP3
TRS120,4932.YDR407C,4932,TRS120,TRS120,direct_string,1,TRS120
TRS130,4932.YMR218C,4932,TRS130,TRS130,direct_string,1,TRS130
TRS20,4932.YBR254C,4932,TRS20,TRS20,direct_string,1,TRS20
TRS23,4932.YDR246W,4932,TRS23,TRS23,direct_string,1,TRS23
TRS31,4932.YDR472W,4932,TRS31,TRS31,direct_string,1,TRS31
TRS33,4932.YOR115C,4932,TRS33,TRS33,direct_string,1,TRS33
KRE11,4932.YGR166W,4932,TRS65,KRE11,direct_string,1,TRS65
GSG1,4932.YDR108W,4932,TRS85,GSG1,direct_string,1,TRS85
TRX1,4932.YLR043C,4932,TRX1,TRX1,direct_string,1,TRX1
TSC11,4932.YER093C,4932,TSC11,TSC11,direct_string,1,TSC11
TSL1,4932.YML100W,4932,TSL1,TSL1,direct_string,1,TSL1
TUB1,4932.YML085C,4932,TUB1,TUB1,direct_string,1,TUB1
TUB2,4932.YFL037W,4932,TUB2,TUB2,direct_string,1,TUB2
TUB4,4932.YLR212C,4932,TUB4,TUB4,direct_string,1,TUB4
TUP1,4932.YCR084C,4932,TUP1,TUP1,direct_string,1,TUP1
UAF30,4932.YOR295W,4932,UAF30,UAF30,direct_string,1,UAF30
UBA2,4932.YDR390C,4932,UBA2,UBA2,direct_string,1,UBA2
UBA3,4932.YPR066W,4932,UBA3,UBA3,direct_string,1,UBA3
UBC13,4932.YDR092W,4932,UBC13,UBC13,direct_string,1,UBC13
UBP3,4932.YER151C,4932,UBP3,UBP3,direct_string,1,UBP3
UBP6,4932.YFR010W,4932,UBP6,UBP6,direct_string,1,UBP6
UBP8,4932.YMR223W,4932,UBP8,UBP8,direct_string,1,UBP8
UFD1,4932.YGR048W,4932,UFD1,UFD1,direct_string,1,UFD1
UFE1,4932.YOR075W,4932,UFE1,UFE1,direct_string,1,UFE1
UGO1,4932.YDR470C,4932,UGO1,UGO1,direct_string,1,UGO1
ULA1,4932.YPL003W,4932,ULA1,ULA1,direct_string,1,ULA1
UME1,4932.YPL139C,4932,UME1,UME1,direct_string,1,UME1
UME6,4932.YDR207C,4932,UME6,UME6,direct_string,1,UME6
UPF3,4932.YGR072W,4932,UPF3,UPF3,direct_string,1,UPF3
URB1,4932.YKL014C,4932,URB1,URB1,direct_string,1,URB1
URB2,4932.YJR041C,4932,URB2,URB2,direct_string,1,URB2
USA1,4932.YML029W,4932,USA1,USA1,direct_string,1,USA1
USE1,4932.YGL098W,4932,USE1,USE1,direct_string,1,USE1
UTP10,4932.YJL109C,4932,UTP10,UTP10,direct_string,1,UTP10
UTP13,4932.YLR222C,4932,UTP13,UTP13,direct_string,1,UTP13
UTP15,4932.YMR093W,4932,UTP15,UTP15,direct_string,1,UTP15
UTP18,4932.YJL069C,4932,UTP18,UTP18,direct_string,1,UTP18
UTP21,4932.YLR409C,4932,UTP21,UTP21,direct_string,1,UTP21
UTP22,4932.YGR090W,4932,UTP22,UTP22,direct_string,1,UTP22
UTP4,4932.YDR324C,4932,UTP4,UTP4,direct_string,1,UTP4
UTP6,4932.YDR449C,4932,UTP6,UTP6,direct_string,1,UTP6
UTP8,4932.YGR128C,4932,UTP8,UTP8,direct_string,1,UTP8
UTP9,4932.YHR196W,4932,UTP9,UTP9,direct_string,1,UTP9
VAC14,4932.YLR386W,4932,VAC14,VAC14,direct_string,1,VAC14
VAM3,4932.YOR106W,4932,VAM3,VAM3,direct_string,1,VAM3
VAM6,4932.YDL077C,4932,VAM6,VAM6,direct_string,1,VAM6
VAM7,4932.YGL212W,4932,VAM7,VAM7,direct_string,1,VAM7
VAN1,4932.YML115C,4932,VAN1,VAN1,direct_string,1,VAN1
VAR1,4932.Q0140,4932,VAR1,VAR1,direct_string,1,VAR1
VID24,4932.YBR105C,4932,VID24,VID24,direct_string,1,VID24
VID28,4932.YIL017C,4932,VID28,VID28,direct_string,1,VID28
VID30,4932.YGL227W,4932,VID30,VID30,direct_string,1,VID30
TFP1,4932.YDL185W,4932,VMA1,TFP1,direct_string,1,VMA1
VMA10,4932.YHR039C-A,4932,VMA10,VMA10,direct_string,1,VMA10
TFP3,4932.YPL234C,4932,VMA11,TFP3,direct_string,1,VMA11
VMA13,4932.YPR036W,4932,VMA13,VMA13,direct_string,1,VMA13
VMA2,4932.YBR127C,4932,VMA2,VMA2,direct_string,1,VMA2
VMA22,4932.YHR060W,4932,VMA22,VMA22,direct_string,1,VMA22
CUP5,4932.YEL027W,4932,VMA3,CUP5,direct_string,1,VMA3
VMA4,4932.YOR332W,4932,VMA4,VMA4,direct_string,1,VMA4
VMA5,4932.YKL080W,4932,VMA5,VMA5,direct_string,1,VMA5
VMA6,4932.YLR447C,4932,VMA6,VMA6,direct_string,1,VMA6
VMA7,4932.YGR020C,4932,VMA7,VMA7,direct_string,1,VMA7
VMA8,4932.YEL051W,4932,VMA8,VMA8,direct_string,1,VMA8
VPH1,4932.YOR270C,4932,VPH1,VPH1,direct_string,1,VPH1
VPH2,4932.YKL119C,4932,VPH2,VPH2,direct_string,1,VPH2
VPS15,4932.YBR097W,4932,VPS15,VPS15,direct_string,1,VPS15
VPS16,4932.YPL045W,4932,VPS16,VPS16,direct_string,1,VPS16
VPS17,4932.YOR132W,4932,VPS17,VPS17,direct_string,1,VPS17
VPS20,4932.YMR077C,4932,VPS20,VPS20,direct_string,1,VPS20
VPS24,4932.YKL041W,4932,VPS24,VPS24,direct_string,1,VPS24
VPS25,4932.YJR102C,4932,VPS25,VPS25,direct_string,1,VPS25
VPS27,4932.YNR006W,4932,VPS27,VPS27,direct_string,1,VPS27
VPS28,4932.YPL065W,4932,VPS28,VPS28,direct_string,1,VPS28
VPS29,4932.YHR012W,4932,VPS29,VPS29,direct_string,1,VPS29
VPS3,4932.YDR495C,4932,VPS3,VPS3,direct_string,1,VPS3
VPS30,4932.YPL120W,4932,VPS30,VPS30,direct_string,1,VPS30
VPS33,4932.YLR396C,4932,VPS33,VPS33,direct_string,1,VPS33
VPS34,4932.YLR240W,4932,VPS34,VPS34,direct_string,1,VPS34
VPS35,4932.YJL154C,4932,VPS35,VPS35,direct_string,1,VPS35
VPS36,4932.YLR417W,4932,VPS36,VPS36,direct_string,1,VPS36
VPS38,4932.YLR360W,4932,VPS38,VPS38,direct_string,1,VPS38
VPS41,4932.YDR080W,4932,VPS41,VPS41,direct_string,1,VPS41
VPS5,4932.YOR069W,4932,VPS5,VPS5,direct_string,1,VPS5
VPS51,4932.YKR020W,4932,VPS51,VPS51,direct_string,1,VPS51
VPS52,4932.YDR484W,4932,VPS52,VPS52,direct_string,1,VPS52
VPS53,4932.YJL029C,4932,VPS53,VPS53,direct_string,1,VPS53
VPS54,4932.YDR027C,4932,VPS54,VPS54,direct_string,1,VPS54
VPS64,4932.YDR200C,4932,VPS64,VPS64,direct_string,1,VPS64
VPS71,4932.YML041C,4932,VPS71,VPS71,direct_string,1,VPS71
VPS72,4932.YDR485C,4932,VPS72,VPS72,direct_string,1,VPS72
VPS75,4932.YNL246W,4932,VPS75,VPS75,direct_string,1,VPS75
VPS8,4932.YAL002W,4932,VPS8,VPS8,direct_string,1,VPS8
VTC1,4932.YER072W,4932,VTC1,VTC1,direct_string,1,VTC1
VTC2,4932.YFL004W,4932,VTC2,VTC2,direct_string,1,VTC2
VTC3,4932.YPL019C,4932,VTC3,VTC3,direct_string,1,VTC3
VTC4,4932.YJL012C,4932,VTC4,VTC4,direct_string,1,VTC4
WBP1,4932.YEL002C,4932,WBP1,WBP1,direct_string,1,WBP1
WHI2,4932.YOR043W,4932,WHI2,WHI2,direct_string,1,WHI2
XRS2,4932.YDR369C,4932,XRS2,XRS2,direct_string,1,XRS2
YAF9,4932.YNL107W,4932,YAF9,YAF9,direct_string,1,YAF9
YCG1,4932.YDR325W,4932,YCG1,YCG1,direct_string,1,YCG1
YCS4,4932.YLR272C,4932,YCS4,YCS4,direct_string,1,YCS4
YDJ1,4932.YNL064C,4932,YDJ1,YDJ1,direct_string,1,YDJ1
YDL176W,4932.YDL176W,4932,YDL176W,YDL176W,direct_string,1,YDL176W
YHC1,4932.YLR298C,4932,YHC1,YHC1,direct_string,1,YHC1
CSN12,4932.YJR084W,4932,YJR084W,CSN12,direct_string,1,YJR084W
YKE2,4932.YLR200W,4932,YKE2,YKE2,direct_string,1,YKE2
YKU70,4932.YMR284W,4932,YKU70,YKU70,direct_string,1,YKU70
YKU80,4932.YMR106C,4932,YKU80,YKU80,direct_string,1,YKU80
YME1,4932.YPR024W,4932,YME1,YME1,direct_string,1,YME1
YML6,4932.YML025C,4932,YML6,YML6,direct_string,1,YML6
YMR31,4932.YFR049W,4932,YMR31,YMR31,direct_string,1,YMR31
YNG1,4932.YOR064C,4932,YNG1,YNG1,direct_string,1,YNG1
YNG2,4932.YHR090C,4932,YNG2,YNG2,direct_string,1,YNG2
YOS9,4932.YDR057W,4932,YOS9,YOS9,direct_string,1,YOS9
YRA1,4932.YDR381W,4932,YRA1,YRA1,direct_string,1,YRA1
YSF3,4932.YNL138W-A,4932,YSF3,YSF3,direct_string,1,YSF3
YSH1,4932.YLR277C,4932,YSH1,YSH1,direct_string,1,YSH1
YTA12,4932.YMR089C,4932,YTA12,YTA12,direct_string,1,YTA12
YTH1,4932.YPR107C,4932,YTH1,YTH1,direct_string,1,YTH1
ZIP1,4932.YDR285W,4932,ZIP1,ZIP1,direct_string,1,ZIP1
ZIP2,4932.YGL249W,4932,ZIP2,ZIP2,direct_string,1,ZIP2
ZUO1,4932.YGR285C,4932,ZUO1,ZUO1,direct_string,1,ZUO1
